phase,analysis,gene1,gene2,dataset,method,status,pdf_path,timestamp
1,heme_consecutive,ALAS1,ALAD,Adipose_Subcutaneous+Adipose_Visceral_Omentum+Adrenal_Gland+Bladder+Cells_EBV-transformed_lymphocytes+Artery_Aorta+Artery_Coronary+Artery_Tibial+Whole_Blood+Cells_Leukemia_cell_line_CML+Brain_Amygdala+Brain_Anterior_cingulate_cortex_BA24+Brain_Caudate_basal_ganglia+Brain_Cerebellar_Hemisphere+Brain_Cerebellum+Brain_Cortex+Brain_Frontal_Cortex_BA9+Brain_Hippocampus+Brain_Hypothalamus+Brain_Nucleus_accumbens_basal_ganglia+Brain_Putamen_basal_ganglia+Brain_Spinal_cord_cervical_c-1+Brain_Substantia_nigra+Breast_Mammary_Tissue+Cervix_Ectocervix+Cervix_Endocervix+Colon_Sigmoid+Colon_Transverse+Esophagus_Gastroesophageal_Junction+Esophagus_Mucosa+Esophagus_Muscularis+Fallopian_Tube+Heart_Atrial_Appendage+Heart_Left_Ventricle+Kidney_Cortex+Liver+Lung+Muscle_Skeletal+Nerve_Tibial+Ovary+Pancreas+Pituitary+Prostate+Minor_Salivary_Gland+Cells_Transformed_fibroblasts+Skin_Not_Sun_Exposed_Suprapubic+Skin_Sun_Exposed_Lower_leg+Small_Intestine_Terminal_Ileum+Spleen+Stomach+Testis+Thyroid+Uterus+Vagina,spearman,failed,GEPIA returned None (server-side error or bad parameters),2026-09-11T12:09:04
1,heme_consecutive,ALAD,HMBS,Adipose_Subcutaneous+Adipose_Visceral_Omentum+Adrenal_Gland+Bladder+Cells_EBV-transformed_lymphocytes+Artery_Aorta+Artery_Coronary+Artery_Tibial+Whole_Blood+Cells_Leukemia_cell_line_CML+Brain_Amygdala+Brain_Anterior_cingulate_cortex_BA24+Brain_Caudate_basal_ganglia+Brain_Cerebellar_Hemisphere+Brain_Cerebellum+Brain_Cortex+Brain_Frontal_Cortex_BA9+Brain_Hippocampus+Brain_Hypothalamus+Brain_Nucleus_accumbens_basal_ganglia+Brain_Putamen_basal_ganglia+Brain_Spinal_cord_cervical_c-1+Brain_Substantia_nigra+Breast_Mammary_Tissue+Cervix_Ectocervix+Cervix_Endocervix+Colon_Sigmoid+Colon_Transverse+Esophagus_Gastroesophageal_Junction+Esophagus_Mucosa+Esophagus_Muscularis+Fallopian_Tube+Heart_Atrial_Appendage+Heart_Left_Ventricle+Kidney_Cortex+Liver+Lung+Muscle_Skeletal+Nerve_Tibial+Ovary+Pancreas+Pituitary+Prostate+Minor_Salivary_Gland+Cells_Transformed_fibroblasts+Skin_Not_Sun_Exposed_Suprapubic+Skin_Sun_Exposed_Lower_leg+Small_Intestine_Terminal_Ileum+Spleen+Stomach+Testis+Thyroid+Uterus+Vagina,spearman,failed,GEPIA returned None (server-side error or bad parameters),2026-09-11T12:09:14
1,heme_consecutive,HMBS,UROS,Adipose_Subcutaneous+Adipose_Visceral_Omentum+Adrenal_Gland+Bladder+Cells_EBV-transformed_lymphocytes+Artery_Aorta+Artery_Coronary+Artery_Tibial+Whole_Blood+Cells_Leukemia_cell_line_CML+Brain_Amygdala+Brain_Anterior_cingulate_cortex_BA24+Brain_Caudate_basal_ganglia+Brain_Cerebellar_Hemisphere+Brain_Cerebellum+Brain_Cortex+Brain_Frontal_Cortex_BA9+Brain_Hippocampus+Brain_Hypothalamus+Brain_Nucleus_accumbens_basal_ganglia+Brain_Putamen_basal_ganglia+Brain_Spinal_cord_cervical_c-1+Brain_Substantia_nigra+Breast_Mammary_Tissue+Cervix_Ectocervix+Cervix_Endocervix+Colon_Sigmoid+Colon_Transverse+Esophagus_Gastroesophageal_Junction+Esophagus_Mucosa+Esophagus_Muscularis+Fallopian_Tube+Heart_Atrial_Appendage+Heart_Left_Ventricle+Kidney_Cortex+Liver+Lung+Muscle_Skeletal+Nerve_Tibial+Ovary+Pancreas+Pituitary+Prostate+Minor_Salivary_Gland+Cells_Transformed_fibroblasts+Skin_Not_Sun_Exposed_Suprapubic+Skin_Sun_Exposed_Lower_leg+Small_Intestine_Terminal_Ileum+Spleen+Stomach+Testis+Thyroid+Uterus+Vagina,spearman,failed,GEPIA returned None (server-side error or bad parameters),2026-09-11T12:09:25
1,heme_consecutive,UROS,UROD,Adipose_Subcutaneous+Adipose_Visceral_Omentum+Adrenal_Gland+Bladder+Cells_EBV-transformed_lymphocytes+Artery_Aorta+Artery_Coronary+Artery_Tibial+Whole_Blood+Cells_Leukemia_cell_line_CML+Brain_Amygdala+Brain_Anterior_cingulate_cortex_BA24+Brain_Caudate_basal_ganglia+Brain_Cerebellar_Hemisphere+Brain_Cerebellum+Brain_Cortex+Brain_Frontal_Cortex_BA9+Brain_Hippocampus+Brain_Hypothalamus+Brain_Nucleus_accumbens_basal_ganglia+Brain_Putamen_basal_ganglia+Brain_Spinal_cord_cervical_c-1+Brain_Substantia_nigra+Breast_Mammary_Tissue+Cervix_Ectocervix+Cervix_Endocervix+Colon_Sigmoid+Colon_Transverse+Esophagus_Gastroesophageal_Junction+Esophagus_Mucosa+Esophagus_Muscularis+Fallopian_Tube+Heart_Atrial_Appendage+Heart_Left_Ventricle+Kidney_Cortex+Liver+Lung+Muscle_Skeletal+Nerve_Tibial+Ovary+Pancreas+Pituitary+Prostate+Minor_Salivary_Gland+Cells_Transformed_fibroblasts+Skin_Not_Sun_Exposed_Suprapubic+Skin_Sun_Exposed_Lower_leg+Small_Intestine_Terminal_Ileum+Spleen+Stomach+Testis+Thyroid+Uterus+Vagina,spearman,failed,GEPIA returned None (server-side error or bad parameters),2026-09-11T12:09:34
1,heme_consecutive,UROD,CPOX,Adipose_Subcutaneous+Adipose_Visceral_Omentum+Adrenal_Gland+Bladder+Cells_EBV-transformed_lymphocytes+Artery_Aorta+Artery_Coronary+Artery_Tibial+Whole_Blood+Cells_Leukemia_cell_line_CML+Brain_Amygdala+Brain_Anterior_cingulate_cortex_BA24+Brain_Caudate_basal_ganglia+Brain_Cerebellar_Hemisphere+Brain_Cerebellum+Brain_Cortex+Brain_Frontal_Cortex_BA9+Brain_Hippocampus+Brain_Hypothalamus+Brain_Nucleus_accumbens_basal_ganglia+Brain_Putamen_basal_ganglia+Brain_Spinal_cord_cervical_c-1+Brain_Substantia_nigra+Breast_Mammary_Tissue+Cervix_Ectocervix+Cervix_Endocervix+Colon_Sigmoid+Colon_Transverse+Esophagus_Gastroesophageal_Junction+Esophagus_Mucosa+Esophagus_Muscularis+Fallopian_Tube+Heart_Atrial_Appendage+Heart_Left_Ventricle+Kidney_Cortex+Liver+Lung+Muscle_Skeletal+Nerve_Tibial+Ovary+Pancreas+Pituitary+Prostate+Minor_Salivary_Gland+Cells_Transformed_fibroblasts+Skin_Not_Sun_Exposed_Suprapubic+Skin_Sun_Exposed_Lower_leg+Small_Intestine_Terminal_Ileum+Spleen+Stomach+Testis+Thyroid+Uterus+Vagina,spearman,failed,GEPIA returned None (server-side error or bad parameters),2026-09-11T12:09:45
1,heme_consecutive,ALAS1,ALAD,Adipose_Subcutaneous,spearman,success,./gepia_pdfs/ph1__heme_consecutive__ALAS1_vs_ALAD__Adipose_Subcutaneous__spearman.pdf,2026-09-11T12:11:54
1,heme_consecutive,ALAD,HMBS,Adipose_Subcutaneous,spearman,success,./gepia_pdfs/ph1__heme_consecutive__ALAD_vs_HMBS__Adipose_Subcutaneous__spearman.pdf,2026-09-11T12:12:05
1,heme_consecutive,HMBS,UROS,Adipose_Subcutaneous,spearman,success,./gepia_pdfs/ph1__heme_consecutive__HMBS_vs_UROS__Adipose_Subcutaneous__spearman.pdf,2026-09-11T12:12:16
1,heme_consecutive,UROS,UROD,Adipose_Subcutaneous,spearman,success,./gepia_pdfs/ph1__heme_consecutive__UROS_vs_UROD__Adipose_Subcutaneous__spearman.pdf,2026-09-11T12:12:27
1,heme_consecutive,ALAS1,ALAD,Adipose_Subcutaneous,spearman,success,./gepia_pdfs/ph1__heme_consecutive__ALAS1_vs_ALAD__Adipose_Subcutaneous__spearman.pdf,2026-09-11T12:12:34
1,heme_consecutive,ALAD,HMBS,Adipose_Subcutaneous,spearman,success,./gepia_pdfs/ph1__heme_consecutive__ALAD_vs_HMBS__Adipose_Subcutaneous__spearman.pdf,2026-09-11T12:12:38
1,heme_consecutive,HMBS,UROS,Adipose_Subcutaneous,spearman,success,./gepia_pdfs/ph1__heme_consecutive__HMBS_vs_UROS__Adipose_Subcutaneous__spearman.pdf,2026-09-11T12:12:43
1,heme_consecutive,UROS,UROD,Adipose_Subcutaneous,spearman,success,./gepia_pdfs/ph1__heme_consecutive__UROS_vs_UROD__Adipose_Subcutaneous__spearman.pdf,2026-09-11T12:12:50
1,heme_consecutive,UROD,CPOX,Adipose_Subcutaneous,spearman,success,./gepia_pdfs/ph1__heme_consecutive__UROD_vs_CPOX__Adipose_Subcutaneous__spearman.pdf,2026-09-11T12:12:56
1,heme_consecutive,CPOX,PPOX,Adipose_Subcutaneous,spearman,success,./gepia_pdfs/ph1__heme_consecutive__CPOX_vs_PPOX__Adipose_Subcutaneous__spearman.pdf,2026-09-11T12:13:02
1,heme_consecutive,PPOX,FECH,Adipose_Subcutaneous,spearman,success,./gepia_pdfs/ph1__heme_consecutive__PPOX_vs_FECH__Adipose_Subcutaneous__spearman.pdf,2026-09-11T12:13:08
1,heme_nonconsecutive,HMBS,FECH,Adipose_Subcutaneous,spearman,success,./gepia_pdfs/ph1__heme_nonconsecutive__HMBS_vs_FECH__Adipose_Subcutaneous__spearman.pdf,2026-09-11T12:13:11
1,heme_nonconsecutive,ALAS1,FECH,Adipose_Subcutaneous,spearman,success,./gepia_pdfs/ph1__heme_nonconsecutive__ALAS1_vs_FECH__Adipose_Subcutaneous__spearman.pdf,2026-09-11T12:13:16
1,heme_nonconsecutive,HMBS,PPOX,Adipose_Subcutaneous,spearman,success,./gepia_pdfs/ph1__heme_nonconsecutive__HMBS_vs_PPOX__Adipose_Subcutaneous__spearman.pdf,2026-09-11T12:13:20
1,chromatin_vs_heme,H2AFZ,ALAS1,Adipose_Subcutaneous,spearman,success,./gepia_pdfs/ph1__chromatin_vs_heme__H2AFZ_vs_ALAS1__Adipose_Subcutaneous__spearman.pdf,2026-09-11T12:13:26
1,chromatin_vs_heme,H2AFZ,ALAD,Adipose_Subcutaneous,spearman,success,./gepia_pdfs/ph1__chromatin_vs_heme__H2AFZ_vs_ALAD__Adipose_Subcutaneous__spearman.pdf,2026-09-11T12:13:29
1,chromatin_vs_heme,H2AFZ,HMBS,Adipose_Subcutaneous,spearman,success,./gepia_pdfs/ph1__chromatin_vs_heme__H2AFZ_vs_HMBS__Adipose_Subcutaneous__spearman.pdf,2026-09-11T12:13:34
1,chromatin_vs_heme,H2AFZ,UROS,Adipose_Subcutaneous,spearman,success,./gepia_pdfs/ph1__chromatin_vs_heme__H2AFZ_vs_UROS__Adipose_Subcutaneous__spearman.pdf,2026-09-11T12:13:38
1,chromatin_vs_heme,H2AFZ,UROD,Adipose_Subcutaneous,spearman,success,./gepia_pdfs/ph1__chromatin_vs_heme__H2AFZ_vs_UROD__Adipose_Subcutaneous__spearman.pdf,2026-09-11T12:13:43
1,chromatin_vs_heme,H2AFZ,CPOX,Adipose_Subcutaneous,spearman,success,./gepia_pdfs/ph1__chromatin_vs_heme__H2AFZ_vs_CPOX__Adipose_Subcutaneous__spearman.pdf,2026-09-11T12:13:48
1,chromatin_vs_heme,H2AFZ,PPOX,Adipose_Subcutaneous,spearman,success,./gepia_pdfs/ph1__chromatin_vs_heme__H2AFZ_vs_PPOX__Adipose_Subcutaneous__spearman.pdf,2026-09-11T12:13:52
1,chromatin_vs_heme,H2AFZ,FECH,Adipose_Subcutaneous,spearman,success,./gepia_pdfs/ph1__chromatin_vs_heme__H2AFZ_vs_FECH__Adipose_Subcutaneous__spearman.pdf,2026-09-11T12:13:56
1,chromatin_vs_heme,ATAD2,ALAS1,Adipose_Subcutaneous,spearman,success,./gepia_pdfs/ph1__chromatin_vs_heme__ATAD2_vs_ALAS1__Adipose_Subcutaneous__spearman.pdf,2026-09-11T12:13:59
1,chromatin_vs_heme,ATAD2,ALAD,Adipose_Subcutaneous,spearman,success,./gepia_pdfs/ph1__chromatin_vs_heme__ATAD2_vs_ALAD__Adipose_Subcutaneous__spearman.pdf,2026-09-11T12:14:05
1,chromatin_vs_heme,ATAD2,HMBS,Adipose_Subcutaneous,spearman,success,./gepia_pdfs/ph1__chromatin_vs_heme__ATAD2_vs_HMBS__Adipose_Subcutaneous__spearman.pdf,2026-09-11T12:14:08
1,chromatin_vs_heme,ATAD2,UROS,Adipose_Subcutaneous,spearman,success,./gepia_pdfs/ph1__chromatin_vs_heme__ATAD2_vs_UROS__Adipose_Subcutaneous__spearman.pdf,2026-09-11T12:14:14
1,chromatin_vs_heme,ATAD2,UROD,Adipose_Subcutaneous,spearman,success,./gepia_pdfs/ph1__chromatin_vs_heme__ATAD2_vs_UROD__Adipose_Subcutaneous__spearman.pdf,2026-09-11T12:14:18
1,chromatin_vs_heme,ATAD2,CPOX,Adipose_Subcutaneous,spearman,success,./gepia_pdfs/ph1__chromatin_vs_heme__ATAD2_vs_CPOX__Adipose_Subcutaneous__spearman.pdf,2026-09-11T12:14:24
1,chromatin_vs_heme,ATAD2,PPOX,Adipose_Subcutaneous,spearman,success,./gepia_pdfs/ph1__chromatin_vs_heme__ATAD2_vs_PPOX__Adipose_Subcutaneous__spearman.pdf,2026-09-11T12:14:27
1,heme_consecutive,ALAS1,ALAD,BLCA_Normal,spearman,success,./gepia_pdfs/ph1__heme_consecutive__ALAS1_vs_ALAD__BLCA_Normal__spearman.pdf,2026-09-11T12:22:10
1,heme_consecutive,ALAD,HMBS,BLCA_Normal,spearman,success,./gepia_pdfs/ph1__heme_consecutive__ALAD_vs_HMBS__BLCA_Normal__spearman.pdf,2026-09-11T12:22:12
1,heme_consecutive,HMBS,UROS,BLCA_Normal,spearman,success,./gepia_pdfs/ph1__heme_consecutive__HMBS_vs_UROS__BLCA_Normal__spearman.pdf,2026-09-11T12:22:15
1,heme_consecutive,UROS,UROD,BLCA_Normal,spearman,success,./gepia_pdfs/ph1__heme_consecutive__UROS_vs_UROD__BLCA_Normal__spearman.pdf,2026-09-11T12:22:19
1,heme_consecutive,UROD,CPOX,BLCA_Normal,spearman,success,./gepia_pdfs/ph1__heme_consecutive__UROD_vs_CPOX__BLCA_Normal__spearman.pdf,2026-09-11T12:22:21
1,heme_consecutive,CPOX,PPOX,BLCA_Normal,spearman,success,./gepia_pdfs/ph1__heme_consecutive__CPOX_vs_PPOX__BLCA_Normal__spearman.pdf,2026-09-11T12:22:24
1,heme_consecutive,PPOX,FECH,BLCA_Normal,spearman,success,./gepia_pdfs/ph1__heme_consecutive__PPOX_vs_FECH__BLCA_Normal__spearman.pdf,2026-09-11T12:22:28
1,heme_nonconsecutive,HMBS,FECH,BLCA_Normal,spearman,success,./gepia_pdfs/ph1__heme_nonconsecutive__HMBS_vs_FECH__BLCA_Normal__spearman.pdf,2026-09-11T12:22:31
1,heme_nonconsecutive,ALAS1,FECH,BLCA_Normal,spearman,success,./gepia_pdfs/ph1__heme_nonconsecutive__ALAS1_vs_FECH__BLCA_Normal__spearman.pdf,2026-09-11T12:22:33
1,heme_nonconsecutive,HMBS,PPOX,BLCA_Normal,spearman,success,./gepia_pdfs/ph1__heme_nonconsecutive__HMBS_vs_PPOX__BLCA_Normal__spearman.pdf,2026-09-11T12:22:37
1,chromatin_vs_heme,H2AFZ,ALAS1,BLCA_Normal,spearman,success,./gepia_pdfs/ph1__chromatin_vs_heme__H2AFZ_vs_ALAS1__BLCA_Normal__spearman.pdf,2026-09-11T12:22:40
1,chromatin_vs_heme,H2AFZ,ALAD,BLCA_Normal,spearman,success,./gepia_pdfs/ph1__chromatin_vs_heme__H2AFZ_vs_ALAD__BLCA_Normal__spearman.pdf,2026-09-11T12:22:43
1,chromatin_vs_heme,H2AFZ,HMBS,BLCA_Normal,spearman,success,./gepia_pdfs/ph1__chromatin_vs_heme__H2AFZ_vs_HMBS__BLCA_Normal__spearman.pdf,2026-09-11T12:22:48
1,chromatin_vs_heme,H2AFZ,UROS,BLCA_Normal,spearman,success,./gepia_pdfs/ph1__chromatin_vs_heme__H2AFZ_vs_UROS__BLCA_Normal__spearman.pdf,2026-09-11T12:22:52
1,chromatin_vs_heme,H2AFZ,UROD,BLCA_Normal,spearman,success,./gepia_pdfs/ph1__chromatin_vs_heme__H2AFZ_vs_UROD__BLCA_Normal__spearman.pdf,2026-09-11T12:22:55
1,chromatin_vs_heme,H2AFZ,CPOX,BLCA_Normal,spearman,success,./gepia_pdfs/ph1__chromatin_vs_heme__H2AFZ_vs_CPOX__BLCA_Normal__spearman.pdf,2026-09-11T12:22:58
1,chromatin_vs_heme,H2AFZ,PPOX,BLCA_Normal,spearman,success,./gepia_pdfs/ph1__chromatin_vs_heme__H2AFZ_vs_PPOX__BLCA_Normal__spearman.pdf,2026-09-11T12:23:02
1,chromatin_vs_heme,H2AFZ,FECH,BLCA_Normal,spearman,success,./gepia_pdfs/ph1__chromatin_vs_heme__H2AFZ_vs_FECH__BLCA_Normal__spearman.pdf,2026-09-11T12:23:05
1,chromatin_vs_heme,ATAD2,ALAS1,BLCA_Normal,spearman,success,./gepia_pdfs/ph1__chromatin_vs_heme__ATAD2_vs_ALAS1__BLCA_Normal__spearman.pdf,2026-09-11T12:23:10
1,chromatin_vs_heme,ATAD2,ALAD,BLCA_Normal,spearman,success,./gepia_pdfs/ph1__chromatin_vs_heme__ATAD2_vs_ALAD__BLCA_Normal__spearman.pdf,2026-09-11T12:23:12
1,chromatin_vs_heme,ATAD2,HMBS,BLCA_Normal,spearman,success,./gepia_pdfs/ph1__chromatin_vs_heme__ATAD2_vs_HMBS__BLCA_Normal__spearman.pdf,2026-09-11T12:23:16
1,chromatin_vs_heme,ATAD2,UROS,BLCA_Normal,spearman,success,./gepia_pdfs/ph1__chromatin_vs_heme__ATAD2_vs_UROS__BLCA_Normal__spearman.pdf,2026-09-11T12:23:21
1,chromatin_vs_heme,ATAD2,UROD,BLCA_Normal,spearman,success,./gepia_pdfs/ph1__chromatin_vs_heme__ATAD2_vs_UROD__BLCA_Normal__spearman.pdf,2026-09-11T12:23:26
1,chromatin_vs_heme,ATAD2,CPOX,BLCA_Normal,spearman,success,./gepia_pdfs/ph1__chromatin_vs_heme__ATAD2_vs_CPOX__BLCA_Normal__spearman.pdf,2026-09-11T12:23:29
1,chromatin_vs_heme,ATAD2,PPOX,BLCA_Normal,spearman,success,./gepia_pdfs/ph1__chromatin_vs_heme__ATAD2_vs_PPOX__BLCA_Normal__spearman.pdf,2026-09-11T12:23:32
1,chromatin_vs_heme,ATAD2,FECH,BLCA_Normal,spearman,success,./gepia_pdfs/ph1__chromatin_vs_heme__ATAD2_vs_FECH__BLCA_Normal__spearman.pdf,2026-09-11T12:23:36
1,chromatin_vs_heme,BRD4,ALAS1,BLCA_Normal,spearman,success,./gepia_pdfs/ph1__chromatin_vs_heme__BRD4_vs_ALAS1__BLCA_Normal__spearman.pdf,2026-09-11T12:23:41
1,chromatin_vs_heme,BRD4,ALAD,BLCA_Normal,spearman,success,./gepia_pdfs/ph1__chromatin_vs_heme__BRD4_vs_ALAD__BLCA_Normal__spearman.pdf,2026-09-11T12:23:45
1,chromatin_vs_heme,BRD4,HMBS,BLCA_Normal,spearman,success,./gepia_pdfs/ph1__chromatin_vs_heme__BRD4_vs_HMBS__BLCA_Normal__spearman.pdf,2026-09-11T12:23:48
1,chromatin_vs_heme,BRD4,UROS,BLCA_Normal,spearman,success,./gepia_pdfs/ph1__chromatin_vs_heme__BRD4_vs_UROS__BLCA_Normal__spearman.pdf,2026-09-11T12:23:52
1,chromatin_vs_heme,BRD4,UROD,BLCA_Normal,spearman,success,./gepia_pdfs/ph1__chromatin_vs_heme__BRD4_vs_UROD__BLCA_Normal__spearman.pdf,2026-09-11T12:23:55
1,chromatin_vs_heme,BRD4,CPOX,BLCA_Normal,spearman,success,./gepia_pdfs/ph1__chromatin_vs_heme__BRD4_vs_CPOX__BLCA_Normal__spearman.pdf,2026-09-11T12:23:59
1,chromatin_vs_heme,BRD4,PPOX,BLCA_Normal,spearman,success,./gepia_pdfs/ph1__chromatin_vs_heme__BRD4_vs_PPOX__BLCA_Normal__spearman.pdf,2026-09-11T12:24:02
1,chromatin_vs_heme,BRD4,FECH,BLCA_Normal,spearman,success,./gepia_pdfs/ph1__chromatin_vs_heme__BRD4_vs_FECH__BLCA_Normal__spearman.pdf,2026-09-11T12:24:05
1,chromatin_vs_heme,BRD2,ALAS1,BLCA_Normal,spearman,success,./gepia_pdfs/ph1__chromatin_vs_heme__BRD2_vs_ALAS1__BLCA_Normal__spearman.pdf,2026-09-11T12:24:08
1,chromatin_vs_heme,BRD2,ALAD,BLCA_Normal,spearman,success,./gepia_pdfs/ph1__chromatin_vs_heme__BRD2_vs_ALAD__BLCA_Normal__spearman.pdf,2026-09-11T12:24:13
1,chromatin_vs_heme,BRD2,HMBS,BLCA_Normal,spearman,success,./gepia_pdfs/ph1__chromatin_vs_heme__BRD2_vs_HMBS__BLCA_Normal__spearman.pdf,2026-09-11T12:24:17
1,chromatin_vs_heme,BRD2,UROS,BLCA_Normal,spearman,success,./gepia_pdfs/ph1__chromatin_vs_heme__BRD2_vs_UROS__BLCA_Normal__spearman.pdf,2026-09-11T12:24:20
1,chromatin_vs_heme,BRD2,UROD,BLCA_Normal,spearman,success,./gepia_pdfs/ph1__chromatin_vs_heme__BRD2_vs_UROD__BLCA_Normal__spearman.pdf,2026-09-11T12:24:23
1,chromatin_vs_heme,BRD2,CPOX,BLCA_Normal,spearman,success,./gepia_pdfs/ph1__chromatin_vs_heme__BRD2_vs_CPOX__BLCA_Normal__spearman.pdf,2026-09-11T12:24:26
1,chromatin_vs_heme,BRD2,PPOX,BLCA_Normal,spearman,success,./gepia_pdfs/ph1__chromatin_vs_heme__BRD2_vs_PPOX__BLCA_Normal__spearman.pdf,2026-09-11T12:24:31
1,chromatin_vs_heme,BRD2,FECH,BLCA_Normal,spearman,success,./gepia_pdfs/ph1__chromatin_vs_heme__BRD2_vs_FECH__BLCA_Normal__spearman.pdf,2026-09-11T12:24:35
1,heme_consecutive,ALAS1,ALAD,BRCA_Normal,spearman,success,./gepia_pdfs/ph1__heme_consecutive__ALAS1_vs_ALAD__BRCA_Normal__spearman.pdf,2026-09-11T12:24:39
1,heme_consecutive,ALAD,HMBS,BRCA_Normal,spearman,success,./gepia_pdfs/ph1__heme_consecutive__ALAD_vs_HMBS__BRCA_Normal__spearman.pdf,2026-09-11T12:24:43
1,heme_consecutive,HMBS,UROS,BRCA_Normal,spearman,success,./gepia_pdfs/ph1__heme_consecutive__HMBS_vs_UROS__BRCA_Normal__spearman.pdf,2026-09-11T12:24:47
1,heme_consecutive,UROS,UROD,BRCA_Normal,spearman,success,./gepia_pdfs/ph1__heme_consecutive__UROS_vs_UROD__BRCA_Normal__spearman.pdf,2026-09-11T12:24:49
1,heme_consecutive,UROD,CPOX,BRCA_Normal,spearman,success,./gepia_pdfs/ph1__heme_consecutive__UROD_vs_CPOX__BRCA_Normal__spearman.pdf,2026-09-11T12:24:52
1,heme_consecutive,CPOX,PPOX,BRCA_Normal,spearman,success,./gepia_pdfs/ph1__heme_consecutive__CPOX_vs_PPOX__BRCA_Normal__spearman.pdf,2026-09-11T12:24:54
1,heme_consecutive,PPOX,FECH,BRCA_Normal,spearman,success,./gepia_pdfs/ph1__heme_consecutive__PPOX_vs_FECH__BRCA_Normal__spearman.pdf,2026-09-11T12:24:58
1,heme_nonconsecutive,HMBS,FECH,BRCA_Normal,spearman,success,./gepia_pdfs/ph1__heme_nonconsecutive__HMBS_vs_FECH__BRCA_Normal__spearman.pdf,2026-09-11T12:25:03
1,heme_nonconsecutive,ALAS1,FECH,BRCA_Normal,spearman,success,./gepia_pdfs/ph1__heme_nonconsecutive__ALAS1_vs_FECH__BRCA_Normal__spearman.pdf,2026-09-11T12:25:07
1,heme_nonconsecutive,HMBS,PPOX,BRCA_Normal,spearman,success,./gepia_pdfs/ph1__heme_nonconsecutive__HMBS_vs_PPOX__BRCA_Normal__spearman.pdf,2026-09-11T12:25:10
1,chromatin_vs_heme,H2AFZ,ALAS1,BRCA_Normal,spearman,success,./gepia_pdfs/ph1__chromatin_vs_heme__H2AFZ_vs_ALAS1__BRCA_Normal__spearman.pdf,2026-09-11T12:25:13
1,chromatin_vs_heme,H2AFZ,ALAD,BRCA_Normal,spearman,success,./gepia_pdfs/ph1__chromatin_vs_heme__H2AFZ_vs_ALAD__BRCA_Normal__spearman.pdf,2026-09-11T12:25:16
1,chromatin_vs_heme,H2AFZ,HMBS,BRCA_Normal,spearman,success,./gepia_pdfs/ph1__chromatin_vs_heme__H2AFZ_vs_HMBS__BRCA_Normal__spearman.pdf,2026-09-11T12:25:20
1,chromatin_vs_heme,H2AFZ,UROS,BRCA_Normal,spearman,success,./gepia_pdfs/ph1__chromatin_vs_heme__H2AFZ_vs_UROS__BRCA_Normal__spearman.pdf,2026-09-11T12:25:23
1,chromatin_vs_heme,H2AFZ,UROD,BRCA_Normal,spearman,success,./gepia_pdfs/ph1__chromatin_vs_heme__H2AFZ_vs_UROD__BRCA_Normal__spearman.pdf,2026-09-11T12:25:28
1,chromatin_vs_heme,H2AFZ,CPOX,BRCA_Normal,spearman,success,./gepia_pdfs/ph1__chromatin_vs_heme__H2AFZ_vs_CPOX__BRCA_Normal__spearman.pdf,2026-09-11T12:25:33
1,chromatin_vs_heme,H2AFZ,PPOX,BRCA_Normal,spearman,success,./gepia_pdfs/ph1__chromatin_vs_heme__H2AFZ_vs_PPOX__BRCA_Normal__spearman.pdf,2026-09-11T12:25:35
1,chromatin_vs_heme,H2AFZ,FECH,BRCA_Normal,spearman,success,./gepia_pdfs/ph1__chromatin_vs_heme__H2AFZ_vs_FECH__BRCA_Normal__spearman.pdf,2026-09-11T12:25:38
1,chromatin_vs_heme,ATAD2,ALAS1,BRCA_Normal,spearman,success,./gepia_pdfs/ph1__chromatin_vs_heme__ATAD2_vs_ALAS1__BRCA_Normal__spearman.pdf,2026-09-11T12:25:42
1,chromatin_vs_heme,ATAD2,ALAD,BRCA_Normal,spearman,success,./gepia_pdfs/ph1__chromatin_vs_heme__ATAD2_vs_ALAD__BRCA_Normal__spearman.pdf,2026-09-11T12:25:45
1,chromatin_vs_heme,ATAD2,HMBS,BRCA_Normal,spearman,success,./gepia_pdfs/ph1__chromatin_vs_heme__ATAD2_vs_HMBS__BRCA_Normal__spearman.pdf,2026-09-11T12:25:50
1,chromatin_vs_heme,ATAD2,UROS,BRCA_Normal,spearman,success,./gepia_pdfs/ph1__chromatin_vs_heme__ATAD2_vs_UROS__BRCA_Normal__spearman.pdf,2026-09-11T12:25:53
1,chromatin_vs_heme,ATAD2,UROD,BRCA_Normal,spearman,success,./gepia_pdfs/ph1__chromatin_vs_heme__ATAD2_vs_UROD__BRCA_Normal__spearman.pdf,2026-09-11T12:25:57
1,chromatin_vs_heme,ATAD2,CPOX,BRCA_Normal,spearman,success,./gepia_pdfs/ph1__chromatin_vs_heme__ATAD2_vs_CPOX__BRCA_Normal__spearman.pdf,2026-09-11T12:25:59
1,chromatin_vs_heme,ATAD2,PPOX,BRCA_Normal,spearman,success,./gepia_pdfs/ph1__chromatin_vs_heme__ATAD2_vs_PPOX__BRCA_Normal__spearman.pdf,2026-09-11T12:26:03
1,chromatin_vs_heme,ATAD2,FECH,BRCA_Normal,spearman,success,./gepia_pdfs/ph1__chromatin_vs_heme__ATAD2_vs_FECH__BRCA_Normal__spearman.pdf,2026-09-11T12:26:08
1,chromatin_vs_heme,BRD4,ALAS1,BRCA_Normal,spearman,success,./gepia_pdfs/ph1__chromatin_vs_heme__BRD4_vs_ALAS1__BRCA_Normal__spearman.pdf,2026-09-11T12:26:11
1,chromatin_vs_heme,BRD4,ALAD,BRCA_Normal,spearman,success,./gepia_pdfs/ph1__chromatin_vs_heme__BRD4_vs_ALAD__BRCA_Normal__spearman.pdf,2026-09-11T12:26:15
1,chromatin_vs_heme,BRD4,HMBS,BRCA_Normal,spearman,success,./gepia_pdfs/ph1__chromatin_vs_heme__BRD4_vs_HMBS__BRCA_Normal__spearman.pdf,2026-09-11T12:26:19
1,chromatin_vs_heme,BRD4,UROS,BRCA_Normal,spearman,success,./gepia_pdfs/ph1__chromatin_vs_heme__BRD4_vs_UROS__BRCA_Normal__spearman.pdf,2026-09-11T12:26:21
1,chromatin_vs_heme,BRD4,UROD,BRCA_Normal,spearman,success,./gepia_pdfs/ph1__chromatin_vs_heme__BRD4_vs_UROD__BRCA_Normal__spearman.pdf,2026-09-11T12:26:23
1,chromatin_vs_heme,BRD4,CPOX,BRCA_Normal,spearman,success,./gepia_pdfs/ph1__chromatin_vs_heme__BRD4_vs_CPOX__BRCA_Normal__spearman.pdf,2026-09-11T12:26:26
1,chromatin_vs_heme,BRD4,PPOX,BRCA_Normal,spearman,success,./gepia_pdfs/ph1__chromatin_vs_heme__BRD4_vs_PPOX__BRCA_Normal__spearman.pdf,2026-09-11T12:26:30
1,chromatin_vs_heme,BRD4,FECH,BRCA_Normal,spearman,success,./gepia_pdfs/ph1__chromatin_vs_heme__BRD4_vs_FECH__BRCA_Normal__spearman.pdf,2026-09-11T12:26:32
1,chromatin_vs_heme,BRD2,ALAS1,BRCA_Normal,spearman,success,./gepia_pdfs/ph1__chromatin_vs_heme__BRD2_vs_ALAS1__BRCA_Normal__spearman.pdf,2026-09-11T12:26:37
1,chromatin_vs_heme,BRD2,ALAD,BRCA_Normal,spearman,success,./gepia_pdfs/ph1__chromatin_vs_heme__BRD2_vs_ALAD__BRCA_Normal__spearman.pdf,2026-09-11T12:26:40
1,chromatin_vs_heme,BRD2,HMBS,BRCA_Normal,spearman,success,./gepia_pdfs/ph1__chromatin_vs_heme__BRD2_vs_HMBS__BRCA_Normal__spearman.pdf,2026-09-11T12:26:43
1,chromatin_vs_heme,BRD2,UROS,BRCA_Normal,spearman,success,./gepia_pdfs/ph1__chromatin_vs_heme__BRD2_vs_UROS__BRCA_Normal__spearman.pdf,2026-09-11T12:26:45
1,chromatin_vs_heme,BRD2,UROD,BRCA_Normal,spearman,success,./gepia_pdfs/ph1__chromatin_vs_heme__BRD2_vs_UROD__BRCA_Normal__spearman.pdf,2026-09-11T12:26:49
1,chromatin_vs_heme,BRD2,CPOX,BRCA_Normal,spearman,success,./gepia_pdfs/ph1__chromatin_vs_heme__BRD2_vs_CPOX__BRCA_Normal__spearman.pdf,2026-09-11T12:26:54
1,chromatin_vs_heme,BRD2,PPOX,BRCA_Normal,spearman,success,./gepia_pdfs/ph1__chromatin_vs_heme__BRD2_vs_PPOX__BRCA_Normal__spearman.pdf,2026-09-11T12:26:56
1,chromatin_vs_heme,BRD2,FECH,BRCA_Normal,spearman,success,./gepia_pdfs/ph1__chromatin_vs_heme__BRD2_vs_FECH__BRCA_Normal__spearman.pdf,2026-09-11T12:27:01
1,heme_consecutive,ALAS1,ALAD,CESC_Normal,spearman,success,./gepia_pdfs/ph1__heme_consecutive__ALAS1_vs_ALAD__CESC_Normal__spearman.pdf,2026-09-11T12:27:06
1,heme_consecutive,ALAD,HMBS,CESC_Normal,spearman,success,./gepia_pdfs/ph1__heme_consecutive__ALAD_vs_HMBS__CESC_Normal__spearman.pdf,2026-09-11T12:27:09
1,heme_consecutive,HMBS,UROS,CESC_Normal,spearman,success,./gepia_pdfs/ph1__heme_consecutive__HMBS_vs_UROS__CESC_Normal__spearman.pdf,2026-09-11T12:27:13
1,heme_consecutive,UROS,UROD,CESC_Normal,spearman,success,./gepia_pdfs/ph1__heme_consecutive__UROS_vs_UROD__CESC_Normal__spearman.pdf,2026-09-11T12:27:18
1,heme_consecutive,UROD,CPOX,CESC_Normal,spearman,success,./gepia_pdfs/ph1__heme_consecutive__UROD_vs_CPOX__CESC_Normal__spearman.pdf,2026-09-11T12:27:23
1,heme_consecutive,CPOX,PPOX,CESC_Normal,spearman,success,./gepia_pdfs/ph1__heme_consecutive__CPOX_vs_PPOX__CESC_Normal__spearman.pdf,2026-09-11T12:27:25
1,heme_consecutive,PPOX,FECH,CESC_Normal,spearman,success,./gepia_pdfs/ph1__heme_consecutive__PPOX_vs_FECH__CESC_Normal__spearman.pdf,2026-09-11T12:27:28
1,heme_nonconsecutive,HMBS,FECH,CESC_Normal,spearman,success,./gepia_pdfs/ph1__heme_nonconsecutive__HMBS_vs_FECH__CESC_Normal__spearman.pdf,2026-09-11T12:27:33
1,heme_nonconsecutive,ALAS1,FECH,CESC_Normal,spearman,success,./gepia_pdfs/ph1__heme_nonconsecutive__ALAS1_vs_FECH__CESC_Normal__spearman.pdf,2026-09-11T12:27:38
1,heme_nonconsecutive,HMBS,PPOX,CESC_Normal,spearman,success,./gepia_pdfs/ph1__heme_nonconsecutive__HMBS_vs_PPOX__CESC_Normal__spearman.pdf,2026-09-11T12:27:43
1,chromatin_vs_heme,H2AFZ,ALAS1,CESC_Normal,spearman,success,./gepia_pdfs/ph1__chromatin_vs_heme__H2AFZ_vs_ALAS1__CESC_Normal__spearman.pdf,2026-09-11T12:27:46
1,chromatin_vs_heme,H2AFZ,ALAD,CESC_Normal,spearman,success,./gepia_pdfs/ph1__chromatin_vs_heme__H2AFZ_vs_ALAD__CESC_Normal__spearman.pdf,2026-09-11T12:27:51
1,chromatin_vs_heme,H2AFZ,HMBS,CESC_Normal,spearman,success,./gepia_pdfs/ph1__chromatin_vs_heme__H2AFZ_vs_HMBS__CESC_Normal__spearman.pdf,2026-09-11T12:27:55
1,chromatin_vs_heme,H2AFZ,UROS,CESC_Normal,spearman,success,./gepia_pdfs/ph1__chromatin_vs_heme__H2AFZ_vs_UROS__CESC_Normal__spearman.pdf,2026-09-11T12:27:58
1,chromatin_vs_heme,H2AFZ,UROD,CESC_Normal,spearman,success,./gepia_pdfs/ph1__chromatin_vs_heme__H2AFZ_vs_UROD__CESC_Normal__spearman.pdf,2026-09-11T12:28:01
1,chromatin_vs_heme,H2AFZ,CPOX,CESC_Normal,spearman,success,./gepia_pdfs/ph1__chromatin_vs_heme__H2AFZ_vs_CPOX__CESC_Normal__spearman.pdf,2026-09-11T12:28:04
1,chromatin_vs_heme,H2AFZ,PPOX,CESC_Normal,spearman,success,./gepia_pdfs/ph1__chromatin_vs_heme__H2AFZ_vs_PPOX__CESC_Normal__spearman.pdf,2026-09-11T12:28:07
1,chromatin_vs_heme,H2AFZ,FECH,CESC_Normal,spearman,success,./gepia_pdfs/ph1__chromatin_vs_heme__H2AFZ_vs_FECH__CESC_Normal__spearman.pdf,2026-09-11T12:28:11
1,chromatin_vs_heme,ATAD2,ALAS1,CESC_Normal,spearman,success,./gepia_pdfs/ph1__chromatin_vs_heme__ATAD2_vs_ALAS1__CESC_Normal__spearman.pdf,2026-09-11T12:28:15
1,chromatin_vs_heme,ATAD2,ALAD,CESC_Normal,spearman,success,./gepia_pdfs/ph1__chromatin_vs_heme__ATAD2_vs_ALAD__CESC_Normal__spearman.pdf,2026-09-11T12:28:17
1,chromatin_vs_heme,ATAD2,HMBS,CESC_Normal,spearman,success,./gepia_pdfs/ph1__chromatin_vs_heme__ATAD2_vs_HMBS__CESC_Normal__spearman.pdf,2026-09-11T12:28:22
1,chromatin_vs_heme,ATAD2,UROS,CESC_Normal,spearman,success,./gepia_pdfs/ph1__chromatin_vs_heme__ATAD2_vs_UROS__CESC_Normal__spearman.pdf,2026-09-11T12:28:24
1,chromatin_vs_heme,ATAD2,UROD,CESC_Normal,spearman,success,./gepia_pdfs/ph1__chromatin_vs_heme__ATAD2_vs_UROD__CESC_Normal__spearman.pdf,2026-09-11T12:28:28
1,chromatin_vs_heme,ATAD2,CPOX,CESC_Normal,spearman,success,./gepia_pdfs/ph1__chromatin_vs_heme__ATAD2_vs_CPOX__CESC_Normal__spearman.pdf,2026-09-11T12:28:33
1,chromatin_vs_heme,ATAD2,PPOX,CESC_Normal,spearman,success,./gepia_pdfs/ph1__chromatin_vs_heme__ATAD2_vs_PPOX__CESC_Normal__spearman.pdf,2026-09-11T12:28:36
1,chromatin_vs_heme,ATAD2,FECH,CESC_Normal,spearman,success,./gepia_pdfs/ph1__chromatin_vs_heme__ATAD2_vs_FECH__CESC_Normal__spearman.pdf,2026-09-11T12:28:41
1,chromatin_vs_heme,BRD4,ALAS1,CESC_Normal,spearman,success,./gepia_pdfs/ph1__chromatin_vs_heme__BRD4_vs_ALAS1__CESC_Normal__spearman.pdf,2026-09-11T12:28:43
1,chromatin_vs_heme,BRD4,ALAD,CESC_Normal,spearman,success,./gepia_pdfs/ph1__chromatin_vs_heme__BRD4_vs_ALAD__CESC_Normal__spearman.pdf,2026-09-11T12:28:48
1,chromatin_vs_heme,BRD4,HMBS,CESC_Normal,spearman,success,./gepia_pdfs/ph1__chromatin_vs_heme__BRD4_vs_HMBS__CESC_Normal__spearman.pdf,2026-09-11T12:28:51
1,chromatin_vs_heme,BRD4,UROS,CESC_Normal,spearman,success,./gepia_pdfs/ph1__chromatin_vs_heme__BRD4_vs_UROS__CESC_Normal__spearman.pdf,2026-09-11T12:28:55
1,chromatin_vs_heme,BRD4,UROD,CESC_Normal,spearman,success,./gepia_pdfs/ph1__chromatin_vs_heme__BRD4_vs_UROD__CESC_Normal__spearman.pdf,2026-09-11T12:29:01
1,chromatin_vs_heme,BRD4,CPOX,CESC_Normal,spearman,success,./gepia_pdfs/ph1__chromatin_vs_heme__BRD4_vs_CPOX__CESC_Normal__spearman.pdf,2026-09-11T12:29:03
1,chromatin_vs_heme,BRD4,PPOX,CESC_Normal,spearman,success,./gepia_pdfs/ph1__chromatin_vs_heme__BRD4_vs_PPOX__CESC_Normal__spearman.pdf,2026-09-11T12:29:05
1,chromatin_vs_heme,BRD4,FECH,CESC_Normal,spearman,success,./gepia_pdfs/ph1__chromatin_vs_heme__BRD4_vs_FECH__CESC_Normal__spearman.pdf,2026-09-11T12:29:11
1,chromatin_vs_heme,BRD2,ALAS1,CESC_Normal,spearman,success,./gepia_pdfs/ph1__chromatin_vs_heme__BRD2_vs_ALAS1__CESC_Normal__spearman.pdf,2026-09-11T12:29:13
1,chromatin_vs_heme,BRD2,ALAD,CESC_Normal,spearman,success,./gepia_pdfs/ph1__chromatin_vs_heme__BRD2_vs_ALAD__CESC_Normal__spearman.pdf,2026-09-11T12:29:15
1,chromatin_vs_heme,BRD2,HMBS,CESC_Normal,spearman,success,./gepia_pdfs/ph1__chromatin_vs_heme__BRD2_vs_HMBS__CESC_Normal__spearman.pdf,2026-09-11T12:29:18
1,chromatin_vs_heme,BRD2,UROS,CESC_Normal,spearman,success,./gepia_pdfs/ph1__chromatin_vs_heme__BRD2_vs_UROS__CESC_Normal__spearman.pdf,2026-09-11T12:29:22
1,chromatin_vs_heme,BRD2,UROD,CESC_Normal,spearman,success,./gepia_pdfs/ph1__chromatin_vs_heme__BRD2_vs_UROD__CESC_Normal__spearman.pdf,2026-09-11T12:29:24
1,chromatin_vs_heme,BRD2,CPOX,CESC_Normal,spearman,success,./gepia_pdfs/ph1__chromatin_vs_heme__BRD2_vs_CPOX__CESC_Normal__spearman.pdf,2026-09-11T12:29:29
1,chromatin_vs_heme,BRD2,PPOX,CESC_Normal,spearman,success,./gepia_pdfs/ph1__chromatin_vs_heme__BRD2_vs_PPOX__CESC_Normal__spearman.pdf,2026-09-11T12:29:31
1,chromatin_vs_heme,BRD2,FECH,CESC_Normal,spearman,success,./gepia_pdfs/ph1__chromatin_vs_heme__BRD2_vs_FECH__CESC_Normal__spearman.pdf,2026-09-11T12:29:37
1,heme_consecutive,ALAS1,ALAD,CHOL_Normal,spearman,success,./gepia_pdfs/ph1__heme_consecutive__ALAS1_vs_ALAD__CHOL_Normal__spearman.pdf,2026-09-11T12:29:39
1,heme_consecutive,ALAD,HMBS,CHOL_Normal,spearman,success,./gepia_pdfs/ph1__heme_consecutive__ALAD_vs_HMBS__CHOL_Normal__spearman.pdf,2026-09-11T12:29:43
1,heme_consecutive,HMBS,UROS,CHOL_Normal,spearman,success,./gepia_pdfs/ph1__heme_consecutive__HMBS_vs_UROS__CHOL_Normal__spearman.pdf,2026-09-11T12:29:46
1,heme_consecutive,UROS,UROD,CHOL_Normal,spearman,success,./gepia_pdfs/ph1__heme_consecutive__UROS_vs_UROD__CHOL_Normal__spearman.pdf,2026-09-11T12:29:50
1,heme_consecutive,UROD,CPOX,CHOL_Normal,spearman,success,./gepia_pdfs/ph1__heme_consecutive__UROD_vs_CPOX__CHOL_Normal__spearman.pdf,2026-09-11T12:29:54
1,heme_consecutive,CPOX,PPOX,CHOL_Normal,spearman,success,./gepia_pdfs/ph1__heme_consecutive__CPOX_vs_PPOX__CHOL_Normal__spearman.pdf,2026-09-11T12:29:57
1,heme_consecutive,PPOX,FECH,CHOL_Normal,spearman,success,./gepia_pdfs/ph1__heme_consecutive__PPOX_vs_FECH__CHOL_Normal__spearman.pdf,2026-09-11T12:30:02
1,heme_nonconsecutive,HMBS,FECH,CHOL_Normal,spearman,success,./gepia_pdfs/ph1__heme_nonconsecutive__HMBS_vs_FECH__CHOL_Normal__spearman.pdf,2026-09-11T12:30:06
1,heme_nonconsecutive,ALAS1,FECH,CHOL_Normal,spearman,success,./gepia_pdfs/ph1__heme_nonconsecutive__ALAS1_vs_FECH__CHOL_Normal__spearman.pdf,2026-09-11T12:30:12
1,heme_nonconsecutive,HMBS,PPOX,CHOL_Normal,spearman,success,./gepia_pdfs/ph1__heme_nonconsecutive__HMBS_vs_PPOX__CHOL_Normal__spearman.pdf,2026-09-11T12:30:17
1,chromatin_vs_heme,H2AFZ,ALAS1,CHOL_Normal,spearman,success,./gepia_pdfs/ph1__chromatin_vs_heme__H2AFZ_vs_ALAS1__CHOL_Normal__spearman.pdf,2026-09-11T12:30:21
1,chromatin_vs_heme,H2AFZ,ALAD,CHOL_Normal,spearman,success,./gepia_pdfs/ph1__chromatin_vs_heme__H2AFZ_vs_ALAD__CHOL_Normal__spearman.pdf,2026-09-11T12:30:24
1,chromatin_vs_heme,H2AFZ,HMBS,CHOL_Normal,spearman,success,./gepia_pdfs/ph1__chromatin_vs_heme__H2AFZ_vs_HMBS__CHOL_Normal__spearman.pdf,2026-09-11T12:30:28
1,chromatin_vs_heme,H2AFZ,UROS,CHOL_Normal,spearman,success,./gepia_pdfs/ph1__chromatin_vs_heme__H2AFZ_vs_UROS__CHOL_Normal__spearman.pdf,2026-09-11T12:30:30
1,chromatin_vs_heme,H2AFZ,UROD,CHOL_Normal,spearman,success,./gepia_pdfs/ph1__chromatin_vs_heme__H2AFZ_vs_UROD__CHOL_Normal__spearman.pdf,2026-09-11T12:30:34
1,chromatin_vs_heme,H2AFZ,CPOX,CHOL_Normal,spearman,success,./gepia_pdfs/ph1__chromatin_vs_heme__H2AFZ_vs_CPOX__CHOL_Normal__spearman.pdf,2026-09-11T12:30:37
1,chromatin_vs_heme,H2AFZ,PPOX,CHOL_Normal,spearman,success,./gepia_pdfs/ph1__chromatin_vs_heme__H2AFZ_vs_PPOX__CHOL_Normal__spearman.pdf,2026-09-11T12:30:41
1,chromatin_vs_heme,H2AFZ,FECH,CHOL_Normal,spearman,success,./gepia_pdfs/ph1__chromatin_vs_heme__H2AFZ_vs_FECH__CHOL_Normal__spearman.pdf,2026-09-11T12:30:43
1,chromatin_vs_heme,ATAD2,ALAS1,CHOL_Normal,spearman,success,./gepia_pdfs/ph1__chromatin_vs_heme__ATAD2_vs_ALAS1__CHOL_Normal__spearman.pdf,2026-09-11T12:30:48
1,chromatin_vs_heme,ATAD2,ALAD,CHOL_Normal,spearman,success,./gepia_pdfs/ph1__chromatin_vs_heme__ATAD2_vs_ALAD__CHOL_Normal__spearman.pdf,2026-09-11T12:30:51
1,chromatin_vs_heme,ATAD2,HMBS,CHOL_Normal,spearman,success,./gepia_pdfs/ph1__chromatin_vs_heme__ATAD2_vs_HMBS__CHOL_Normal__spearman.pdf,2026-09-11T12:30:56
1,chromatin_vs_heme,ATAD2,UROS,CHOL_Normal,spearman,success,./gepia_pdfs/ph1__chromatin_vs_heme__ATAD2_vs_UROS__CHOL_Normal__spearman.pdf,2026-09-11T12:31:02
1,chromatin_vs_heme,ATAD2,UROD,CHOL_Normal,spearman,success,./gepia_pdfs/ph1__chromatin_vs_heme__ATAD2_vs_UROD__CHOL_Normal__spearman.pdf,2026-09-11T12:31:07
1,chromatin_vs_heme,ATAD2,CPOX,CHOL_Normal,spearman,success,./gepia_pdfs/ph1__chromatin_vs_heme__ATAD2_vs_CPOX__CHOL_Normal__spearman.pdf,2026-09-11T12:31:12
1,chromatin_vs_heme,ATAD2,PPOX,CHOL_Normal,spearman,success,./gepia_pdfs/ph1__chromatin_vs_heme__ATAD2_vs_PPOX__CHOL_Normal__spearman.pdf,2026-09-11T12:31:15
1,chromatin_vs_heme,ATAD2,FECH,CHOL_Normal,spearman,success,./gepia_pdfs/ph1__chromatin_vs_heme__ATAD2_vs_FECH__CHOL_Normal__spearman.pdf,2026-09-11T12:31:19
1,chromatin_vs_heme,BRD4,ALAS1,CHOL_Normal,spearman,success,./gepia_pdfs/ph1__chromatin_vs_heme__BRD4_vs_ALAS1__CHOL_Normal__spearman.pdf,2026-09-11T12:31:22
1,chromatin_vs_heme,BRD4,ALAD,CHOL_Normal,spearman,success,./gepia_pdfs/ph1__chromatin_vs_heme__BRD4_vs_ALAD__CHOL_Normal__spearman.pdf,2026-09-11T12:31:26
1,chromatin_vs_heme,BRD4,HMBS,CHOL_Normal,spearman,success,./gepia_pdfs/ph1__chromatin_vs_heme__BRD4_vs_HMBS__CHOL_Normal__spearman.pdf,2026-09-11T12:31:28
1,chromatin_vs_heme,BRD4,UROS,CHOL_Normal,spearman,success,./gepia_pdfs/ph1__chromatin_vs_heme__BRD4_vs_UROS__CHOL_Normal__spearman.pdf,2026-09-11T12:31:32
1,chromatin_vs_heme,BRD4,UROD,CHOL_Normal,spearman,success,./gepia_pdfs/ph1__chromatin_vs_heme__BRD4_vs_UROD__CHOL_Normal__spearman.pdf,2026-09-11T12:31:35
1,chromatin_vs_heme,BRD4,CPOX,CHOL_Normal,spearman,success,./gepia_pdfs/ph1__chromatin_vs_heme__BRD4_vs_CPOX__CHOL_Normal__spearman.pdf,2026-09-11T12:31:40
1,chromatin_vs_heme,BRD4,PPOX,CHOL_Normal,spearman,success,./gepia_pdfs/ph1__chromatin_vs_heme__BRD4_vs_PPOX__CHOL_Normal__spearman.pdf,2026-09-11T12:31:45
1,chromatin_vs_heme,BRD4,FECH,CHOL_Normal,spearman,success,./gepia_pdfs/ph1__chromatin_vs_heme__BRD4_vs_FECH__CHOL_Normal__spearman.pdf,2026-09-11T12:31:48
1,chromatin_vs_heme,BRD2,ALAS1,CHOL_Normal,spearman,success,./gepia_pdfs/ph1__chromatin_vs_heme__BRD2_vs_ALAS1__CHOL_Normal__spearman.pdf,2026-09-11T12:31:54
1,chromatin_vs_heme,BRD2,ALAD,CHOL_Normal,spearman,success,./gepia_pdfs/ph1__chromatin_vs_heme__BRD2_vs_ALAD__CHOL_Normal__spearman.pdf,2026-09-11T12:31:56
1,chromatin_vs_heme,BRD2,HMBS,CHOL_Normal,spearman,success,./gepia_pdfs/ph1__chromatin_vs_heme__BRD2_vs_HMBS__CHOL_Normal__spearman.pdf,2026-09-11T12:31:58
1,chromatin_vs_heme,BRD2,UROS,CHOL_Normal,spearman,success,./gepia_pdfs/ph1__chromatin_vs_heme__BRD2_vs_UROS__CHOL_Normal__spearman.pdf,2026-09-11T12:32:02
1,chromatin_vs_heme,BRD2,UROD,CHOL_Normal,spearman,success,./gepia_pdfs/ph1__chromatin_vs_heme__BRD2_vs_UROD__CHOL_Normal__spearman.pdf,2026-09-11T12:32:04
1,chromatin_vs_heme,BRD2,CPOX,CHOL_Normal,spearman,success,./gepia_pdfs/ph1__chromatin_vs_heme__BRD2_vs_CPOX__CHOL_Normal__spearman.pdf,2026-09-11T12:32:09
1,chromatin_vs_heme,BRD2,PPOX,CHOL_Normal,spearman,success,./gepia_pdfs/ph1__chromatin_vs_heme__BRD2_vs_PPOX__CHOL_Normal__spearman.pdf,2026-09-11T12:32:12
1,chromatin_vs_heme,BRD2,FECH,CHOL_Normal,spearman,success,./gepia_pdfs/ph1__chromatin_vs_heme__BRD2_vs_FECH__CHOL_Normal__spearman.pdf,2026-09-11T12:32:16
1,heme_consecutive,ALAS1,ALAD,COAD_Normal,spearman,success,./gepia_pdfs/ph1__heme_consecutive__ALAS1_vs_ALAD__COAD_Normal__spearman.pdf,2026-09-11T12:32:18
1,heme_consecutive,ALAD,HMBS,COAD_Normal,spearman,success,./gepia_pdfs/ph1__heme_consecutive__ALAD_vs_HMBS__COAD_Normal__spearman.pdf,2026-09-11T12:32:22
1,heme_consecutive,HMBS,UROS,COAD_Normal,spearman,success,./gepia_pdfs/ph1__heme_consecutive__HMBS_vs_UROS__COAD_Normal__spearman.pdf,2026-09-11T12:32:27
1,heme_consecutive,UROS,UROD,COAD_Normal,spearman,success,./gepia_pdfs/ph1__heme_consecutive__UROS_vs_UROD__COAD_Normal__spearman.pdf,2026-09-11T12:32:30
1,heme_consecutive,UROD,CPOX,COAD_Normal,spearman,success,./gepia_pdfs/ph1__heme_consecutive__UROD_vs_CPOX__COAD_Normal__spearman.pdf,2026-09-11T12:32:33
1,heme_consecutive,CPOX,PPOX,COAD_Normal,spearman,success,./gepia_pdfs/ph1__heme_consecutive__CPOX_vs_PPOX__COAD_Normal__spearman.pdf,2026-09-11T12:32:36
1,heme_consecutive,PPOX,FECH,COAD_Normal,spearman,success,./gepia_pdfs/ph1__heme_consecutive__PPOX_vs_FECH__COAD_Normal__spearman.pdf,2026-09-11T12:32:42
1,heme_nonconsecutive,HMBS,FECH,COAD_Normal,spearman,success,./gepia_pdfs/ph1__heme_nonconsecutive__HMBS_vs_FECH__COAD_Normal__spearman.pdf,2026-09-11T12:32:44
1,heme_nonconsecutive,ALAS1,FECH,COAD_Normal,spearman,success,./gepia_pdfs/ph1__heme_nonconsecutive__ALAS1_vs_FECH__COAD_Normal__spearman.pdf,2026-09-11T12:32:49
1,heme_nonconsecutive,HMBS,PPOX,COAD_Normal,spearman,success,./gepia_pdfs/ph1__heme_nonconsecutive__HMBS_vs_PPOX__COAD_Normal__spearman.pdf,2026-09-11T12:32:52
1,chromatin_vs_heme,H2AFZ,ALAS1,COAD_Normal,spearman,success,./gepia_pdfs/ph1__chromatin_vs_heme__H2AFZ_vs_ALAS1__COAD_Normal__spearman.pdf,2026-09-11T12:32:55
1,chromatin_vs_heme,H2AFZ,ALAD,COAD_Normal,spearman,success,./gepia_pdfs/ph1__chromatin_vs_heme__H2AFZ_vs_ALAD__COAD_Normal__spearman.pdf,2026-09-11T12:33:00
1,chromatin_vs_heme,H2AFZ,HMBS,COAD_Normal,spearman,success,./gepia_pdfs/ph1__chromatin_vs_heme__H2AFZ_vs_HMBS__COAD_Normal__spearman.pdf,2026-09-11T12:33:04
1,chromatin_vs_heme,H2AFZ,UROS,COAD_Normal,spearman,success,./gepia_pdfs/ph1__chromatin_vs_heme__H2AFZ_vs_UROS__COAD_Normal__spearman.pdf,2026-09-11T12:33:07
1,chromatin_vs_heme,H2AFZ,UROD,COAD_Normal,spearman,success,./gepia_pdfs/ph1__chromatin_vs_heme__H2AFZ_vs_UROD__COAD_Normal__spearman.pdf,2026-09-11T12:33:10
1,chromatin_vs_heme,H2AFZ,CPOX,COAD_Normal,spearman,success,./gepia_pdfs/ph1__chromatin_vs_heme__H2AFZ_vs_CPOX__COAD_Normal__spearman.pdf,2026-09-11T12:33:13
1,chromatin_vs_heme,H2AFZ,PPOX,COAD_Normal,spearman,success,./gepia_pdfs/ph1__chromatin_vs_heme__H2AFZ_vs_PPOX__COAD_Normal__spearman.pdf,2026-09-11T12:33:16
1,chromatin_vs_heme,H2AFZ,FECH,COAD_Normal,spearman,success,./gepia_pdfs/ph1__chromatin_vs_heme__H2AFZ_vs_FECH__COAD_Normal__spearman.pdf,2026-09-11T12:33:20
1,chromatin_vs_heme,ATAD2,ALAS1,COAD_Normal,spearman,success,./gepia_pdfs/ph1__chromatin_vs_heme__ATAD2_vs_ALAS1__COAD_Normal__spearman.pdf,2026-09-11T12:33:24
1,chromatin_vs_heme,ATAD2,ALAD,COAD_Normal,spearman,success,./gepia_pdfs/ph1__chromatin_vs_heme__ATAD2_vs_ALAD__COAD_Normal__spearman.pdf,2026-09-11T12:33:26
1,chromatin_vs_heme,ATAD2,HMBS,COAD_Normal,spearman,success,./gepia_pdfs/ph1__chromatin_vs_heme__ATAD2_vs_HMBS__COAD_Normal__spearman.pdf,2026-09-11T12:33:30
1,chromatin_vs_heme,ATAD2,UROS,COAD_Normal,spearman,success,./gepia_pdfs/ph1__chromatin_vs_heme__ATAD2_vs_UROS__COAD_Normal__spearman.pdf,2026-09-11T12:33:35
1,chromatin_vs_heme,ATAD2,UROD,COAD_Normal,spearman,success,./gepia_pdfs/ph1__chromatin_vs_heme__ATAD2_vs_UROD__COAD_Normal__spearman.pdf,2026-09-11T12:33:38
1,chromatin_vs_heme,ATAD2,CPOX,COAD_Normal,spearman,success,./gepia_pdfs/ph1__chromatin_vs_heme__ATAD2_vs_CPOX__COAD_Normal__spearman.pdf,2026-09-11T12:33:40
1,chromatin_vs_heme,ATAD2,PPOX,COAD_Normal,spearman,success,./gepia_pdfs/ph1__chromatin_vs_heme__ATAD2_vs_PPOX__COAD_Normal__spearman.pdf,2026-09-11T12:33:43
1,chromatin_vs_heme,ATAD2,FECH,COAD_Normal,spearman,success,./gepia_pdfs/ph1__chromatin_vs_heme__ATAD2_vs_FECH__COAD_Normal__spearman.pdf,2026-09-11T12:33:45
1,chromatin_vs_heme,BRD4,ALAS1,COAD_Normal,spearman,success,./gepia_pdfs/ph1__chromatin_vs_heme__BRD4_vs_ALAS1__COAD_Normal__spearman.pdf,2026-09-11T12:33:51
1,chromatin_vs_heme,BRD4,ALAD,COAD_Normal,spearman,success,./gepia_pdfs/ph1__chromatin_vs_heme__BRD4_vs_ALAD__COAD_Normal__spearman.pdf,2026-09-11T12:33:56
1,chromatin_vs_heme,BRD4,HMBS,COAD_Normal,spearman,success,./gepia_pdfs/ph1__chromatin_vs_heme__BRD4_vs_HMBS__COAD_Normal__spearman.pdf,2026-09-11T12:34:00
1,chromatin_vs_heme,BRD4,UROS,COAD_Normal,spearman,success,./gepia_pdfs/ph1__chromatin_vs_heme__BRD4_vs_UROS__COAD_Normal__spearman.pdf,2026-09-11T12:34:03
1,chromatin_vs_heme,BRD4,UROD,COAD_Normal,spearman,success,./gepia_pdfs/ph1__chromatin_vs_heme__BRD4_vs_UROD__COAD_Normal__spearman.pdf,2026-09-11T12:34:07
1,chromatin_vs_heme,BRD4,CPOX,COAD_Normal,spearman,success,./gepia_pdfs/ph1__chromatin_vs_heme__BRD4_vs_CPOX__COAD_Normal__spearman.pdf,2026-09-11T12:34:10
1,chromatin_vs_heme,BRD4,PPOX,COAD_Normal,spearman,success,./gepia_pdfs/ph1__chromatin_vs_heme__BRD4_vs_PPOX__COAD_Normal__spearman.pdf,2026-09-11T12:34:15
1,chromatin_vs_heme,BRD4,FECH,COAD_Normal,spearman,success,./gepia_pdfs/ph1__chromatin_vs_heme__BRD4_vs_FECH__COAD_Normal__spearman.pdf,2026-09-11T12:34:19
1,chromatin_vs_heme,BRD2,ALAS1,COAD_Normal,spearman,success,./gepia_pdfs/ph1__chromatin_vs_heme__BRD2_vs_ALAS1__COAD_Normal__spearman.pdf,2026-09-11T12:34:22
1,chromatin_vs_heme,BRD2,ALAD,COAD_Normal,spearman,success,./gepia_pdfs/ph1__chromatin_vs_heme__BRD2_vs_ALAD__COAD_Normal__spearman.pdf,2026-09-11T12:34:26
1,chromatin_vs_heme,BRD2,HMBS,COAD_Normal,spearman,success,./gepia_pdfs/ph1__chromatin_vs_heme__BRD2_vs_HMBS__COAD_Normal__spearman.pdf,2026-09-11T12:34:29
1,chromatin_vs_heme,BRD2,UROS,COAD_Normal,spearman,success,./gepia_pdfs/ph1__chromatin_vs_heme__BRD2_vs_UROS__COAD_Normal__spearman.pdf,2026-09-11T12:34:32
1,chromatin_vs_heme,BRD2,UROD,COAD_Normal,spearman,success,./gepia_pdfs/ph1__chromatin_vs_heme__BRD2_vs_UROD__COAD_Normal__spearman.pdf,2026-09-11T12:34:37
1,chromatin_vs_heme,BRD2,CPOX,COAD_Normal,spearman,success,./gepia_pdfs/ph1__chromatin_vs_heme__BRD2_vs_CPOX__COAD_Normal__spearman.pdf,2026-09-11T12:34:39
1,chromatin_vs_heme,BRD2,PPOX,COAD_Normal,spearman,success,./gepia_pdfs/ph1__chromatin_vs_heme__BRD2_vs_PPOX__COAD_Normal__spearman.pdf,2026-09-11T12:34:45
1,chromatin_vs_heme,BRD2,FECH,COAD_Normal,spearman,success,./gepia_pdfs/ph1__chromatin_vs_heme__BRD2_vs_FECH__COAD_Normal__spearman.pdf,2026-09-11T12:34:49
1,heme_consecutive,ALAS1,ALAD,ESCA_Normal,spearman,success,./gepia_pdfs/ph1__heme_consecutive__ALAS1_vs_ALAD__ESCA_Normal__spearman.pdf,2026-09-11T12:34:54
1,heme_consecutive,ALAD,HMBS,ESCA_Normal,spearman,success,./gepia_pdfs/ph1__heme_consecutive__ALAD_vs_HMBS__ESCA_Normal__spearman.pdf,2026-09-11T12:34:59
1,heme_consecutive,HMBS,UROS,ESCA_Normal,spearman,success,./gepia_pdfs/ph1__heme_consecutive__HMBS_vs_UROS__ESCA_Normal__spearman.pdf,2026-09-11T12:35:01
1,heme_consecutive,UROS,UROD,ESCA_Normal,spearman,success,./gepia_pdfs/ph1__heme_consecutive__UROS_vs_UROD__ESCA_Normal__spearman.pdf,2026-09-11T12:35:06
1,heme_consecutive,UROD,CPOX,ESCA_Normal,spearman,success,./gepia_pdfs/ph1__heme_consecutive__UROD_vs_CPOX__ESCA_Normal__spearman.pdf,2026-09-11T12:35:10
1,heme_consecutive,CPOX,PPOX,ESCA_Normal,spearman,success,./gepia_pdfs/ph1__heme_consecutive__CPOX_vs_PPOX__ESCA_Normal__spearman.pdf,2026-09-11T12:35:13
1,heme_consecutive,PPOX,FECH,ESCA_Normal,spearman,success,./gepia_pdfs/ph1__heme_consecutive__PPOX_vs_FECH__ESCA_Normal__spearman.pdf,2026-09-11T12:35:17
1,heme_nonconsecutive,HMBS,FECH,ESCA_Normal,spearman,success,./gepia_pdfs/ph1__heme_nonconsecutive__HMBS_vs_FECH__ESCA_Normal__spearman.pdf,2026-09-11T12:35:20
1,heme_nonconsecutive,ALAS1,FECH,ESCA_Normal,spearman,success,./gepia_pdfs/ph1__heme_nonconsecutive__ALAS1_vs_FECH__ESCA_Normal__spearman.pdf,2026-09-11T12:35:25
1,heme_nonconsecutive,HMBS,PPOX,ESCA_Normal,spearman,success,./gepia_pdfs/ph1__heme_nonconsecutive__HMBS_vs_PPOX__ESCA_Normal__spearman.pdf,2026-09-11T12:35:28
1,chromatin_vs_heme,H2AFZ,ALAS1,ESCA_Normal,spearman,success,./gepia_pdfs/ph1__chromatin_vs_heme__H2AFZ_vs_ALAS1__ESCA_Normal__spearman.pdf,2026-09-11T12:35:32
1,chromatin_vs_heme,H2AFZ,ALAD,ESCA_Normal,spearman,success,./gepia_pdfs/ph1__chromatin_vs_heme__H2AFZ_vs_ALAD__ESCA_Normal__spearman.pdf,2026-09-11T12:35:36
1,chromatin_vs_heme,H2AFZ,HMBS,ESCA_Normal,spearman,success,./gepia_pdfs/ph1__chromatin_vs_heme__H2AFZ_vs_HMBS__ESCA_Normal__spearman.pdf,2026-09-11T12:35:40
1,chromatin_vs_heme,H2AFZ,UROS,ESCA_Normal,spearman,success,./gepia_pdfs/ph1__chromatin_vs_heme__H2AFZ_vs_UROS__ESCA_Normal__spearman.pdf,2026-09-11T12:35:45
1,chromatin_vs_heme,H2AFZ,UROD,ESCA_Normal,spearman,success,./gepia_pdfs/ph1__chromatin_vs_heme__H2AFZ_vs_UROD__ESCA_Normal__spearman.pdf,2026-09-11T12:35:48
1,chromatin_vs_heme,H2AFZ,CPOX,ESCA_Normal,spearman,success,./gepia_pdfs/ph1__chromatin_vs_heme__H2AFZ_vs_CPOX__ESCA_Normal__spearman.pdf,2026-09-11T12:35:52
1,chromatin_vs_heme,H2AFZ,PPOX,ESCA_Normal,spearman,success,./gepia_pdfs/ph1__chromatin_vs_heme__H2AFZ_vs_PPOX__ESCA_Normal__spearman.pdf,2026-09-11T12:35:56
1,chromatin_vs_heme,H2AFZ,FECH,ESCA_Normal,spearman,success,./gepia_pdfs/ph1__chromatin_vs_heme__H2AFZ_vs_FECH__ESCA_Normal__spearman.pdf,2026-09-11T12:36:01
1,chromatin_vs_heme,ATAD2,ALAS1,ESCA_Normal,spearman,success,./gepia_pdfs/ph1__chromatin_vs_heme__ATAD2_vs_ALAS1__ESCA_Normal__spearman.pdf,2026-09-11T12:36:04
1,chromatin_vs_heme,ATAD2,ALAD,ESCA_Normal,spearman,success,./gepia_pdfs/ph1__chromatin_vs_heme__ATAD2_vs_ALAD__ESCA_Normal__spearman.pdf,2026-09-11T12:36:08
1,chromatin_vs_heme,ATAD2,HMBS,ESCA_Normal,spearman,success,./gepia_pdfs/ph1__chromatin_vs_heme__ATAD2_vs_HMBS__ESCA_Normal__spearman.pdf,2026-09-11T12:36:12
1,chromatin_vs_heme,ATAD2,UROS,ESCA_Normal,spearman,success,./gepia_pdfs/ph1__chromatin_vs_heme__ATAD2_vs_UROS__ESCA_Normal__spearman.pdf,2026-09-11T12:36:16
1,chromatin_vs_heme,ATAD2,UROD,ESCA_Normal,spearman,success,./gepia_pdfs/ph1__chromatin_vs_heme__ATAD2_vs_UROD__ESCA_Normal__spearman.pdf,2026-09-11T12:36:20
1,chromatin_vs_heme,ATAD2,CPOX,ESCA_Normal,spearman,success,./gepia_pdfs/ph1__chromatin_vs_heme__ATAD2_vs_CPOX__ESCA_Normal__spearman.pdf,2026-09-11T12:36:24
1,chromatin_vs_heme,ATAD2,PPOX,ESCA_Normal,spearman,success,./gepia_pdfs/ph1__chromatin_vs_heme__ATAD2_vs_PPOX__ESCA_Normal__spearman.pdf,2026-09-11T12:36:29
1,chromatin_vs_heme,ATAD2,FECH,ESCA_Normal,spearman,success,./gepia_pdfs/ph1__chromatin_vs_heme__ATAD2_vs_FECH__ESCA_Normal__spearman.pdf,2026-09-11T12:36:34
1,chromatin_vs_heme,BRD4,ALAS1,ESCA_Normal,spearman,success,./gepia_pdfs/ph1__chromatin_vs_heme__BRD4_vs_ALAS1__ESCA_Normal__spearman.pdf,2026-09-11T12:36:38
1,chromatin_vs_heme,BRD4,ALAD,ESCA_Normal,spearman,success,./gepia_pdfs/ph1__chromatin_vs_heme__BRD4_vs_ALAD__ESCA_Normal__spearman.pdf,2026-09-11T12:36:43
1,chromatin_vs_heme,BRD4,HMBS,ESCA_Normal,spearman,success,./gepia_pdfs/ph1__chromatin_vs_heme__BRD4_vs_HMBS__ESCA_Normal__spearman.pdf,2026-09-11T12:36:48
1,chromatin_vs_heme,BRD4,UROS,ESCA_Normal,spearman,success,./gepia_pdfs/ph1__chromatin_vs_heme__BRD4_vs_UROS__ESCA_Normal__spearman.pdf,2026-09-11T12:36:53
1,chromatin_vs_heme,BRD4,UROD,ESCA_Normal,spearman,success,./gepia_pdfs/ph1__chromatin_vs_heme__BRD4_vs_UROD__ESCA_Normal__spearman.pdf,2026-09-11T12:36:58
1,chromatin_vs_heme,BRD4,CPOX,ESCA_Normal,spearman,success,./gepia_pdfs/ph1__chromatin_vs_heme__BRD4_vs_CPOX__ESCA_Normal__spearman.pdf,2026-09-11T12:37:02
1,chromatin_vs_heme,BRD4,PPOX,ESCA_Normal,spearman,success,./gepia_pdfs/ph1__chromatin_vs_heme__BRD4_vs_PPOX__ESCA_Normal__spearman.pdf,2026-09-11T12:37:06
1,chromatin_vs_heme,BRD4,FECH,ESCA_Normal,spearman,success,./gepia_pdfs/ph1__chromatin_vs_heme__BRD4_vs_FECH__ESCA_Normal__spearman.pdf,2026-09-11T12:37:11
1,chromatin_vs_heme,BRD2,ALAS1,ESCA_Normal,spearman,success,./gepia_pdfs/ph1__chromatin_vs_heme__BRD2_vs_ALAS1__ESCA_Normal__spearman.pdf,2026-09-11T12:37:14
1,chromatin_vs_heme,BRD2,ALAD,ESCA_Normal,spearman,success,./gepia_pdfs/ph1__chromatin_vs_heme__BRD2_vs_ALAD__ESCA_Normal__spearman.pdf,2026-09-11T12:37:20
1,chromatin_vs_heme,BRD2,HMBS,ESCA_Normal,spearman,success,./gepia_pdfs/ph1__chromatin_vs_heme__BRD2_vs_HMBS__ESCA_Normal__spearman.pdf,2026-09-11T12:37:25
1,chromatin_vs_heme,BRD2,UROS,ESCA_Normal,spearman,success,./gepia_pdfs/ph1__chromatin_vs_heme__BRD2_vs_UROS__ESCA_Normal__spearman.pdf,2026-09-11T12:37:28
1,chromatin_vs_heme,BRD2,UROD,ESCA_Normal,spearman,success,./gepia_pdfs/ph1__chromatin_vs_heme__BRD2_vs_UROD__ESCA_Normal__spearman.pdf,2026-09-11T12:37:31
1,chromatin_vs_heme,BRD2,CPOX,ESCA_Normal,spearman,success,./gepia_pdfs/ph1__chromatin_vs_heme__BRD2_vs_CPOX__ESCA_Normal__spearman.pdf,2026-09-11T12:37:34
1,chromatin_vs_heme,BRD2,PPOX,ESCA_Normal,spearman,success,./gepia_pdfs/ph1__chromatin_vs_heme__BRD2_vs_PPOX__ESCA_Normal__spearman.pdf,2026-09-11T12:37:38
1,chromatin_vs_heme,BRD2,FECH,ESCA_Normal,spearman,success,./gepia_pdfs/ph1__chromatin_vs_heme__BRD2_vs_FECH__ESCA_Normal__spearman.pdf,2026-09-11T12:37:42
1,heme_consecutive,ALAS1,ALAD,HNSC_Normal,spearman,success,./gepia_pdfs/ph1__heme_consecutive__ALAS1_vs_ALAD__HNSC_Normal__spearman.pdf,2026-09-11T12:37:45
1,heme_consecutive,ALAD,HMBS,HNSC_Normal,spearman,success,./gepia_pdfs/ph1__heme_consecutive__ALAD_vs_HMBS__HNSC_Normal__spearman.pdf,2026-09-11T12:37:49
1,heme_consecutive,HMBS,UROS,HNSC_Normal,spearman,success,./gepia_pdfs/ph1__heme_consecutive__HMBS_vs_UROS__HNSC_Normal__spearman.pdf,2026-09-11T12:37:51
1,heme_consecutive,UROS,UROD,HNSC_Normal,spearman,success,./gepia_pdfs/ph1__heme_consecutive__UROS_vs_UROD__HNSC_Normal__spearman.pdf,2026-09-11T12:37:55
1,heme_consecutive,UROD,CPOX,HNSC_Normal,spearman,success,./gepia_pdfs/ph1__heme_consecutive__UROD_vs_CPOX__HNSC_Normal__spearman.pdf,2026-09-11T12:37:58
1,heme_consecutive,CPOX,PPOX,HNSC_Normal,spearman,success,./gepia_pdfs/ph1__heme_consecutive__CPOX_vs_PPOX__HNSC_Normal__spearman.pdf,2026-09-11T12:38:01
1,heme_consecutive,PPOX,FECH,HNSC_Normal,spearman,success,./gepia_pdfs/ph1__heme_consecutive__PPOX_vs_FECH__HNSC_Normal__spearman.pdf,2026-09-11T12:38:06
1,heme_nonconsecutive,HMBS,FECH,HNSC_Normal,spearman,success,./gepia_pdfs/ph1__heme_nonconsecutive__HMBS_vs_FECH__HNSC_Normal__spearman.pdf,2026-09-11T12:38:08
1,heme_nonconsecutive,ALAS1,FECH,HNSC_Normal,spearman,success,./gepia_pdfs/ph1__heme_nonconsecutive__ALAS1_vs_FECH__HNSC_Normal__spearman.pdf,2026-09-11T12:38:10
1,heme_nonconsecutive,HMBS,PPOX,HNSC_Normal,spearman,success,./gepia_pdfs/ph1__heme_nonconsecutive__HMBS_vs_PPOX__HNSC_Normal__spearman.pdf,2026-09-11T12:38:14
1,chromatin_vs_heme,H2AFZ,ALAS1,HNSC_Normal,spearman,success,./gepia_pdfs/ph1__chromatin_vs_heme__H2AFZ_vs_ALAS1__HNSC_Normal__spearman.pdf,2026-09-11T12:38:19
1,chromatin_vs_heme,H2AFZ,ALAD,HNSC_Normal,spearman,success,./gepia_pdfs/ph1__chromatin_vs_heme__H2AFZ_vs_ALAD__HNSC_Normal__spearman.pdf,2026-09-11T12:38:22
1,chromatin_vs_heme,H2AFZ,HMBS,HNSC_Normal,spearman,success,./gepia_pdfs/ph1__chromatin_vs_heme__H2AFZ_vs_HMBS__HNSC_Normal__spearman.pdf,2026-09-11T12:38:25
1,chromatin_vs_heme,H2AFZ,UROS,HNSC_Normal,spearman,success,./gepia_pdfs/ph1__chromatin_vs_heme__H2AFZ_vs_UROS__HNSC_Normal__spearman.pdf,2026-09-11T12:38:28
1,chromatin_vs_heme,H2AFZ,UROD,HNSC_Normal,spearman,success,./gepia_pdfs/ph1__chromatin_vs_heme__H2AFZ_vs_UROD__HNSC_Normal__spearman.pdf,2026-09-11T12:38:33
1,chromatin_vs_heme,H2AFZ,CPOX,HNSC_Normal,spearman,success,./gepia_pdfs/ph1__chromatin_vs_heme__H2AFZ_vs_CPOX__HNSC_Normal__spearman.pdf,2026-09-11T12:38:38
1,chromatin_vs_heme,H2AFZ,PPOX,HNSC_Normal,spearman,success,./gepia_pdfs/ph1__chromatin_vs_heme__H2AFZ_vs_PPOX__HNSC_Normal__spearman.pdf,2026-09-11T12:38:42
1,chromatin_vs_heme,H2AFZ,FECH,HNSC_Normal,spearman,success,./gepia_pdfs/ph1__chromatin_vs_heme__H2AFZ_vs_FECH__HNSC_Normal__spearman.pdf,2026-09-11T12:38:47
1,chromatin_vs_heme,ATAD2,ALAS1,HNSC_Normal,spearman,success,./gepia_pdfs/ph1__chromatin_vs_heme__ATAD2_vs_ALAS1__HNSC_Normal__spearman.pdf,2026-09-11T12:38:50
1,chromatin_vs_heme,ATAD2,ALAD,HNSC_Normal,spearman,success,./gepia_pdfs/ph1__chromatin_vs_heme__ATAD2_vs_ALAD__HNSC_Normal__spearman.pdf,2026-09-11T12:38:54
1,chromatin_vs_heme,ATAD2,HMBS,HNSC_Normal,spearman,success,./gepia_pdfs/ph1__chromatin_vs_heme__ATAD2_vs_HMBS__HNSC_Normal__spearman.pdf,2026-09-11T12:38:58
1,chromatin_vs_heme,ATAD2,UROS,HNSC_Normal,spearman,success,./gepia_pdfs/ph1__chromatin_vs_heme__ATAD2_vs_UROS__HNSC_Normal__spearman.pdf,2026-09-11T12:39:01
1,chromatin_vs_heme,ATAD2,UROD,HNSC_Normal,spearman,success,./gepia_pdfs/ph1__chromatin_vs_heme__ATAD2_vs_UROD__HNSC_Normal__spearman.pdf,2026-09-11T12:39:04
1,chromatin_vs_heme,ATAD2,CPOX,HNSC_Normal,spearman,success,./gepia_pdfs/ph1__chromatin_vs_heme__ATAD2_vs_CPOX__HNSC_Normal__spearman.pdf,2026-09-11T12:39:08
1,chromatin_vs_heme,ATAD2,PPOX,HNSC_Normal,spearman,success,./gepia_pdfs/ph1__chromatin_vs_heme__ATAD2_vs_PPOX__HNSC_Normal__spearman.pdf,2026-09-11T12:39:12
1,chromatin_vs_heme,ATAD2,FECH,HNSC_Normal,spearman,success,./gepia_pdfs/ph1__chromatin_vs_heme__ATAD2_vs_FECH__HNSC_Normal__spearman.pdf,2026-09-11T12:39:17
1,chromatin_vs_heme,BRD4,ALAS1,HNSC_Normal,spearman,success,./gepia_pdfs/ph1__chromatin_vs_heme__BRD4_vs_ALAS1__HNSC_Normal__spearman.pdf,2026-09-11T12:39:22
1,chromatin_vs_heme,BRD4,ALAD,HNSC_Normal,spearman,success,./gepia_pdfs/ph1__chromatin_vs_heme__BRD4_vs_ALAD__HNSC_Normal__spearman.pdf,2026-09-11T12:39:26
1,chromatin_vs_heme,BRD4,HMBS,HNSC_Normal,spearman,success,./gepia_pdfs/ph1__chromatin_vs_heme__BRD4_vs_HMBS__HNSC_Normal__spearman.pdf,2026-09-11T12:39:30
1,chromatin_vs_heme,BRD4,UROS,HNSC_Normal,spearman,success,./gepia_pdfs/ph1__chromatin_vs_heme__BRD4_vs_UROS__HNSC_Normal__spearman.pdf,2026-09-11T12:39:34
1,chromatin_vs_heme,BRD4,UROD,HNSC_Normal,spearman,success,./gepia_pdfs/ph1__chromatin_vs_heme__BRD4_vs_UROD__HNSC_Normal__spearman.pdf,2026-09-11T12:39:38
1,chromatin_vs_heme,BRD4,CPOX,HNSC_Normal,spearman,success,./gepia_pdfs/ph1__chromatin_vs_heme__BRD4_vs_CPOX__HNSC_Normal__spearman.pdf,2026-09-11T12:39:42
1,chromatin_vs_heme,BRD4,PPOX,HNSC_Normal,spearman,success,./gepia_pdfs/ph1__chromatin_vs_heme__BRD4_vs_PPOX__HNSC_Normal__spearman.pdf,2026-09-11T12:39:46
1,chromatin_vs_heme,BRD4,FECH,HNSC_Normal,spearman,success,./gepia_pdfs/ph1__chromatin_vs_heme__BRD4_vs_FECH__HNSC_Normal__spearman.pdf,2026-09-11T12:39:49
1,chromatin_vs_heme,BRD2,ALAS1,HNSC_Normal,spearman,success,./gepia_pdfs/ph1__chromatin_vs_heme__BRD2_vs_ALAS1__HNSC_Normal__spearman.pdf,2026-09-11T12:39:51
1,chromatin_vs_heme,BRD2,ALAD,HNSC_Normal,spearman,success,./gepia_pdfs/ph1__chromatin_vs_heme__BRD2_vs_ALAD__HNSC_Normal__spearman.pdf,2026-09-11T12:39:56
1,chromatin_vs_heme,BRD2,HMBS,HNSC_Normal,spearman,success,./gepia_pdfs/ph1__chromatin_vs_heme__BRD2_vs_HMBS__HNSC_Normal__spearman.pdf,2026-09-11T12:39:59
1,chromatin_vs_heme,BRD2,UROS,HNSC_Normal,spearman,success,./gepia_pdfs/ph1__chromatin_vs_heme__BRD2_vs_UROS__HNSC_Normal__spearman.pdf,2026-09-11T12:40:02
1,chromatin_vs_heme,BRD2,UROD,HNSC_Normal,spearman,success,./gepia_pdfs/ph1__chromatin_vs_heme__BRD2_vs_UROD__HNSC_Normal__spearman.pdf,2026-09-11T12:40:06
1,chromatin_vs_heme,BRD2,CPOX,HNSC_Normal,spearman,success,./gepia_pdfs/ph1__chromatin_vs_heme__BRD2_vs_CPOX__HNSC_Normal__spearman.pdf,2026-09-11T12:40:10
1,chromatin_vs_heme,BRD2,PPOX,HNSC_Normal,spearman,success,./gepia_pdfs/ph1__chromatin_vs_heme__BRD2_vs_PPOX__HNSC_Normal__spearman.pdf,2026-09-11T12:40:14
1,chromatin_vs_heme,BRD2,FECH,HNSC_Normal,spearman,success,./gepia_pdfs/ph1__chromatin_vs_heme__BRD2_vs_FECH__HNSC_Normal__spearman.pdf,2026-09-11T12:40:18
1,heme_consecutive,ALAS1,ALAD,KICH_Normal,spearman,success,./gepia_pdfs/ph1__heme_consecutive__ALAS1_vs_ALAD__KICH_Normal__spearman.pdf,2026-09-11T12:40:21
1,heme_consecutive,ALAD,HMBS,KICH_Normal,spearman,success,./gepia_pdfs/ph1__heme_consecutive__ALAD_vs_HMBS__KICH_Normal__spearman.pdf,2026-09-11T12:40:26
1,heme_consecutive,HMBS,UROS,KICH_Normal,spearman,success,./gepia_pdfs/ph1__heme_consecutive__HMBS_vs_UROS__KICH_Normal__spearman.pdf,2026-09-11T12:40:30
1,heme_consecutive,UROS,UROD,KICH_Normal,spearman,success,./gepia_pdfs/ph1__heme_consecutive__UROS_vs_UROD__KICH_Normal__spearman.pdf,2026-09-11T12:40:35
1,heme_consecutive,UROD,CPOX,KICH_Normal,spearman,success,./gepia_pdfs/ph1__heme_consecutive__UROD_vs_CPOX__KICH_Normal__spearman.pdf,2026-09-11T12:40:40
1,heme_consecutive,CPOX,PPOX,KICH_Normal,spearman,success,./gepia_pdfs/ph1__heme_consecutive__CPOX_vs_PPOX__KICH_Normal__spearman.pdf,2026-09-11T12:40:43
1,heme_consecutive,PPOX,FECH,KICH_Normal,spearman,success,./gepia_pdfs/ph1__heme_consecutive__PPOX_vs_FECH__KICH_Normal__spearman.pdf,2026-09-11T12:40:48
1,heme_nonconsecutive,HMBS,FECH,KICH_Normal,spearman,success,./gepia_pdfs/ph1__heme_nonconsecutive__HMBS_vs_FECH__KICH_Normal__spearman.pdf,2026-09-11T12:40:50
1,heme_nonconsecutive,ALAS1,FECH,KICH_Normal,spearman,success,./gepia_pdfs/ph1__heme_nonconsecutive__ALAS1_vs_FECH__KICH_Normal__spearman.pdf,2026-09-11T12:40:55
1,heme_nonconsecutive,HMBS,PPOX,KICH_Normal,spearman,success,./gepia_pdfs/ph1__heme_nonconsecutive__HMBS_vs_PPOX__KICH_Normal__spearman.pdf,2026-09-11T12:40:57
1,chromatin_vs_heme,H2AFZ,ALAS1,KICH_Normal,spearman,success,./gepia_pdfs/ph1__chromatin_vs_heme__H2AFZ_vs_ALAS1__KICH_Normal__spearman.pdf,2026-09-11T12:41:01
1,chromatin_vs_heme,H2AFZ,ALAD,KICH_Normal,spearman,success,./gepia_pdfs/ph1__chromatin_vs_heme__H2AFZ_vs_ALAD__KICH_Normal__spearman.pdf,2026-09-11T12:41:05
1,chromatin_vs_heme,H2AFZ,HMBS,KICH_Normal,spearman,success,./gepia_pdfs/ph1__chromatin_vs_heme__H2AFZ_vs_HMBS__KICH_Normal__spearman.pdf,2026-09-11T12:41:09
1,chromatin_vs_heme,H2AFZ,UROS,KICH_Normal,spearman,success,./gepia_pdfs/ph1__chromatin_vs_heme__H2AFZ_vs_UROS__KICH_Normal__spearman.pdf,2026-09-11T12:41:12
1,chromatin_vs_heme,H2AFZ,UROD,KICH_Normal,spearman,success,./gepia_pdfs/ph1__chromatin_vs_heme__H2AFZ_vs_UROD__KICH_Normal__spearman.pdf,2026-09-11T12:41:15
1,chromatin_vs_heme,H2AFZ,CPOX,KICH_Normal,spearman,success,./gepia_pdfs/ph1__chromatin_vs_heme__H2AFZ_vs_CPOX__KICH_Normal__spearman.pdf,2026-09-11T12:41:20
1,chromatin_vs_heme,H2AFZ,PPOX,KICH_Normal,spearman,success,./gepia_pdfs/ph1__chromatin_vs_heme__H2AFZ_vs_PPOX__KICH_Normal__spearman.pdf,2026-09-11T12:41:25
1,chromatin_vs_heme,H2AFZ,FECH,KICH_Normal,spearman,success,./gepia_pdfs/ph1__chromatin_vs_heme__H2AFZ_vs_FECH__KICH_Normal__spearman.pdf,2026-09-11T12:41:27
1,chromatin_vs_heme,ATAD2,ALAS1,KICH_Normal,spearman,success,./gepia_pdfs/ph1__chromatin_vs_heme__ATAD2_vs_ALAS1__KICH_Normal__spearman.pdf,2026-09-11T12:41:31
1,chromatin_vs_heme,ATAD2,ALAD,KICH_Normal,spearman,success,./gepia_pdfs/ph1__chromatin_vs_heme__ATAD2_vs_ALAD__KICH_Normal__spearman.pdf,2026-09-11T12:41:35
1,chromatin_vs_heme,ATAD2,HMBS,KICH_Normal,spearman,success,./gepia_pdfs/ph1__chromatin_vs_heme__ATAD2_vs_HMBS__KICH_Normal__spearman.pdf,2026-09-11T12:41:39
1,chromatin_vs_heme,ATAD2,UROS,KICH_Normal,spearman,success,./gepia_pdfs/ph1__chromatin_vs_heme__ATAD2_vs_UROS__KICH_Normal__spearman.pdf,2026-09-11T12:41:42
1,chromatin_vs_heme,ATAD2,UROD,KICH_Normal,spearman,success,./gepia_pdfs/ph1__chromatin_vs_heme__ATAD2_vs_UROD__KICH_Normal__spearman.pdf,2026-09-11T12:41:47
1,chromatin_vs_heme,ATAD2,CPOX,KICH_Normal,spearman,success,./gepia_pdfs/ph1__chromatin_vs_heme__ATAD2_vs_CPOX__KICH_Normal__spearman.pdf,2026-09-11T12:41:50
1,chromatin_vs_heme,ATAD2,PPOX,KICH_Normal,spearman,success,./gepia_pdfs/ph1__chromatin_vs_heme__ATAD2_vs_PPOX__KICH_Normal__spearman.pdf,2026-09-11T12:41:52
1,chromatin_vs_heme,ATAD2,FECH,KICH_Normal,spearman,success,./gepia_pdfs/ph1__chromatin_vs_heme__ATAD2_vs_FECH__KICH_Normal__spearman.pdf,2026-09-11T12:41:57
1,chromatin_vs_heme,BRD4,ALAS1,KICH_Normal,spearman,success,./gepia_pdfs/ph1__chromatin_vs_heme__BRD4_vs_ALAS1__KICH_Normal__spearman.pdf,2026-09-11T12:42:02
1,chromatin_vs_heme,BRD4,ALAD,KICH_Normal,spearman,success,./gepia_pdfs/ph1__chromatin_vs_heme__BRD4_vs_ALAD__KICH_Normal__spearman.pdf,2026-09-11T12:42:05
1,chromatin_vs_heme,BRD4,HMBS,KICH_Normal,spearman,success,./gepia_pdfs/ph1__chromatin_vs_heme__BRD4_vs_HMBS__KICH_Normal__spearman.pdf,2026-09-11T12:42:10
1,chromatin_vs_heme,BRD4,UROS,KICH_Normal,spearman,success,./gepia_pdfs/ph1__chromatin_vs_heme__BRD4_vs_UROS__KICH_Normal__spearman.pdf,2026-09-11T12:42:14
1,chromatin_vs_heme,BRD4,UROD,KICH_Normal,spearman,success,./gepia_pdfs/ph1__chromatin_vs_heme__BRD4_vs_UROD__KICH_Normal__spearman.pdf,2026-09-11T12:42:19
1,chromatin_vs_heme,BRD4,CPOX,KICH_Normal,spearman,success,./gepia_pdfs/ph1__chromatin_vs_heme__BRD4_vs_CPOX__KICH_Normal__spearman.pdf,2026-09-11T12:42:22
1,chromatin_vs_heme,BRD4,PPOX,KICH_Normal,spearman,success,./gepia_pdfs/ph1__chromatin_vs_heme__BRD4_vs_PPOX__KICH_Normal__spearman.pdf,2026-09-11T12:42:27
1,chromatin_vs_heme,BRD4,FECH,KICH_Normal,spearman,success,./gepia_pdfs/ph1__chromatin_vs_heme__BRD4_vs_FECH__KICH_Normal__spearman.pdf,2026-09-11T12:42:31
1,chromatin_vs_heme,BRD2,ALAS1,KICH_Normal,spearman,success,./gepia_pdfs/ph1__chromatin_vs_heme__BRD2_vs_ALAS1__KICH_Normal__spearman.pdf,2026-09-11T12:42:36
1,chromatin_vs_heme,BRD2,ALAD,KICH_Normal,spearman,success,./gepia_pdfs/ph1__chromatin_vs_heme__BRD2_vs_ALAD__KICH_Normal__spearman.pdf,2026-09-11T12:42:40
1,chromatin_vs_heme,BRD2,HMBS,KICH_Normal,spearman,success,./gepia_pdfs/ph1__chromatin_vs_heme__BRD2_vs_HMBS__KICH_Normal__spearman.pdf,2026-09-11T12:42:43
1,chromatin_vs_heme,BRD2,UROS,KICH_Normal,spearman,success,./gepia_pdfs/ph1__chromatin_vs_heme__BRD2_vs_UROS__KICH_Normal__spearman.pdf,2026-09-11T12:42:47
1,chromatin_vs_heme,BRD2,UROD,KICH_Normal,spearman,success,./gepia_pdfs/ph1__chromatin_vs_heme__BRD2_vs_UROD__KICH_Normal__spearman.pdf,2026-09-11T12:42:49
1,chromatin_vs_heme,BRD2,CPOX,KICH_Normal,spearman,success,./gepia_pdfs/ph1__chromatin_vs_heme__BRD2_vs_CPOX__KICH_Normal__spearman.pdf,2026-09-11T12:42:52
1,chromatin_vs_heme,BRD2,PPOX,KICH_Normal,spearman,success,./gepia_pdfs/ph1__chromatin_vs_heme__BRD2_vs_PPOX__KICH_Normal__spearman.pdf,2026-09-11T12:42:54
1,chromatin_vs_heme,BRD2,FECH,KICH_Normal,spearman,success,./gepia_pdfs/ph1__chromatin_vs_heme__BRD2_vs_FECH__KICH_Normal__spearman.pdf,2026-09-11T12:42:59
1,heme_consecutive,ALAS1,ALAD,KIRC_Normal,spearman,success,./gepia_pdfs/ph1__heme_consecutive__ALAS1_vs_ALAD__KIRC_Normal__spearman.pdf,2026-09-11T12:43:04
1,heme_consecutive,ALAD,HMBS,KIRC_Normal,spearman,success,./gepia_pdfs/ph1__heme_consecutive__ALAD_vs_HMBS__KIRC_Normal__spearman.pdf,2026-09-11T12:43:07
1,heme_consecutive,HMBS,UROS,KIRC_Normal,spearman,success,./gepia_pdfs/ph1__heme_consecutive__HMBS_vs_UROS__KIRC_Normal__spearman.pdf,2026-09-11T12:43:10
1,heme_consecutive,UROS,UROD,KIRC_Normal,spearman,success,./gepia_pdfs/ph1__heme_consecutive__UROS_vs_UROD__KIRC_Normal__spearman.pdf,2026-09-11T12:43:14
1,heme_consecutive,UROD,CPOX,KIRC_Normal,spearman,success,./gepia_pdfs/ph1__heme_consecutive__UROD_vs_CPOX__KIRC_Normal__spearman.pdf,2026-09-11T12:43:18
1,heme_consecutive,CPOX,PPOX,KIRC_Normal,spearman,success,./gepia_pdfs/ph1__heme_consecutive__CPOX_vs_PPOX__KIRC_Normal__spearman.pdf,2026-09-11T12:43:21
1,heme_consecutive,PPOX,FECH,KIRC_Normal,spearman,success,./gepia_pdfs/ph1__heme_consecutive__PPOX_vs_FECH__KIRC_Normal__spearman.pdf,2026-09-11T12:43:24
1,heme_nonconsecutive,HMBS,FECH,KIRC_Normal,spearman,success,./gepia_pdfs/ph1__heme_nonconsecutive__HMBS_vs_FECH__KIRC_Normal__spearman.pdf,2026-09-11T12:43:29
1,heme_nonconsecutive,ALAS1,FECH,KIRC_Normal,spearman,success,./gepia_pdfs/ph1__heme_nonconsecutive__ALAS1_vs_FECH__KIRC_Normal__spearman.pdf,2026-09-11T12:43:33
1,heme_nonconsecutive,HMBS,PPOX,KIRC_Normal,spearman,success,./gepia_pdfs/ph1__heme_nonconsecutive__HMBS_vs_PPOX__KIRC_Normal__spearman.pdf,2026-09-11T12:43:37
1,chromatin_vs_heme,H2AFZ,ALAS1,KIRC_Normal,spearman,success,./gepia_pdfs/ph1__chromatin_vs_heme__H2AFZ_vs_ALAS1__KIRC_Normal__spearman.pdf,2026-09-11T12:43:42
1,chromatin_vs_heme,H2AFZ,ALAD,KIRC_Normal,spearman,success,./gepia_pdfs/ph1__chromatin_vs_heme__H2AFZ_vs_ALAD__KIRC_Normal__spearman.pdf,2026-09-11T12:43:47
1,chromatin_vs_heme,H2AFZ,HMBS,KIRC_Normal,spearman,success,./gepia_pdfs/ph1__chromatin_vs_heme__H2AFZ_vs_HMBS__KIRC_Normal__spearman.pdf,2026-09-11T12:43:51
1,chromatin_vs_heme,H2AFZ,UROS,KIRC_Normal,spearman,success,./gepia_pdfs/ph1__chromatin_vs_heme__H2AFZ_vs_UROS__KIRC_Normal__spearman.pdf,2026-09-11T12:43:54
1,chromatin_vs_heme,H2AFZ,UROD,KIRC_Normal,spearman,success,./gepia_pdfs/ph1__chromatin_vs_heme__H2AFZ_vs_UROD__KIRC_Normal__spearman.pdf,2026-09-11T12:43:58
1,chromatin_vs_heme,H2AFZ,CPOX,KIRC_Normal,spearman,success,./gepia_pdfs/ph1__chromatin_vs_heme__H2AFZ_vs_CPOX__KIRC_Normal__spearman.pdf,2026-09-11T12:44:02
1,chromatin_vs_heme,H2AFZ,PPOX,KIRC_Normal,spearman,success,./gepia_pdfs/ph1__chromatin_vs_heme__H2AFZ_vs_PPOX__KIRC_Normal__spearman.pdf,2026-09-11T12:44:05
1,chromatin_vs_heme,H2AFZ,FECH,KIRC_Normal,spearman,success,./gepia_pdfs/ph1__chromatin_vs_heme__H2AFZ_vs_FECH__KIRC_Normal__spearman.pdf,2026-09-11T12:44:10
1,chromatin_vs_heme,ATAD2,ALAS1,KIRC_Normal,spearman,success,./gepia_pdfs/ph1__chromatin_vs_heme__ATAD2_vs_ALAS1__KIRC_Normal__spearman.pdf,2026-09-11T12:44:13
1,chromatin_vs_heme,ATAD2,ALAD,KIRC_Normal,spearman,success,./gepia_pdfs/ph1__chromatin_vs_heme__ATAD2_vs_ALAD__KIRC_Normal__spearman.pdf,2026-09-11T12:44:16
1,chromatin_vs_heme,ATAD2,HMBS,KIRC_Normal,spearman,success,./gepia_pdfs/ph1__chromatin_vs_heme__ATAD2_vs_HMBS__KIRC_Normal__spearman.pdf,2026-09-11T12:44:20
1,chromatin_vs_heme,ATAD2,UROS,KIRC_Normal,spearman,success,./gepia_pdfs/ph1__chromatin_vs_heme__ATAD2_vs_UROS__KIRC_Normal__spearman.pdf,2026-09-11T12:44:24
1,chromatin_vs_heme,ATAD2,UROD,KIRC_Normal,spearman,success,./gepia_pdfs/ph1__chromatin_vs_heme__ATAD2_vs_UROD__KIRC_Normal__spearman.pdf,2026-09-11T12:44:27
1,chromatin_vs_heme,ATAD2,CPOX,KIRC_Normal,spearman,success,./gepia_pdfs/ph1__chromatin_vs_heme__ATAD2_vs_CPOX__KIRC_Normal__spearman.pdf,2026-09-11T12:44:29
1,chromatin_vs_heme,ATAD2,PPOX,KIRC_Normal,spearman,success,./gepia_pdfs/ph1__chromatin_vs_heme__ATAD2_vs_PPOX__KIRC_Normal__spearman.pdf,2026-09-11T12:44:32
1,chromatin_vs_heme,ATAD2,FECH,KIRC_Normal,spearman,success,./gepia_pdfs/ph1__chromatin_vs_heme__ATAD2_vs_FECH__KIRC_Normal__spearman.pdf,2026-09-11T12:44:36
1,chromatin_vs_heme,BRD4,ALAS1,KIRC_Normal,spearman,success,./gepia_pdfs/ph1__chromatin_vs_heme__BRD4_vs_ALAS1__KIRC_Normal__spearman.pdf,2026-09-11T12:44:41
1,chromatin_vs_heme,BRD4,ALAD,KIRC_Normal,spearman,success,./gepia_pdfs/ph1__chromatin_vs_heme__BRD4_vs_ALAD__KIRC_Normal__spearman.pdf,2026-09-11T12:44:44
1,chromatin_vs_heme,BRD4,HMBS,KIRC_Normal,spearman,success,./gepia_pdfs/ph1__chromatin_vs_heme__BRD4_vs_HMBS__KIRC_Normal__spearman.pdf,2026-09-11T12:44:49
1,chromatin_vs_heme,BRD4,UROS,KIRC_Normal,spearman,success,./gepia_pdfs/ph1__chromatin_vs_heme__BRD4_vs_UROS__KIRC_Normal__spearman.pdf,2026-09-11T12:44:52
1,chromatin_vs_heme,BRD4,UROD,KIRC_Normal,spearman,success,./gepia_pdfs/ph1__chromatin_vs_heme__BRD4_vs_UROD__KIRC_Normal__spearman.pdf,2026-09-11T12:44:56
1,chromatin_vs_heme,BRD4,CPOX,KIRC_Normal,spearman,success,./gepia_pdfs/ph1__chromatin_vs_heme__BRD4_vs_CPOX__KIRC_Normal__spearman.pdf,2026-09-11T12:45:00
1,chromatin_vs_heme,BRD4,PPOX,KIRC_Normal,spearman,success,./gepia_pdfs/ph1__chromatin_vs_heme__BRD4_vs_PPOX__KIRC_Normal__spearman.pdf,2026-09-11T12:45:03
1,chromatin_vs_heme,BRD4,FECH,KIRC_Normal,spearman,success,./gepia_pdfs/ph1__chromatin_vs_heme__BRD4_vs_FECH__KIRC_Normal__spearman.pdf,2026-09-11T12:45:05
1,chromatin_vs_heme,BRD2,ALAS1,KIRC_Normal,spearman,success,./gepia_pdfs/ph1__chromatin_vs_heme__BRD2_vs_ALAS1__KIRC_Normal__spearman.pdf,2026-09-11T12:45:08
1,chromatin_vs_heme,BRD2,ALAD,KIRC_Normal,spearman,success,./gepia_pdfs/ph1__chromatin_vs_heme__BRD2_vs_ALAD__KIRC_Normal__spearman.pdf,2026-09-11T12:45:11
1,chromatin_vs_heme,BRD2,HMBS,KIRC_Normal,spearman,success,./gepia_pdfs/ph1__chromatin_vs_heme__BRD2_vs_HMBS__KIRC_Normal__spearman.pdf,2026-09-11T12:45:14
1,chromatin_vs_heme,BRD2,UROS,KIRC_Normal,spearman,success,./gepia_pdfs/ph1__chromatin_vs_heme__BRD2_vs_UROS__KIRC_Normal__spearman.pdf,2026-09-11T12:45:16
1,chromatin_vs_heme,BRD2,UROD,KIRC_Normal,spearman,success,./gepia_pdfs/ph1__chromatin_vs_heme__BRD2_vs_UROD__KIRC_Normal__spearman.pdf,2026-09-11T12:45:21
1,chromatin_vs_heme,BRD2,CPOX,KIRC_Normal,spearman,success,./gepia_pdfs/ph1__chromatin_vs_heme__BRD2_vs_CPOX__KIRC_Normal__spearman.pdf,2026-09-11T12:45:26
1,chromatin_vs_heme,BRD2,PPOX,KIRC_Normal,spearman,success,./gepia_pdfs/ph1__chromatin_vs_heme__BRD2_vs_PPOX__KIRC_Normal__spearman.pdf,2026-09-11T12:45:29
1,chromatin_vs_heme,BRD2,FECH,KIRC_Normal,spearman,success,./gepia_pdfs/ph1__chromatin_vs_heme__BRD2_vs_FECH__KIRC_Normal__spearman.pdf,2026-09-11T12:45:32
1,heme_consecutive,ALAS1,ALAD,KIRP_Normal,spearman,success,./gepia_pdfs/ph1__heme_consecutive__ALAS1_vs_ALAD__KIRP_Normal__spearman.pdf,2026-09-11T12:45:36
1,heme_consecutive,ALAD,HMBS,KIRP_Normal,spearman,success,./gepia_pdfs/ph1__heme_consecutive__ALAD_vs_HMBS__KIRP_Normal__spearman.pdf,2026-09-11T12:45:39
1,heme_consecutive,HMBS,UROS,KIRP_Normal,spearman,success,./gepia_pdfs/ph1__heme_consecutive__HMBS_vs_UROS__KIRP_Normal__spearman.pdf,2026-09-11T12:45:42
1,heme_consecutive,UROS,UROD,KIRP_Normal,spearman,success,./gepia_pdfs/ph1__heme_consecutive__UROS_vs_UROD__KIRP_Normal__spearman.pdf,2026-09-11T12:45:44
1,heme_consecutive,UROD,CPOX,KIRP_Normal,spearman,success,./gepia_pdfs/ph1__heme_consecutive__UROD_vs_CPOX__KIRP_Normal__spearman.pdf,2026-09-11T12:45:47
1,heme_consecutive,CPOX,PPOX,KIRP_Normal,spearman,success,./gepia_pdfs/ph1__heme_consecutive__CPOX_vs_PPOX__KIRP_Normal__spearman.pdf,2026-09-11T12:45:49
1,heme_consecutive,PPOX,FECH,KIRP_Normal,spearman,success,./gepia_pdfs/ph1__heme_consecutive__PPOX_vs_FECH__KIRP_Normal__spearman.pdf,2026-09-11T12:45:54
1,heme_nonconsecutive,HMBS,FECH,KIRP_Normal,spearman,success,./gepia_pdfs/ph1__heme_nonconsecutive__HMBS_vs_FECH__KIRP_Normal__spearman.pdf,2026-09-11T12:45:56
1,heme_nonconsecutive,ALAS1,FECH,KIRP_Normal,spearman,success,./gepia_pdfs/ph1__heme_nonconsecutive__ALAS1_vs_FECH__KIRP_Normal__spearman.pdf,2026-09-11T12:45:59
1,heme_nonconsecutive,HMBS,PPOX,KIRP_Normal,spearman,success,./gepia_pdfs/ph1__heme_nonconsecutive__HMBS_vs_PPOX__KIRP_Normal__spearman.pdf,2026-09-11T12:46:01
1,chromatin_vs_heme,H2AFZ,ALAS1,KIRP_Normal,spearman,success,./gepia_pdfs/ph1__chromatin_vs_heme__H2AFZ_vs_ALAS1__KIRP_Normal__spearman.pdf,2026-09-11T12:46:04
1,chromatin_vs_heme,H2AFZ,ALAD,KIRP_Normal,spearman,success,./gepia_pdfs/ph1__chromatin_vs_heme__H2AFZ_vs_ALAD__KIRP_Normal__spearman.pdf,2026-09-11T12:46:07
1,chromatin_vs_heme,H2AFZ,HMBS,KIRP_Normal,spearman,success,./gepia_pdfs/ph1__chromatin_vs_heme__H2AFZ_vs_HMBS__KIRP_Normal__spearman.pdf,2026-09-11T12:46:11
1,chromatin_vs_heme,H2AFZ,UROS,KIRP_Normal,spearman,success,./gepia_pdfs/ph1__chromatin_vs_heme__H2AFZ_vs_UROS__KIRP_Normal__spearman.pdf,2026-09-11T12:46:14
1,chromatin_vs_heme,H2AFZ,UROD,KIRP_Normal,spearman,success,./gepia_pdfs/ph1__chromatin_vs_heme__H2AFZ_vs_UROD__KIRP_Normal__spearman.pdf,2026-09-11T12:46:19
1,chromatin_vs_heme,H2AFZ,CPOX,KIRP_Normal,spearman,success,./gepia_pdfs/ph1__chromatin_vs_heme__H2AFZ_vs_CPOX__KIRP_Normal__spearman.pdf,2026-09-11T12:46:22
1,chromatin_vs_heme,H2AFZ,PPOX,KIRP_Normal,spearman,success,./gepia_pdfs/ph1__chromatin_vs_heme__H2AFZ_vs_PPOX__KIRP_Normal__spearman.pdf,2026-09-11T12:46:27
1,chromatin_vs_heme,H2AFZ,FECH,KIRP_Normal,spearman,success,./gepia_pdfs/ph1__chromatin_vs_heme__H2AFZ_vs_FECH__KIRP_Normal__spearman.pdf,2026-09-11T12:46:31
1,chromatin_vs_heme,ATAD2,ALAS1,KIRP_Normal,spearman,success,./gepia_pdfs/ph1__chromatin_vs_heme__ATAD2_vs_ALAS1__KIRP_Normal__spearman.pdf,2026-09-11T12:46:36
1,chromatin_vs_heme,ATAD2,ALAD,KIRP_Normal,spearman,success,./gepia_pdfs/ph1__chromatin_vs_heme__ATAD2_vs_ALAD__KIRP_Normal__spearman.pdf,2026-09-11T12:46:40
1,chromatin_vs_heme,ATAD2,HMBS,KIRP_Normal,spearman,success,./gepia_pdfs/ph1__chromatin_vs_heme__ATAD2_vs_HMBS__KIRP_Normal__spearman.pdf,2026-09-11T12:46:42
1,chromatin_vs_heme,ATAD2,UROS,KIRP_Normal,spearman,success,./gepia_pdfs/ph1__chromatin_vs_heme__ATAD2_vs_UROS__KIRP_Normal__spearman.pdf,2026-09-11T12:46:45
1,chromatin_vs_heme,ATAD2,UROD,KIRP_Normal,spearman,success,./gepia_pdfs/ph1__chromatin_vs_heme__ATAD2_vs_UROD__KIRP_Normal__spearman.pdf,2026-09-11T12:46:50
1,chromatin_vs_heme,ATAD2,CPOX,KIRP_Normal,spearman,success,./gepia_pdfs/ph1__chromatin_vs_heme__ATAD2_vs_CPOX__KIRP_Normal__spearman.pdf,2026-09-11T12:46:54
1,chromatin_vs_heme,ATAD2,PPOX,KIRP_Normal,spearman,success,./gepia_pdfs/ph1__chromatin_vs_heme__ATAD2_vs_PPOX__KIRP_Normal__spearman.pdf,2026-09-11T12:46:58
1,chromatin_vs_heme,ATAD2,FECH,KIRP_Normal,spearman,success,./gepia_pdfs/ph1__chromatin_vs_heme__ATAD2_vs_FECH__KIRP_Normal__spearman.pdf,2026-09-11T12:47:01
1,chromatin_vs_heme,BRD4,ALAS1,KIRP_Normal,spearman,success,./gepia_pdfs/ph1__chromatin_vs_heme__BRD4_vs_ALAS1__KIRP_Normal__spearman.pdf,2026-09-11T12:47:03
1,chromatin_vs_heme,BRD4,ALAD,KIRP_Normal,spearman,success,./gepia_pdfs/ph1__chromatin_vs_heme__BRD4_vs_ALAD__KIRP_Normal__spearman.pdf,2026-09-11T12:47:06
1,chromatin_vs_heme,BRD4,HMBS,KIRP_Normal,spearman,success,./gepia_pdfs/ph1__chromatin_vs_heme__BRD4_vs_HMBS__KIRP_Normal__spearman.pdf,2026-09-11T12:47:09
1,chromatin_vs_heme,BRD4,UROS,KIRP_Normal,spearman,success,./gepia_pdfs/ph1__chromatin_vs_heme__BRD4_vs_UROS__KIRP_Normal__spearman.pdf,2026-09-11T12:47:12
1,chromatin_vs_heme,BRD4,UROD,KIRP_Normal,spearman,success,./gepia_pdfs/ph1__chromatin_vs_heme__BRD4_vs_UROD__KIRP_Normal__spearman.pdf,2026-09-11T12:47:15
1,chromatin_vs_heme,BRD4,CPOX,KIRP_Normal,spearman,success,./gepia_pdfs/ph1__chromatin_vs_heme__BRD4_vs_CPOX__KIRP_Normal__spearman.pdf,2026-09-11T12:47:17
1,chromatin_vs_heme,BRD4,PPOX,KIRP_Normal,spearman,success,./gepia_pdfs/ph1__chromatin_vs_heme__BRD4_vs_PPOX__KIRP_Normal__spearman.pdf,2026-09-11T12:47:20
1,chromatin_vs_heme,BRD4,FECH,KIRP_Normal,spearman,success,./gepia_pdfs/ph1__chromatin_vs_heme__BRD4_vs_FECH__KIRP_Normal__spearman.pdf,2026-09-11T12:47:24
1,chromatin_vs_heme,BRD2,ALAS1,KIRP_Normal,spearman,success,./gepia_pdfs/ph1__chromatin_vs_heme__BRD2_vs_ALAS1__KIRP_Normal__spearman.pdf,2026-09-11T12:47:28
1,chromatin_vs_heme,BRD2,ALAD,KIRP_Normal,spearman,success,./gepia_pdfs/ph1__chromatin_vs_heme__BRD2_vs_ALAD__KIRP_Normal__spearman.pdf,2026-09-11T12:47:33
1,chromatin_vs_heme,BRD2,HMBS,KIRP_Normal,spearman,success,./gepia_pdfs/ph1__chromatin_vs_heme__BRD2_vs_HMBS__KIRP_Normal__spearman.pdf,2026-09-11T12:47:35
1,chromatin_vs_heme,BRD2,UROS,KIRP_Normal,spearman,success,./gepia_pdfs/ph1__chromatin_vs_heme__BRD2_vs_UROS__KIRP_Normal__spearman.pdf,2026-09-11T12:47:39
1,chromatin_vs_heme,BRD2,UROD,KIRP_Normal,spearman,success,./gepia_pdfs/ph1__chromatin_vs_heme__BRD2_vs_UROD__KIRP_Normal__spearman.pdf,2026-09-11T12:47:42
1,chromatin_vs_heme,BRD2,CPOX,KIRP_Normal,spearman,success,./gepia_pdfs/ph1__chromatin_vs_heme__BRD2_vs_CPOX__KIRP_Normal__spearman.pdf,2026-09-11T12:47:45
1,chromatin_vs_heme,BRD2,PPOX,KIRP_Normal,spearman,success,./gepia_pdfs/ph1__chromatin_vs_heme__BRD2_vs_PPOX__KIRP_Normal__spearman.pdf,2026-09-11T12:47:49
1,chromatin_vs_heme,BRD2,FECH,KIRP_Normal,spearman,success,./gepia_pdfs/ph1__chromatin_vs_heme__BRD2_vs_FECH__KIRP_Normal__spearman.pdf,2026-09-11T12:47:54
1,heme_consecutive,ALAS1,ALAD,LIHC_Normal,spearman,success,./gepia_pdfs/ph1__heme_consecutive__ALAS1_vs_ALAD__LIHC_Normal__spearman.pdf,2026-09-11T12:47:58
1,heme_consecutive,ALAD,HMBS,LIHC_Normal,spearman,success,./gepia_pdfs/ph1__heme_consecutive__ALAD_vs_HMBS__LIHC_Normal__spearman.pdf,2026-09-11T12:48:01
1,heme_consecutive,HMBS,UROS,LIHC_Normal,spearman,success,./gepia_pdfs/ph1__heme_consecutive__HMBS_vs_UROS__LIHC_Normal__spearman.pdf,2026-09-11T12:48:04
1,heme_consecutive,UROS,UROD,LIHC_Normal,spearman,success,./gepia_pdfs/ph1__heme_consecutive__UROS_vs_UROD__LIHC_Normal__spearman.pdf,2026-09-11T12:48:08
1,heme_consecutive,UROD,CPOX,LIHC_Normal,spearman,success,./gepia_pdfs/ph1__heme_consecutive__UROD_vs_CPOX__LIHC_Normal__spearman.pdf,2026-09-11T12:48:12
1,heme_consecutive,CPOX,PPOX,LIHC_Normal,spearman,success,./gepia_pdfs/ph1__heme_consecutive__CPOX_vs_PPOX__LIHC_Normal__spearman.pdf,2026-09-11T12:48:15
1,heme_consecutive,PPOX,FECH,LIHC_Normal,spearman,success,./gepia_pdfs/ph1__heme_consecutive__PPOX_vs_FECH__LIHC_Normal__spearman.pdf,2026-09-11T12:48:19
1,heme_nonconsecutive,HMBS,FECH,LIHC_Normal,spearman,success,./gepia_pdfs/ph1__heme_nonconsecutive__HMBS_vs_FECH__LIHC_Normal__spearman.pdf,2026-09-11T12:48:24
1,heme_nonconsecutive,ALAS1,FECH,LIHC_Normal,spearman,success,./gepia_pdfs/ph1__heme_nonconsecutive__ALAS1_vs_FECH__LIHC_Normal__spearman.pdf,2026-09-11T12:48:27
1,heme_nonconsecutive,HMBS,PPOX,LIHC_Normal,spearman,success,./gepia_pdfs/ph1__heme_nonconsecutive__HMBS_vs_PPOX__LIHC_Normal__spearman.pdf,2026-09-11T12:48:31
1,chromatin_vs_heme,H2AFZ,ALAS1,LIHC_Normal,spearman,success,./gepia_pdfs/ph1__chromatin_vs_heme__H2AFZ_vs_ALAS1__LIHC_Normal__spearman.pdf,2026-09-11T12:48:33
1,chromatin_vs_heme,H2AFZ,ALAD,LIHC_Normal,spearman,success,./gepia_pdfs/ph1__chromatin_vs_heme__H2AFZ_vs_ALAD__LIHC_Normal__spearman.pdf,2026-09-11T12:48:38
1,chromatin_vs_heme,H2AFZ,HMBS,LIHC_Normal,spearman,success,./gepia_pdfs/ph1__chromatin_vs_heme__H2AFZ_vs_HMBS__LIHC_Normal__spearman.pdf,2026-09-11T12:48:41
1,chromatin_vs_heme,H2AFZ,UROS,LIHC_Normal,spearman,success,./gepia_pdfs/ph1__chromatin_vs_heme__H2AFZ_vs_UROS__LIHC_Normal__spearman.pdf,2026-09-11T12:48:44
1,chromatin_vs_heme,H2AFZ,UROD,LIHC_Normal,spearman,success,./gepia_pdfs/ph1__chromatin_vs_heme__H2AFZ_vs_UROD__LIHC_Normal__spearman.pdf,2026-09-11T12:48:48
1,chromatin_vs_heme,H2AFZ,CPOX,LIHC_Normal,spearman,success,./gepia_pdfs/ph1__chromatin_vs_heme__H2AFZ_vs_CPOX__LIHC_Normal__spearman.pdf,2026-09-11T12:48:51
1,chromatin_vs_heme,H2AFZ,PPOX,LIHC_Normal,spearman,success,./gepia_pdfs/ph1__chromatin_vs_heme__H2AFZ_vs_PPOX__LIHC_Normal__spearman.pdf,2026-09-11T12:48:55
1,chromatin_vs_heme,H2AFZ,FECH,LIHC_Normal,spearman,success,./gepia_pdfs/ph1__chromatin_vs_heme__H2AFZ_vs_FECH__LIHC_Normal__spearman.pdf,2026-09-11T12:48:59
1,chromatin_vs_heme,ATAD2,ALAS1,LIHC_Normal,spearman,success,./gepia_pdfs/ph1__chromatin_vs_heme__ATAD2_vs_ALAS1__LIHC_Normal__spearman.pdf,2026-09-11T12:49:03
1,chromatin_vs_heme,ATAD2,ALAD,LIHC_Normal,spearman,success,./gepia_pdfs/ph1__chromatin_vs_heme__ATAD2_vs_ALAD__LIHC_Normal__spearman.pdf,2026-09-11T12:49:08
1,chromatin_vs_heme,ATAD2,HMBS,LIHC_Normal,spearman,success,./gepia_pdfs/ph1__chromatin_vs_heme__ATAD2_vs_HMBS__LIHC_Normal__spearman.pdf,2026-09-11T12:49:10
1,chromatin_vs_heme,ATAD2,UROS,LIHC_Normal,spearman,success,./gepia_pdfs/ph1__chromatin_vs_heme__ATAD2_vs_UROS__LIHC_Normal__spearman.pdf,2026-09-11T12:49:13
1,chromatin_vs_heme,ATAD2,UROD,LIHC_Normal,spearman,success,./gepia_pdfs/ph1__chromatin_vs_heme__ATAD2_vs_UROD__LIHC_Normal__spearman.pdf,2026-09-11T12:49:15
1,chromatin_vs_heme,ATAD2,CPOX,LIHC_Normal,spearman,success,./gepia_pdfs/ph1__chromatin_vs_heme__ATAD2_vs_CPOX__LIHC_Normal__spearman.pdf,2026-09-11T12:49:20
1,chromatin_vs_heme,ATAD2,PPOX,LIHC_Normal,spearman,success,./gepia_pdfs/ph1__chromatin_vs_heme__ATAD2_vs_PPOX__LIHC_Normal__spearman.pdf,2026-09-11T12:49:24
1,chromatin_vs_heme,ATAD2,FECH,LIHC_Normal,spearman,success,./gepia_pdfs/ph1__chromatin_vs_heme__ATAD2_vs_FECH__LIHC_Normal__spearman.pdf,2026-09-11T12:49:29
1,chromatin_vs_heme,BRD4,ALAS1,LIHC_Normal,spearman,success,./gepia_pdfs/ph1__chromatin_vs_heme__BRD4_vs_ALAS1__LIHC_Normal__spearman.pdf,2026-09-11T12:49:33
1,chromatin_vs_heme,BRD4,ALAD,LIHC_Normal,spearman,success,./gepia_pdfs/ph1__chromatin_vs_heme__BRD4_vs_ALAD__LIHC_Normal__spearman.pdf,2026-09-11T12:49:36
1,chromatin_vs_heme,BRD4,HMBS,LIHC_Normal,spearman,success,./gepia_pdfs/ph1__chromatin_vs_heme__BRD4_vs_HMBS__LIHC_Normal__spearman.pdf,2026-09-11T12:49:38
1,chromatin_vs_heme,BRD4,UROS,LIHC_Normal,spearman,success,./gepia_pdfs/ph1__chromatin_vs_heme__BRD4_vs_UROS__LIHC_Normal__spearman.pdf,2026-09-11T12:49:42
1,chromatin_vs_heme,BRD4,UROD,LIHC_Normal,spearman,success,./gepia_pdfs/ph1__chromatin_vs_heme__BRD4_vs_UROD__LIHC_Normal__spearman.pdf,2026-09-11T12:49:46
1,chromatin_vs_heme,BRD4,CPOX,LIHC_Normal,spearman,success,./gepia_pdfs/ph1__chromatin_vs_heme__BRD4_vs_CPOX__LIHC_Normal__spearman.pdf,2026-09-11T12:49:49
1,chromatin_vs_heme,BRD4,PPOX,LIHC_Normal,spearman,success,./gepia_pdfs/ph1__chromatin_vs_heme__BRD4_vs_PPOX__LIHC_Normal__spearman.pdf,2026-09-11T12:49:51
1,chromatin_vs_heme,BRD4,FECH,LIHC_Normal,spearman,success,./gepia_pdfs/ph1__chromatin_vs_heme__BRD4_vs_FECH__LIHC_Normal__spearman.pdf,2026-09-11T12:49:54
1,chromatin_vs_heme,BRD2,ALAS1,LIHC_Normal,spearman,success,./gepia_pdfs/ph1__chromatin_vs_heme__BRD2_vs_ALAS1__LIHC_Normal__spearman.pdf,2026-09-11T12:49:57
1,chromatin_vs_heme,BRD2,ALAD,LIHC_Normal,spearman,success,./gepia_pdfs/ph1__chromatin_vs_heme__BRD2_vs_ALAD__LIHC_Normal__spearman.pdf,2026-09-11T12:50:01
1,chromatin_vs_heme,BRD2,HMBS,LIHC_Normal,spearman,success,./gepia_pdfs/ph1__chromatin_vs_heme__BRD2_vs_HMBS__LIHC_Normal__spearman.pdf,2026-09-11T12:50:03
1,chromatin_vs_heme,BRD2,UROS,LIHC_Normal,spearman,success,./gepia_pdfs/ph1__chromatin_vs_heme__BRD2_vs_UROS__LIHC_Normal__spearman.pdf,2026-09-11T12:50:08
1,chromatin_vs_heme,BRD2,UROD,LIHC_Normal,spearman,success,./gepia_pdfs/ph1__chromatin_vs_heme__BRD2_vs_UROD__LIHC_Normal__spearman.pdf,2026-09-11T12:50:12
1,chromatin_vs_heme,BRD2,CPOX,LIHC_Normal,spearman,success,./gepia_pdfs/ph1__chromatin_vs_heme__BRD2_vs_CPOX__LIHC_Normal__spearman.pdf,2026-09-11T12:50:15
1,chromatin_vs_heme,BRD2,PPOX,LIHC_Normal,spearman,success,./gepia_pdfs/ph1__chromatin_vs_heme__BRD2_vs_PPOX__LIHC_Normal__spearman.pdf,2026-09-11T12:50:19
1,chromatin_vs_heme,BRD2,FECH,LIHC_Normal,spearman,success,./gepia_pdfs/ph1__chromatin_vs_heme__BRD2_vs_FECH__LIHC_Normal__spearman.pdf,2026-09-11T12:50:23
1,heme_consecutive,ALAS1,ALAD,LUAD_Normal,spearman,success,./gepia_pdfs/ph1__heme_consecutive__ALAS1_vs_ALAD__LUAD_Normal__spearman.pdf,2026-09-11T12:50:26
1,heme_consecutive,ALAD,HMBS,LUAD_Normal,spearman,success,./gepia_pdfs/ph1__heme_consecutive__ALAD_vs_HMBS__LUAD_Normal__spearman.pdf,2026-09-11T12:50:29
1,heme_consecutive,HMBS,UROS,LUAD_Normal,spearman,success,./gepia_pdfs/ph1__heme_consecutive__HMBS_vs_UROS__LUAD_Normal__spearman.pdf,2026-09-11T12:50:33
1,heme_consecutive,UROS,UROD,LUAD_Normal,spearman,success,./gepia_pdfs/ph1__heme_consecutive__UROS_vs_UROD__LUAD_Normal__spearman.pdf,2026-09-11T12:50:36
1,heme_consecutive,UROD,CPOX,LUAD_Normal,spearman,success,./gepia_pdfs/ph1__heme_consecutive__UROD_vs_CPOX__LUAD_Normal__spearman.pdf,2026-09-11T12:50:40
1,heme_consecutive,CPOX,PPOX,LUAD_Normal,spearman,success,./gepia_pdfs/ph1__heme_consecutive__CPOX_vs_PPOX__LUAD_Normal__spearman.pdf,2026-09-11T12:50:44
1,heme_consecutive,PPOX,FECH,LUAD_Normal,spearman,success,./gepia_pdfs/ph1__heme_consecutive__PPOX_vs_FECH__LUAD_Normal__spearman.pdf,2026-09-11T12:50:46
1,heme_nonconsecutive,HMBS,FECH,LUAD_Normal,spearman,success,./gepia_pdfs/ph1__heme_nonconsecutive__HMBS_vs_FECH__LUAD_Normal__spearman.pdf,2026-09-11T12:50:50
1,heme_nonconsecutive,ALAS1,FECH,LUAD_Normal,spearman,success,./gepia_pdfs/ph1__heme_nonconsecutive__ALAS1_vs_FECH__LUAD_Normal__spearman.pdf,2026-09-11T12:50:54
1,heme_nonconsecutive,HMBS,PPOX,LUAD_Normal,spearman,success,./gepia_pdfs/ph1__heme_nonconsecutive__HMBS_vs_PPOX__LUAD_Normal__spearman.pdf,2026-09-11T12:50:58
1,chromatin_vs_heme,H2AFZ,ALAS1,LUAD_Normal,spearman,success,./gepia_pdfs/ph1__chromatin_vs_heme__H2AFZ_vs_ALAS1__LUAD_Normal__spearman.pdf,2026-09-11T12:51:02
1,chromatin_vs_heme,H2AFZ,ALAD,LUAD_Normal,spearman,success,./gepia_pdfs/ph1__chromatin_vs_heme__H2AFZ_vs_ALAD__LUAD_Normal__spearman.pdf,2026-09-11T12:51:06
1,chromatin_vs_heme,H2AFZ,HMBS,LUAD_Normal,spearman,success,./gepia_pdfs/ph1__chromatin_vs_heme__H2AFZ_vs_HMBS__LUAD_Normal__spearman.pdf,2026-09-11T12:51:10
1,chromatin_vs_heme,H2AFZ,UROS,LUAD_Normal,spearman,success,./gepia_pdfs/ph1__chromatin_vs_heme__H2AFZ_vs_UROS__LUAD_Normal__spearman.pdf,2026-09-11T12:51:14
1,chromatin_vs_heme,H2AFZ,UROD,LUAD_Normal,spearman,success,./gepia_pdfs/ph1__chromatin_vs_heme__H2AFZ_vs_UROD__LUAD_Normal__spearman.pdf,2026-09-11T12:51:19
1,chromatin_vs_heme,H2AFZ,CPOX,LUAD_Normal,spearman,success,./gepia_pdfs/ph1__chromatin_vs_heme__H2AFZ_vs_CPOX__LUAD_Normal__spearman.pdf,2026-09-11T12:51:24
1,chromatin_vs_heme,H2AFZ,PPOX,LUAD_Normal,spearman,success,./gepia_pdfs/ph1__chromatin_vs_heme__H2AFZ_vs_PPOX__LUAD_Normal__spearman.pdf,2026-09-11T12:51:27
1,chromatin_vs_heme,H2AFZ,FECH,LUAD_Normal,spearman,success,./gepia_pdfs/ph1__chromatin_vs_heme__H2AFZ_vs_FECH__LUAD_Normal__spearman.pdf,2026-09-11T12:51:30
1,chromatin_vs_heme,ATAD2,ALAS1,LUAD_Normal,spearman,success,./gepia_pdfs/ph1__chromatin_vs_heme__ATAD2_vs_ALAS1__LUAD_Normal__spearman.pdf,2026-09-11T12:51:34
1,chromatin_vs_heme,ATAD2,ALAD,LUAD_Normal,spearman,success,./gepia_pdfs/ph1__chromatin_vs_heme__ATAD2_vs_ALAD__LUAD_Normal__spearman.pdf,2026-09-11T12:51:39
1,chromatin_vs_heme,ATAD2,HMBS,LUAD_Normal,spearman,success,./gepia_pdfs/ph1__chromatin_vs_heme__ATAD2_vs_HMBS__LUAD_Normal__spearman.pdf,2026-09-11T12:51:41
1,chromatin_vs_heme,ATAD2,UROS,LUAD_Normal,spearman,success,./gepia_pdfs/ph1__chromatin_vs_heme__ATAD2_vs_UROS__LUAD_Normal__spearman.pdf,2026-09-11T12:51:44
1,chromatin_vs_heme,ATAD2,UROD,LUAD_Normal,spearman,success,./gepia_pdfs/ph1__chromatin_vs_heme__ATAD2_vs_UROD__LUAD_Normal__spearman.pdf,2026-09-11T12:51:48
1,chromatin_vs_heme,ATAD2,CPOX,LUAD_Normal,spearman,success,./gepia_pdfs/ph1__chromatin_vs_heme__ATAD2_vs_CPOX__LUAD_Normal__spearman.pdf,2026-09-11T12:51:53
1,chromatin_vs_heme,ATAD2,PPOX,LUAD_Normal,spearman,success,./gepia_pdfs/ph1__chromatin_vs_heme__ATAD2_vs_PPOX__LUAD_Normal__spearman.pdf,2026-09-11T12:51:56
1,chromatin_vs_heme,ATAD2,FECH,LUAD_Normal,spearman,success,./gepia_pdfs/ph1__chromatin_vs_heme__ATAD2_vs_FECH__LUAD_Normal__spearman.pdf,2026-09-11T12:51:59
1,chromatin_vs_heme,BRD4,ALAS1,LUAD_Normal,spearman,success,./gepia_pdfs/ph1__chromatin_vs_heme__BRD4_vs_ALAS1__LUAD_Normal__spearman.pdf,2026-09-11T12:52:02
1,chromatin_vs_heme,BRD4,ALAD,LUAD_Normal,spearman,success,./gepia_pdfs/ph1__chromatin_vs_heme__BRD4_vs_ALAD__LUAD_Normal__spearman.pdf,2026-09-11T12:52:05
1,chromatin_vs_heme,BRD4,HMBS,LUAD_Normal,spearman,success,./gepia_pdfs/ph1__chromatin_vs_heme__BRD4_vs_HMBS__LUAD_Normal__spearman.pdf,2026-09-11T12:52:08
1,chromatin_vs_heme,BRD4,UROS,LUAD_Normal,spearman,success,./gepia_pdfs/ph1__chromatin_vs_heme__BRD4_vs_UROS__LUAD_Normal__spearman.pdf,2026-09-11T12:52:10
1,chromatin_vs_heme,BRD4,UROD,LUAD_Normal,spearman,success,./gepia_pdfs/ph1__chromatin_vs_heme__BRD4_vs_UROD__LUAD_Normal__spearman.pdf,2026-09-11T12:52:15
1,chromatin_vs_heme,BRD4,CPOX,LUAD_Normal,spearman,success,./gepia_pdfs/ph1__chromatin_vs_heme__BRD4_vs_CPOX__LUAD_Normal__spearman.pdf,2026-09-11T12:52:20
1,chromatin_vs_heme,BRD4,PPOX,LUAD_Normal,spearman,success,./gepia_pdfs/ph1__chromatin_vs_heme__BRD4_vs_PPOX__LUAD_Normal__spearman.pdf,2026-09-11T12:52:25
1,chromatin_vs_heme,BRD4,FECH,LUAD_Normal,spearman,success,./gepia_pdfs/ph1__chromatin_vs_heme__BRD4_vs_FECH__LUAD_Normal__spearman.pdf,2026-09-11T12:52:28
1,chromatin_vs_heme,BRD2,ALAS1,LUAD_Normal,spearman,success,./gepia_pdfs/ph1__chromatin_vs_heme__BRD2_vs_ALAS1__LUAD_Normal__spearman.pdf,2026-09-11T12:52:32
1,chromatin_vs_heme,BRD2,ALAD,LUAD_Normal,spearman,success,./gepia_pdfs/ph1__chromatin_vs_heme__BRD2_vs_ALAD__LUAD_Normal__spearman.pdf,2026-09-11T12:52:36
1,chromatin_vs_heme,BRD2,HMBS,LUAD_Normal,spearman,success,./gepia_pdfs/ph1__chromatin_vs_heme__BRD2_vs_HMBS__LUAD_Normal__spearman.pdf,2026-09-11T12:52:38
1,chromatin_vs_heme,BRD2,UROS,LUAD_Normal,spearman,success,./gepia_pdfs/ph1__chromatin_vs_heme__BRD2_vs_UROS__LUAD_Normal__spearman.pdf,2026-09-11T12:52:41
1,chromatin_vs_heme,BRD2,UROD,LUAD_Normal,spearman,success,./gepia_pdfs/ph1__chromatin_vs_heme__BRD2_vs_UROD__LUAD_Normal__spearman.pdf,2026-09-11T12:52:45
1,chromatin_vs_heme,BRD2,CPOX,LUAD_Normal,spearman,success,./gepia_pdfs/ph1__chromatin_vs_heme__BRD2_vs_CPOX__LUAD_Normal__spearman.pdf,2026-09-11T12:52:48
1,chromatin_vs_heme,BRD2,PPOX,LUAD_Normal,spearman,success,./gepia_pdfs/ph1__chromatin_vs_heme__BRD2_vs_PPOX__LUAD_Normal__spearman.pdf,2026-09-11T12:52:51
1,chromatin_vs_heme,BRD2,FECH,LUAD_Normal,spearman,success,./gepia_pdfs/ph1__chromatin_vs_heme__BRD2_vs_FECH__LUAD_Normal__spearman.pdf,2026-09-11T12:52:55
1,heme_consecutive,ALAS1,ALAD,LUSC_Normal,spearman,success,./gepia_pdfs/ph1__heme_consecutive__ALAS1_vs_ALAD__LUSC_Normal__spearman.pdf,2026-09-11T12:52:58
1,heme_consecutive,ALAD,HMBS,LUSC_Normal,spearman,success,./gepia_pdfs/ph1__heme_consecutive__ALAD_vs_HMBS__LUSC_Normal__spearman.pdf,2026-09-11T12:53:03
1,heme_consecutive,HMBS,UROS,LUSC_Normal,spearman,success,./gepia_pdfs/ph1__heme_consecutive__HMBS_vs_UROS__LUSC_Normal__spearman.pdf,2026-09-11T12:53:06
1,heme_consecutive,UROS,UROD,LUSC_Normal,spearman,success,./gepia_pdfs/ph1__heme_consecutive__UROS_vs_UROD__LUSC_Normal__spearman.pdf,2026-09-11T12:53:10
1,heme_consecutive,UROD,CPOX,LUSC_Normal,spearman,success,./gepia_pdfs/ph1__heme_consecutive__UROD_vs_CPOX__LUSC_Normal__spearman.pdf,2026-09-11T12:53:15
1,heme_consecutive,CPOX,PPOX,LUSC_Normal,spearman,success,./gepia_pdfs/ph1__heme_consecutive__CPOX_vs_PPOX__LUSC_Normal__spearman.pdf,2026-09-11T12:53:19
1,heme_consecutive,PPOX,FECH,LUSC_Normal,spearman,success,./gepia_pdfs/ph1__heme_consecutive__PPOX_vs_FECH__LUSC_Normal__spearman.pdf,2026-09-11T12:53:23
1,heme_nonconsecutive,HMBS,FECH,LUSC_Normal,spearman,success,./gepia_pdfs/ph1__heme_nonconsecutive__HMBS_vs_FECH__LUSC_Normal__spearman.pdf,2026-09-11T12:53:26
1,heme_nonconsecutive,ALAS1,FECH,LUSC_Normal,spearman,success,./gepia_pdfs/ph1__heme_nonconsecutive__ALAS1_vs_FECH__LUSC_Normal__spearman.pdf,2026-09-11T12:53:31
1,heme_nonconsecutive,HMBS,PPOX,LUSC_Normal,spearman,success,./gepia_pdfs/ph1__heme_nonconsecutive__HMBS_vs_PPOX__LUSC_Normal__spearman.pdf,2026-09-11T12:53:35
1,chromatin_vs_heme,H2AFZ,ALAS1,LUSC_Normal,spearman,success,./gepia_pdfs/ph1__chromatin_vs_heme__H2AFZ_vs_ALAS1__LUSC_Normal__spearman.pdf,2026-09-11T12:53:37
1,chromatin_vs_heme,H2AFZ,ALAD,LUSC_Normal,spearman,success,./gepia_pdfs/ph1__chromatin_vs_heme__H2AFZ_vs_ALAD__LUSC_Normal__spearman.pdf,2026-09-11T12:53:40
1,chromatin_vs_heme,H2AFZ,HMBS,LUSC_Normal,spearman,success,./gepia_pdfs/ph1__chromatin_vs_heme__H2AFZ_vs_HMBS__LUSC_Normal__spearman.pdf,2026-09-11T12:53:45
1,chromatin_vs_heme,H2AFZ,UROS,LUSC_Normal,spearman,success,./gepia_pdfs/ph1__chromatin_vs_heme__H2AFZ_vs_UROS__LUSC_Normal__spearman.pdf,2026-09-11T12:53:50
1,chromatin_vs_heme,H2AFZ,UROD,LUSC_Normal,spearman,success,./gepia_pdfs/ph1__chromatin_vs_heme__H2AFZ_vs_UROD__LUSC_Normal__spearman.pdf,2026-09-11T12:53:54
1,chromatin_vs_heme,H2AFZ,CPOX,LUSC_Normal,spearman,success,./gepia_pdfs/ph1__chromatin_vs_heme__H2AFZ_vs_CPOX__LUSC_Normal__spearman.pdf,2026-09-11T12:53:59
1,chromatin_vs_heme,H2AFZ,PPOX,LUSC_Normal,spearman,success,./gepia_pdfs/ph1__chromatin_vs_heme__H2AFZ_vs_PPOX__LUSC_Normal__spearman.pdf,2026-09-11T12:54:02
1,chromatin_vs_heme,H2AFZ,FECH,LUSC_Normal,spearman,success,./gepia_pdfs/ph1__chromatin_vs_heme__H2AFZ_vs_FECH__LUSC_Normal__spearman.pdf,2026-09-11T12:54:06
1,chromatin_vs_heme,ATAD2,ALAS1,LUSC_Normal,spearman,success,./gepia_pdfs/ph1__chromatin_vs_heme__ATAD2_vs_ALAS1__LUSC_Normal__spearman.pdf,2026-09-11T12:54:09
1,chromatin_vs_heme,ATAD2,ALAD,LUSC_Normal,spearman,success,./gepia_pdfs/ph1__chromatin_vs_heme__ATAD2_vs_ALAD__LUSC_Normal__spearman.pdf,2026-09-11T12:54:12
1,chromatin_vs_heme,ATAD2,HMBS,LUSC_Normal,spearman,success,./gepia_pdfs/ph1__chromatin_vs_heme__ATAD2_vs_HMBS__LUSC_Normal__spearman.pdf,2026-09-11T12:54:17
1,chromatin_vs_heme,ATAD2,UROS,LUSC_Normal,spearman,success,./gepia_pdfs/ph1__chromatin_vs_heme__ATAD2_vs_UROS__LUSC_Normal__spearman.pdf,2026-09-11T12:54:19
1,chromatin_vs_heme,ATAD2,UROD,LUSC_Normal,spearman,success,./gepia_pdfs/ph1__chromatin_vs_heme__ATAD2_vs_UROD__LUSC_Normal__spearman.pdf,2026-09-11T12:54:23
1,chromatin_vs_heme,ATAD2,CPOX,LUSC_Normal,spearman,success,./gepia_pdfs/ph1__chromatin_vs_heme__ATAD2_vs_CPOX__LUSC_Normal__spearman.pdf,2026-09-11T12:54:27
1,chromatin_vs_heme,ATAD2,PPOX,LUSC_Normal,spearman,success,./gepia_pdfs/ph1__chromatin_vs_heme__ATAD2_vs_PPOX__LUSC_Normal__spearman.pdf,2026-09-11T12:54:32
1,chromatin_vs_heme,ATAD2,FECH,LUSC_Normal,spearman,success,./gepia_pdfs/ph1__chromatin_vs_heme__ATAD2_vs_FECH__LUSC_Normal__spearman.pdf,2026-09-11T12:54:36
1,chromatin_vs_heme,BRD4,ALAS1,LUSC_Normal,spearman,success,./gepia_pdfs/ph1__chromatin_vs_heme__BRD4_vs_ALAS1__LUSC_Normal__spearman.pdf,2026-09-11T12:54:40
1,chromatin_vs_heme,BRD4,ALAD,LUSC_Normal,spearman,success,./gepia_pdfs/ph1__chromatin_vs_heme__BRD4_vs_ALAD__LUSC_Normal__spearman.pdf,2026-09-11T12:54:45
1,chromatin_vs_heme,BRD4,HMBS,LUSC_Normal,spearman,success,./gepia_pdfs/ph1__chromatin_vs_heme__BRD4_vs_HMBS__LUSC_Normal__spearman.pdf,2026-09-11T12:54:48
1,chromatin_vs_heme,BRD4,UROS,LUSC_Normal,spearman,success,./gepia_pdfs/ph1__chromatin_vs_heme__BRD4_vs_UROS__LUSC_Normal__spearman.pdf,2026-09-11T12:54:54
1,chromatin_vs_heme,BRD4,UROD,LUSC_Normal,spearman,success,./gepia_pdfs/ph1__chromatin_vs_heme__BRD4_vs_UROD__LUSC_Normal__spearman.pdf,2026-09-11T12:54:58
1,chromatin_vs_heme,BRD4,CPOX,LUSC_Normal,spearman,success,./gepia_pdfs/ph1__chromatin_vs_heme__BRD4_vs_CPOX__LUSC_Normal__spearman.pdf,2026-09-11T12:55:03
1,chromatin_vs_heme,BRD4,PPOX,LUSC_Normal,spearman,success,./gepia_pdfs/ph1__chromatin_vs_heme__BRD4_vs_PPOX__LUSC_Normal__spearman.pdf,2026-09-11T12:55:07
1,chromatin_vs_heme,BRD4,FECH,LUSC_Normal,spearman,success,./gepia_pdfs/ph1__chromatin_vs_heme__BRD4_vs_FECH__LUSC_Normal__spearman.pdf,2026-09-11T12:55:13
1,chromatin_vs_heme,BRD2,ALAS1,LUSC_Normal,spearman,success,./gepia_pdfs/ph1__chromatin_vs_heme__BRD2_vs_ALAS1__LUSC_Normal__spearman.pdf,2026-09-11T12:55:16
1,chromatin_vs_heme,BRD2,ALAD,LUSC_Normal,spearman,success,./gepia_pdfs/ph1__chromatin_vs_heme__BRD2_vs_ALAD__LUSC_Normal__spearman.pdf,2026-09-11T12:55:20
1,chromatin_vs_heme,BRD2,HMBS,LUSC_Normal,spearman,success,./gepia_pdfs/ph1__chromatin_vs_heme__BRD2_vs_HMBS__LUSC_Normal__spearman.pdf,2026-09-11T12:55:24
1,chromatin_vs_heme,BRD2,UROS,LUSC_Normal,spearman,success,./gepia_pdfs/ph1__chromatin_vs_heme__BRD2_vs_UROS__LUSC_Normal__spearman.pdf,2026-09-11T12:55:27
1,chromatin_vs_heme,BRD2,UROD,LUSC_Normal,spearman,success,./gepia_pdfs/ph1__chromatin_vs_heme__BRD2_vs_UROD__LUSC_Normal__spearman.pdf,2026-09-11T12:55:32
1,chromatin_vs_heme,BRD2,CPOX,LUSC_Normal,spearman,success,./gepia_pdfs/ph1__chromatin_vs_heme__BRD2_vs_CPOX__LUSC_Normal__spearman.pdf,2026-09-11T12:55:36
1,chromatin_vs_heme,BRD2,PPOX,LUSC_Normal,spearman,success,./gepia_pdfs/ph1__chromatin_vs_heme__BRD2_vs_PPOX__LUSC_Normal__spearman.pdf,2026-09-11T12:55:40
1,chromatin_vs_heme,BRD2,FECH,LUSC_Normal,spearman,success,./gepia_pdfs/ph1__chromatin_vs_heme__BRD2_vs_FECH__LUSC_Normal__spearman.pdf,2026-09-11T12:55:44
1,heme_consecutive,ALAS1,ALAD,PAAD_Normal,spearman,success,./gepia_pdfs/ph1__heme_consecutive__ALAS1_vs_ALAD__PAAD_Normal__spearman.pdf,2026-09-11T12:55:48
1,heme_consecutive,ALAD,HMBS,PAAD_Normal,spearman,success,./gepia_pdfs/ph1__heme_consecutive__ALAD_vs_HMBS__PAAD_Normal__spearman.pdf,2026-09-11T12:55:52
1,heme_consecutive,HMBS,UROS,PAAD_Normal,spearman,success,./gepia_pdfs/ph1__heme_consecutive__HMBS_vs_UROS__PAAD_Normal__spearman.pdf,2026-09-11T12:55:56
1,heme_consecutive,UROS,UROD,PAAD_Normal,spearman,success,./gepia_pdfs/ph1__heme_consecutive__UROS_vs_UROD__PAAD_Normal__spearman.pdf,2026-09-11T12:56:00
1,heme_consecutive,UROD,CPOX,PAAD_Normal,spearman,success,./gepia_pdfs/ph1__heme_consecutive__UROD_vs_CPOX__PAAD_Normal__spearman.pdf,2026-09-11T12:56:04
1,heme_consecutive,CPOX,PPOX,PAAD_Normal,spearman,success,./gepia_pdfs/ph1__heme_consecutive__CPOX_vs_PPOX__PAAD_Normal__spearman.pdf,2026-09-11T12:56:08
1,heme_consecutive,PPOX,FECH,PAAD_Normal,spearman,success,./gepia_pdfs/ph1__heme_consecutive__PPOX_vs_FECH__PAAD_Normal__spearman.pdf,2026-09-11T12:56:11
1,heme_nonconsecutive,HMBS,FECH,PAAD_Normal,spearman,success,./gepia_pdfs/ph1__heme_nonconsecutive__HMBS_vs_FECH__PAAD_Normal__spearman.pdf,2026-09-11T12:56:15
1,heme_nonconsecutive,ALAS1,FECH,PAAD_Normal,spearman,success,./gepia_pdfs/ph1__heme_nonconsecutive__ALAS1_vs_FECH__PAAD_Normal__spearman.pdf,2026-09-11T12:56:20
1,heme_nonconsecutive,HMBS,PPOX,PAAD_Normal,spearman,success,./gepia_pdfs/ph1__heme_nonconsecutive__HMBS_vs_PPOX__PAAD_Normal__spearman.pdf,2026-09-11T12:56:22
1,chromatin_vs_heme,H2AFZ,ALAS1,PAAD_Normal,spearman,success,./gepia_pdfs/ph1__chromatin_vs_heme__H2AFZ_vs_ALAS1__PAAD_Normal__spearman.pdf,2026-09-11T12:56:25
1,chromatin_vs_heme,H2AFZ,ALAD,PAAD_Normal,spearman,success,./gepia_pdfs/ph1__chromatin_vs_heme__H2AFZ_vs_ALAD__PAAD_Normal__spearman.pdf,2026-09-11T12:56:29
1,chromatin_vs_heme,H2AFZ,HMBS,PAAD_Normal,spearman,success,./gepia_pdfs/ph1__chromatin_vs_heme__H2AFZ_vs_HMBS__PAAD_Normal__spearman.pdf,2026-09-11T12:56:32
1,chromatin_vs_heme,H2AFZ,UROS,PAAD_Normal,spearman,success,./gepia_pdfs/ph1__chromatin_vs_heme__H2AFZ_vs_UROS__PAAD_Normal__spearman.pdf,2026-09-11T12:56:36
1,chromatin_vs_heme,H2AFZ,UROD,PAAD_Normal,spearman,success,./gepia_pdfs/ph1__chromatin_vs_heme__H2AFZ_vs_UROD__PAAD_Normal__spearman.pdf,2026-09-11T12:56:39
1,chromatin_vs_heme,H2AFZ,CPOX,PAAD_Normal,spearman,success,./gepia_pdfs/ph1__chromatin_vs_heme__H2AFZ_vs_CPOX__PAAD_Normal__spearman.pdf,2026-09-11T12:56:43
1,chromatin_vs_heme,H2AFZ,PPOX,PAAD_Normal,spearman,success,./gepia_pdfs/ph1__chromatin_vs_heme__H2AFZ_vs_PPOX__PAAD_Normal__spearman.pdf,2026-09-11T12:56:46
1,chromatin_vs_heme,H2AFZ,FECH,PAAD_Normal,spearman,success,./gepia_pdfs/ph1__chromatin_vs_heme__H2AFZ_vs_FECH__PAAD_Normal__spearman.pdf,2026-09-11T12:56:49
1,chromatin_vs_heme,ATAD2,ALAS1,PAAD_Normal,spearman,success,./gepia_pdfs/ph1__chromatin_vs_heme__ATAD2_vs_ALAS1__PAAD_Normal__spearman.pdf,2026-09-11T12:56:54
1,chromatin_vs_heme,ATAD2,ALAD,PAAD_Normal,spearman,success,./gepia_pdfs/ph1__chromatin_vs_heme__ATAD2_vs_ALAD__PAAD_Normal__spearman.pdf,2026-09-11T12:56:57
1,chromatin_vs_heme,ATAD2,HMBS,PAAD_Normal,spearman,success,./gepia_pdfs/ph1__chromatin_vs_heme__ATAD2_vs_HMBS__PAAD_Normal__spearman.pdf,2026-09-11T12:56:59
1,chromatin_vs_heme,ATAD2,UROS,PAAD_Normal,spearman,success,./gepia_pdfs/ph1__chromatin_vs_heme__ATAD2_vs_UROS__PAAD_Normal__spearman.pdf,2026-09-11T12:57:04
1,chromatin_vs_heme,ATAD2,UROD,PAAD_Normal,spearman,success,./gepia_pdfs/ph1__chromatin_vs_heme__ATAD2_vs_UROD__PAAD_Normal__spearman.pdf,2026-09-11T12:57:07
1,chromatin_vs_heme,ATAD2,CPOX,PAAD_Normal,spearman,success,./gepia_pdfs/ph1__chromatin_vs_heme__ATAD2_vs_CPOX__PAAD_Normal__spearman.pdf,2026-09-11T12:57:10
1,chromatin_vs_heme,ATAD2,PPOX,PAAD_Normal,spearman,success,./gepia_pdfs/ph1__chromatin_vs_heme__ATAD2_vs_PPOX__PAAD_Normal__spearman.pdf,2026-09-11T12:57:12
1,chromatin_vs_heme,ATAD2,FECH,PAAD_Normal,spearman,success,./gepia_pdfs/ph1__chromatin_vs_heme__ATAD2_vs_FECH__PAAD_Normal__spearman.pdf,2026-09-11T12:57:15
1,chromatin_vs_heme,BRD4,ALAS1,PAAD_Normal,spearman,success,./gepia_pdfs/ph1__chromatin_vs_heme__BRD4_vs_ALAS1__PAAD_Normal__spearman.pdf,2026-09-11T12:57:20
1,chromatin_vs_heme,BRD4,ALAD,PAAD_Normal,spearman,success,./gepia_pdfs/ph1__chromatin_vs_heme__BRD4_vs_ALAD__PAAD_Normal__spearman.pdf,2026-09-11T12:57:22
1,chromatin_vs_heme,BRD4,HMBS,PAAD_Normal,spearman,success,./gepia_pdfs/ph1__chromatin_vs_heme__BRD4_vs_HMBS__PAAD_Normal__spearman.pdf,2026-09-11T12:57:26
1,chromatin_vs_heme,BRD4,UROS,PAAD_Normal,spearman,success,./gepia_pdfs/ph1__chromatin_vs_heme__BRD4_vs_UROS__PAAD_Normal__spearman.pdf,2026-09-11T12:57:30
1,chromatin_vs_heme,BRD4,UROD,PAAD_Normal,spearman,success,./gepia_pdfs/ph1__chromatin_vs_heme__BRD4_vs_UROD__PAAD_Normal__spearman.pdf,2026-09-11T12:57:33
1,chromatin_vs_heme,BRD4,CPOX,PAAD_Normal,spearman,success,./gepia_pdfs/ph1__chromatin_vs_heme__BRD4_vs_CPOX__PAAD_Normal__spearman.pdf,2026-09-11T12:57:36
1,chromatin_vs_heme,BRD4,PPOX,PAAD_Normal,spearman,success,./gepia_pdfs/ph1__chromatin_vs_heme__BRD4_vs_PPOX__PAAD_Normal__spearman.pdf,2026-09-11T12:57:39
1,chromatin_vs_heme,BRD4,FECH,PAAD_Normal,spearman,success,./gepia_pdfs/ph1__chromatin_vs_heme__BRD4_vs_FECH__PAAD_Normal__spearman.pdf,2026-09-11T12:57:42
1,chromatin_vs_heme,BRD2,ALAS1,PAAD_Normal,spearman,success,./gepia_pdfs/ph1__chromatin_vs_heme__BRD2_vs_ALAS1__PAAD_Normal__spearman.pdf,2026-09-11T12:57:47
1,chromatin_vs_heme,BRD2,ALAD,PAAD_Normal,spearman,success,./gepia_pdfs/ph1__chromatin_vs_heme__BRD2_vs_ALAD__PAAD_Normal__spearman.pdf,2026-09-11T12:57:51
1,chromatin_vs_heme,BRD2,HMBS,PAAD_Normal,spearman,success,./gepia_pdfs/ph1__chromatin_vs_heme__BRD2_vs_HMBS__PAAD_Normal__spearman.pdf,2026-09-11T12:57:55
1,chromatin_vs_heme,BRD2,UROS,PAAD_Normal,spearman,success,./gepia_pdfs/ph1__chromatin_vs_heme__BRD2_vs_UROS__PAAD_Normal__spearman.pdf,2026-09-11T12:57:59
1,chromatin_vs_heme,BRD2,UROD,PAAD_Normal,spearman,success,./gepia_pdfs/ph1__chromatin_vs_heme__BRD2_vs_UROD__PAAD_Normal__spearman.pdf,2026-09-11T12:58:02
1,chromatin_vs_heme,BRD2,CPOX,PAAD_Normal,spearman,success,./gepia_pdfs/ph1__chromatin_vs_heme__BRD2_vs_CPOX__PAAD_Normal__spearman.pdf,2026-09-11T12:58:06
1,chromatin_vs_heme,BRD2,PPOX,PAAD_Normal,spearman,success,./gepia_pdfs/ph1__chromatin_vs_heme__BRD2_vs_PPOX__PAAD_Normal__spearman.pdf,2026-09-11T12:58:09
1,chromatin_vs_heme,BRD2,FECH,PAAD_Normal,spearman,success,./gepia_pdfs/ph1__chromatin_vs_heme__BRD2_vs_FECH__PAAD_Normal__spearman.pdf,2026-09-11T12:58:13
1,heme_consecutive,ALAS1,ALAD,PCPG_Normal,spearman,success,./gepia_pdfs/ph1__heme_consecutive__ALAS1_vs_ALAD__PCPG_Normal__spearman.pdf,2026-09-11T12:58:17
1,heme_consecutive,ALAD,HMBS,PCPG_Normal,spearman,success,./gepia_pdfs/ph1__heme_consecutive__ALAD_vs_HMBS__PCPG_Normal__spearman.pdf,2026-09-11T12:58:19
1,heme_consecutive,HMBS,UROS,PCPG_Normal,spearman,success,./gepia_pdfs/ph1__heme_consecutive__HMBS_vs_UROS__PCPG_Normal__spearman.pdf,2026-09-11T12:58:22
1,heme_consecutive,UROS,UROD,PCPG_Normal,spearman,success,./gepia_pdfs/ph1__heme_consecutive__UROS_vs_UROD__PCPG_Normal__spearman.pdf,2026-09-11T12:58:26
1,heme_consecutive,UROD,CPOX,PCPG_Normal,spearman,success,./gepia_pdfs/ph1__heme_consecutive__UROD_vs_CPOX__PCPG_Normal__spearman.pdf,2026-09-11T12:58:30
1,heme_consecutive,CPOX,PPOX,PCPG_Normal,spearman,success,./gepia_pdfs/ph1__heme_consecutive__CPOX_vs_PPOX__PCPG_Normal__spearman.pdf,2026-09-11T12:58:34
1,heme_consecutive,PPOX,FECH,PCPG_Normal,spearman,success,./gepia_pdfs/ph1__heme_consecutive__PPOX_vs_FECH__PCPG_Normal__spearman.pdf,2026-09-11T12:58:38
1,heme_nonconsecutive,HMBS,FECH,PCPG_Normal,spearman,success,./gepia_pdfs/ph1__heme_nonconsecutive__HMBS_vs_FECH__PCPG_Normal__spearman.pdf,2026-09-11T12:58:41
1,heme_nonconsecutive,ALAS1,FECH,PCPG_Normal,spearman,success,./gepia_pdfs/ph1__heme_nonconsecutive__ALAS1_vs_FECH__PCPG_Normal__spearman.pdf,2026-09-11T12:58:44
1,heme_nonconsecutive,HMBS,PPOX,PCPG_Normal,spearman,success,./gepia_pdfs/ph1__heme_nonconsecutive__HMBS_vs_PPOX__PCPG_Normal__spearman.pdf,2026-09-11T12:58:46
1,chromatin_vs_heme,H2AFZ,ALAS1,PCPG_Normal,spearman,success,./gepia_pdfs/ph1__chromatin_vs_heme__H2AFZ_vs_ALAS1__PCPG_Normal__spearman.pdf,2026-09-11T12:58:49
1,chromatin_vs_heme,H2AFZ,ALAD,PCPG_Normal,spearman,success,./gepia_pdfs/ph1__chromatin_vs_heme__H2AFZ_vs_ALAD__PCPG_Normal__spearman.pdf,2026-09-11T12:58:53
1,chromatin_vs_heme,H2AFZ,HMBS,PCPG_Normal,spearman,success,./gepia_pdfs/ph1__chromatin_vs_heme__H2AFZ_vs_HMBS__PCPG_Normal__spearman.pdf,2026-09-11T12:58:56
1,chromatin_vs_heme,H2AFZ,UROS,PCPG_Normal,spearman,success,./gepia_pdfs/ph1__chromatin_vs_heme__H2AFZ_vs_UROS__PCPG_Normal__spearman.pdf,2026-09-11T12:59:00
1,chromatin_vs_heme,H2AFZ,UROD,PCPG_Normal,spearman,success,./gepia_pdfs/ph1__chromatin_vs_heme__H2AFZ_vs_UROD__PCPG_Normal__spearman.pdf,2026-09-11T12:59:03
1,chromatin_vs_heme,H2AFZ,CPOX,PCPG_Normal,spearman,success,./gepia_pdfs/ph1__chromatin_vs_heme__H2AFZ_vs_CPOX__PCPG_Normal__spearman.pdf,2026-09-11T12:59:08
1,chromatin_vs_heme,H2AFZ,PPOX,PCPG_Normal,spearman,success,./gepia_pdfs/ph1__chromatin_vs_heme__H2AFZ_vs_PPOX__PCPG_Normal__spearman.pdf,2026-09-11T12:59:12
1,chromatin_vs_heme,H2AFZ,FECH,PCPG_Normal,spearman,success,./gepia_pdfs/ph1__chromatin_vs_heme__H2AFZ_vs_FECH__PCPG_Normal__spearman.pdf,2026-09-11T12:59:16
1,chromatin_vs_heme,ATAD2,ALAS1,PCPG_Normal,spearman,success,./gepia_pdfs/ph1__chromatin_vs_heme__ATAD2_vs_ALAS1__PCPG_Normal__spearman.pdf,2026-09-11T12:59:18
1,chromatin_vs_heme,ATAD2,ALAD,PCPG_Normal,spearman,success,./gepia_pdfs/ph1__chromatin_vs_heme__ATAD2_vs_ALAD__PCPG_Normal__spearman.pdf,2026-09-11T12:59:21
1,chromatin_vs_heme,ATAD2,HMBS,PCPG_Normal,spearman,success,./gepia_pdfs/ph1__chromatin_vs_heme__ATAD2_vs_HMBS__PCPG_Normal__spearman.pdf,2026-09-11T12:59:25
1,chromatin_vs_heme,ATAD2,UROS,PCPG_Normal,spearman,success,./gepia_pdfs/ph1__chromatin_vs_heme__ATAD2_vs_UROS__PCPG_Normal__spearman.pdf,2026-09-11T12:59:29
1,chromatin_vs_heme,ATAD2,UROD,PCPG_Normal,spearman,success,./gepia_pdfs/ph1__chromatin_vs_heme__ATAD2_vs_UROD__PCPG_Normal__spearman.pdf,2026-09-11T12:59:34
1,chromatin_vs_heme,ATAD2,CPOX,PCPG_Normal,spearman,success,./gepia_pdfs/ph1__chromatin_vs_heme__ATAD2_vs_CPOX__PCPG_Normal__spearman.pdf,2026-09-11T12:59:36
1,chromatin_vs_heme,ATAD2,PPOX,PCPG_Normal,spearman,success,./gepia_pdfs/ph1__chromatin_vs_heme__ATAD2_vs_PPOX__PCPG_Normal__spearman.pdf,2026-09-11T12:59:40
1,chromatin_vs_heme,ATAD2,FECH,PCPG_Normal,spearman,success,./gepia_pdfs/ph1__chromatin_vs_heme__ATAD2_vs_FECH__PCPG_Normal__spearman.pdf,2026-09-11T12:59:46
1,chromatin_vs_heme,BRD4,ALAS1,PCPG_Normal,spearman,success,./gepia_pdfs/ph1__chromatin_vs_heme__BRD4_vs_ALAS1__PCPG_Normal__spearman.pdf,2026-09-11T12:59:50
1,chromatin_vs_heme,BRD4,ALAD,PCPG_Normal,spearman,success,./gepia_pdfs/ph1__chromatin_vs_heme__BRD4_vs_ALAD__PCPG_Normal__spearman.pdf,2026-09-11T12:59:54
1,chromatin_vs_heme,BRD4,HMBS,PCPG_Normal,spearman,success,./gepia_pdfs/ph1__chromatin_vs_heme__BRD4_vs_HMBS__PCPG_Normal__spearman.pdf,2026-09-11T12:59:57
1,chromatin_vs_heme,BRD4,UROS,PCPG_Normal,spearman,success,./gepia_pdfs/ph1__chromatin_vs_heme__BRD4_vs_UROS__PCPG_Normal__spearman.pdf,2026-09-11T13:00:00
1,chromatin_vs_heme,BRD4,UROD,PCPG_Normal,spearman,success,./gepia_pdfs/ph1__chromatin_vs_heme__BRD4_vs_UROD__PCPG_Normal__spearman.pdf,2026-09-11T13:00:04
1,chromatin_vs_heme,BRD4,CPOX,PCPG_Normal,spearman,success,./gepia_pdfs/ph1__chromatin_vs_heme__BRD4_vs_CPOX__PCPG_Normal__spearman.pdf,2026-09-11T13:00:07
1,chromatin_vs_heme,BRD4,PPOX,PCPG_Normal,spearman,success,./gepia_pdfs/ph1__chromatin_vs_heme__BRD4_vs_PPOX__PCPG_Normal__spearman.pdf,2026-09-11T13:00:10
1,chromatin_vs_heme,BRD4,FECH,PCPG_Normal,spearman,success,./gepia_pdfs/ph1__chromatin_vs_heme__BRD4_vs_FECH__PCPG_Normal__spearman.pdf,2026-09-11T13:00:14
1,chromatin_vs_heme,BRD2,ALAS1,PCPG_Normal,spearman,success,./gepia_pdfs/ph1__chromatin_vs_heme__BRD2_vs_ALAS1__PCPG_Normal__spearman.pdf,2026-09-11T13:00:17
1,chromatin_vs_heme,BRD2,ALAD,PCPG_Normal,spearman,success,./gepia_pdfs/ph1__chromatin_vs_heme__BRD2_vs_ALAD__PCPG_Normal__spearman.pdf,2026-09-11T13:00:21
1,chromatin_vs_heme,BRD2,HMBS,PCPG_Normal,spearman,success,./gepia_pdfs/ph1__chromatin_vs_heme__BRD2_vs_HMBS__PCPG_Normal__spearman.pdf,2026-09-11T13:00:25
1,chromatin_vs_heme,BRD2,UROS,PCPG_Normal,spearman,success,./gepia_pdfs/ph1__chromatin_vs_heme__BRD2_vs_UROS__PCPG_Normal__spearman.pdf,2026-09-11T13:00:27
1,chromatin_vs_heme,BRD2,UROD,PCPG_Normal,spearman,success,./gepia_pdfs/ph1__chromatin_vs_heme__BRD2_vs_UROD__PCPG_Normal__spearman.pdf,2026-09-11T13:00:29
1,chromatin_vs_heme,BRD2,CPOX,PCPG_Normal,spearman,success,./gepia_pdfs/ph1__chromatin_vs_heme__BRD2_vs_CPOX__PCPG_Normal__spearman.pdf,2026-09-11T13:00:32
1,chromatin_vs_heme,BRD2,PPOX,PCPG_Normal,spearman,success,./gepia_pdfs/ph1__chromatin_vs_heme__BRD2_vs_PPOX__PCPG_Normal__spearman.pdf,2026-09-11T13:00:35
1,chromatin_vs_heme,BRD2,FECH,PCPG_Normal,spearman,success,./gepia_pdfs/ph1__chromatin_vs_heme__BRD2_vs_FECH__PCPG_Normal__spearman.pdf,2026-09-11T13:00:38
1,heme_consecutive,ALAS1,ALAD,PRAD_Normal,spearman,success,./gepia_pdfs/ph1__heme_consecutive__ALAS1_vs_ALAD__PRAD_Normal__spearman.pdf,2026-09-11T13:00:43
1,heme_consecutive,ALAD,HMBS,PRAD_Normal,spearman,success,./gepia_pdfs/ph1__heme_consecutive__ALAD_vs_HMBS__PRAD_Normal__spearman.pdf,2026-09-11T13:00:46
1,heme_consecutive,HMBS,UROS,PRAD_Normal,spearman,success,./gepia_pdfs/ph1__heme_consecutive__HMBS_vs_UROS__PRAD_Normal__spearman.pdf,2026-09-11T13:00:51
1,heme_consecutive,UROS,UROD,PRAD_Normal,spearman,success,./gepia_pdfs/ph1__heme_consecutive__UROS_vs_UROD__PRAD_Normal__spearman.pdf,2026-09-11T13:00:54
1,heme_consecutive,UROD,CPOX,PRAD_Normal,spearman,success,./gepia_pdfs/ph1__heme_consecutive__UROD_vs_CPOX__PRAD_Normal__spearman.pdf,2026-09-11T13:00:58
1,heme_consecutive,CPOX,PPOX,PRAD_Normal,spearman,success,./gepia_pdfs/ph1__heme_consecutive__CPOX_vs_PPOX__PRAD_Normal__spearman.pdf,2026-09-11T13:01:02
1,heme_consecutive,PPOX,FECH,PRAD_Normal,spearman,success,./gepia_pdfs/ph1__heme_consecutive__PPOX_vs_FECH__PRAD_Normal__spearman.pdf,2026-09-11T13:01:07
1,heme_nonconsecutive,HMBS,FECH,PRAD_Normal,spearman,success,./gepia_pdfs/ph1__heme_nonconsecutive__HMBS_vs_FECH__PRAD_Normal__spearman.pdf,2026-09-11T13:01:11
1,heme_nonconsecutive,ALAS1,FECH,PRAD_Normal,spearman,success,./gepia_pdfs/ph1__heme_nonconsecutive__ALAS1_vs_FECH__PRAD_Normal__spearman.pdf,2026-09-11T13:01:14
1,heme_nonconsecutive,HMBS,PPOX,PRAD_Normal,spearman,success,./gepia_pdfs/ph1__heme_nonconsecutive__HMBS_vs_PPOX__PRAD_Normal__spearman.pdf,2026-09-11T13:01:17
1,chromatin_vs_heme,H2AFZ,ALAS1,PRAD_Normal,spearman,success,./gepia_pdfs/ph1__chromatin_vs_heme__H2AFZ_vs_ALAS1__PRAD_Normal__spearman.pdf,2026-09-11T13:01:21
1,chromatin_vs_heme,H2AFZ,ALAD,PRAD_Normal,spearman,success,./gepia_pdfs/ph1__chromatin_vs_heme__H2AFZ_vs_ALAD__PRAD_Normal__spearman.pdf,2026-09-11T13:01:25
1,chromatin_vs_heme,H2AFZ,HMBS,PRAD_Normal,spearman,success,./gepia_pdfs/ph1__chromatin_vs_heme__H2AFZ_vs_HMBS__PRAD_Normal__spearman.pdf,2026-09-11T13:01:30
1,chromatin_vs_heme,H2AFZ,UROS,PRAD_Normal,spearman,success,./gepia_pdfs/ph1__chromatin_vs_heme__H2AFZ_vs_UROS__PRAD_Normal__spearman.pdf,2026-09-11T13:01:34
1,chromatin_vs_heme,H2AFZ,UROD,PRAD_Normal,spearman,success,./gepia_pdfs/ph1__chromatin_vs_heme__H2AFZ_vs_UROD__PRAD_Normal__spearman.pdf,2026-09-11T13:01:36
1,chromatin_vs_heme,H2AFZ,CPOX,PRAD_Normal,spearman,success,./gepia_pdfs/ph1__chromatin_vs_heme__H2AFZ_vs_CPOX__PRAD_Normal__spearman.pdf,2026-09-11T13:01:41
1,chromatin_vs_heme,H2AFZ,PPOX,PRAD_Normal,spearman,success,./gepia_pdfs/ph1__chromatin_vs_heme__H2AFZ_vs_PPOX__PRAD_Normal__spearman.pdf,2026-09-11T13:01:44
1,chromatin_vs_heme,H2AFZ,FECH,PRAD_Normal,spearman,success,./gepia_pdfs/ph1__chromatin_vs_heme__H2AFZ_vs_FECH__PRAD_Normal__spearman.pdf,2026-09-11T13:01:49
1,chromatin_vs_heme,ATAD2,ALAS1,PRAD_Normal,spearman,success,./gepia_pdfs/ph1__chromatin_vs_heme__ATAD2_vs_ALAS1__PRAD_Normal__spearman.pdf,2026-09-11T13:01:54
1,chromatin_vs_heme,ATAD2,ALAD,PRAD_Normal,spearman,success,./gepia_pdfs/ph1__chromatin_vs_heme__ATAD2_vs_ALAD__PRAD_Normal__spearman.pdf,2026-09-11T13:01:57
1,chromatin_vs_heme,ATAD2,HMBS,PRAD_Normal,spearman,success,./gepia_pdfs/ph1__chromatin_vs_heme__ATAD2_vs_HMBS__PRAD_Normal__spearman.pdf,2026-09-11T13:02:01
1,chromatin_vs_heme,ATAD2,UROS,PRAD_Normal,spearman,success,./gepia_pdfs/ph1__chromatin_vs_heme__ATAD2_vs_UROS__PRAD_Normal__spearman.pdf,2026-09-11T13:02:03
1,chromatin_vs_heme,ATAD2,UROD,PRAD_Normal,spearman,success,./gepia_pdfs/ph1__chromatin_vs_heme__ATAD2_vs_UROD__PRAD_Normal__spearman.pdf,2026-09-11T13:02:07
1,chromatin_vs_heme,ATAD2,CPOX,PRAD_Normal,spearman,success,./gepia_pdfs/ph1__chromatin_vs_heme__ATAD2_vs_CPOX__PRAD_Normal__spearman.pdf,2026-09-11T13:02:10
1,chromatin_vs_heme,ATAD2,PPOX,PRAD_Normal,spearman,success,./gepia_pdfs/ph1__chromatin_vs_heme__ATAD2_vs_PPOX__PRAD_Normal__spearman.pdf,2026-09-11T13:02:13
1,chromatin_vs_heme,ATAD2,FECH,PRAD_Normal,spearman,success,./gepia_pdfs/ph1__chromatin_vs_heme__ATAD2_vs_FECH__PRAD_Normal__spearman.pdf,2026-09-11T13:02:17
1,chromatin_vs_heme,BRD4,ALAS1,PRAD_Normal,spearman,success,./gepia_pdfs/ph1__chromatin_vs_heme__BRD4_vs_ALAS1__PRAD_Normal__spearman.pdf,2026-09-11T13:02:20
1,chromatin_vs_heme,BRD4,ALAD,PRAD_Normal,spearman,success,./gepia_pdfs/ph1__chromatin_vs_heme__BRD4_vs_ALAD__PRAD_Normal__spearman.pdf,2026-09-11T13:02:23
1,chromatin_vs_heme,BRD4,HMBS,PRAD_Normal,spearman,success,./gepia_pdfs/ph1__chromatin_vs_heme__BRD4_vs_HMBS__PRAD_Normal__spearman.pdf,2026-09-11T13:02:27
1,chromatin_vs_heme,BRD4,UROS,PRAD_Normal,spearman,success,./gepia_pdfs/ph1__chromatin_vs_heme__BRD4_vs_UROS__PRAD_Normal__spearman.pdf,2026-09-11T13:02:29
1,chromatin_vs_heme,BRD4,UROD,PRAD_Normal,spearman,success,./gepia_pdfs/ph1__chromatin_vs_heme__BRD4_vs_UROD__PRAD_Normal__spearman.pdf,2026-09-11T13:02:33
1,chromatin_vs_heme,BRD4,CPOX,PRAD_Normal,spearman,success,./gepia_pdfs/ph1__chromatin_vs_heme__BRD4_vs_CPOX__PRAD_Normal__spearman.pdf,2026-09-11T13:02:36
1,chromatin_vs_heme,BRD4,PPOX,PRAD_Normal,spearman,success,./gepia_pdfs/ph1__chromatin_vs_heme__BRD4_vs_PPOX__PRAD_Normal__spearman.pdf,2026-09-11T13:02:40
1,chromatin_vs_heme,BRD4,FECH,PRAD_Normal,spearman,success,./gepia_pdfs/ph1__chromatin_vs_heme__BRD4_vs_FECH__PRAD_Normal__spearman.pdf,2026-09-11T13:02:45
1,chromatin_vs_heme,BRD2,ALAS1,PRAD_Normal,spearman,success,./gepia_pdfs/ph1__chromatin_vs_heme__BRD2_vs_ALAS1__PRAD_Normal__spearman.pdf,2026-09-11T13:02:49
1,chromatin_vs_heme,BRD2,ALAD,PRAD_Normal,spearman,success,./gepia_pdfs/ph1__chromatin_vs_heme__BRD2_vs_ALAD__PRAD_Normal__spearman.pdf,2026-09-11T13:02:52
1,chromatin_vs_heme,BRD2,HMBS,PRAD_Normal,spearman,success,./gepia_pdfs/ph1__chromatin_vs_heme__BRD2_vs_HMBS__PRAD_Normal__spearman.pdf,2026-09-11T13:02:55
1,chromatin_vs_heme,BRD2,UROS,PRAD_Normal,spearman,success,./gepia_pdfs/ph1__chromatin_vs_heme__BRD2_vs_UROS__PRAD_Normal__spearman.pdf,2026-09-11T13:03:00
1,chromatin_vs_heme,BRD2,UROD,PRAD_Normal,spearman,success,./gepia_pdfs/ph1__chromatin_vs_heme__BRD2_vs_UROD__PRAD_Normal__spearman.pdf,2026-09-11T13:03:03
1,chromatin_vs_heme,BRD2,CPOX,PRAD_Normal,spearman,success,./gepia_pdfs/ph1__chromatin_vs_heme__BRD2_vs_CPOX__PRAD_Normal__spearman.pdf,2026-09-11T13:03:06
1,chromatin_vs_heme,BRD2,PPOX,PRAD_Normal,spearman,success,./gepia_pdfs/ph1__chromatin_vs_heme__BRD2_vs_PPOX__PRAD_Normal__spearman.pdf,2026-09-11T13:03:08
1,chromatin_vs_heme,BRD2,FECH,PRAD_Normal,spearman,success,./gepia_pdfs/ph1__chromatin_vs_heme__BRD2_vs_FECH__PRAD_Normal__spearman.pdf,2026-09-11T13:03:13
1,heme_consecutive,ALAS1,ALAD,READ_Normal,spearman,success,./gepia_pdfs/ph1__heme_consecutive__ALAS1_vs_ALAD__READ_Normal__spearman.pdf,2026-09-11T13:03:18
1,heme_consecutive,ALAD,HMBS,READ_Normal,spearman,success,./gepia_pdfs/ph1__heme_consecutive__ALAD_vs_HMBS__READ_Normal__spearman.pdf,2026-09-11T13:03:22
1,heme_consecutive,HMBS,UROS,READ_Normal,spearman,success,./gepia_pdfs/ph1__heme_consecutive__HMBS_vs_UROS__READ_Normal__spearman.pdf,2026-09-11T13:03:25
1,heme_consecutive,UROS,UROD,READ_Normal,spearman,success,./gepia_pdfs/ph1__heme_consecutive__UROS_vs_UROD__READ_Normal__spearman.pdf,2026-09-11T13:03:29
1,heme_consecutive,UROD,CPOX,READ_Normal,spearman,success,./gepia_pdfs/ph1__heme_consecutive__UROD_vs_CPOX__READ_Normal__spearman.pdf,2026-09-11T13:03:34
1,heme_consecutive,CPOX,PPOX,READ_Normal,spearman,success,./gepia_pdfs/ph1__heme_consecutive__CPOX_vs_PPOX__READ_Normal__spearman.pdf,2026-09-11T13:03:36
1,heme_consecutive,PPOX,FECH,READ_Normal,spearman,success,./gepia_pdfs/ph1__heme_consecutive__PPOX_vs_FECH__READ_Normal__spearman.pdf,2026-09-11T13:03:41
1,heme_nonconsecutive,HMBS,FECH,READ_Normal,spearman,success,./gepia_pdfs/ph1__heme_nonconsecutive__HMBS_vs_FECH__READ_Normal__spearman.pdf,2026-09-11T13:03:45
1,heme_nonconsecutive,ALAS1,FECH,READ_Normal,spearman,success,./gepia_pdfs/ph1__heme_nonconsecutive__ALAS1_vs_FECH__READ_Normal__spearman.pdf,2026-09-11T13:03:47
1,heme_nonconsecutive,HMBS,PPOX,READ_Normal,spearman,success,./gepia_pdfs/ph1__heme_nonconsecutive__HMBS_vs_PPOX__READ_Normal__spearman.pdf,2026-09-11T13:03:52
1,chromatin_vs_heme,H2AFZ,ALAS1,READ_Normal,spearman,success,./gepia_pdfs/ph1__chromatin_vs_heme__H2AFZ_vs_ALAS1__READ_Normal__spearman.pdf,2026-09-11T13:03:56
1,chromatin_vs_heme,H2AFZ,ALAD,READ_Normal,spearman,success,./gepia_pdfs/ph1__chromatin_vs_heme__H2AFZ_vs_ALAD__READ_Normal__spearman.pdf,2026-09-11T13:04:01
1,chromatin_vs_heme,H2AFZ,HMBS,READ_Normal,spearman,success,./gepia_pdfs/ph1__chromatin_vs_heme__H2AFZ_vs_HMBS__READ_Normal__spearman.pdf,2026-09-11T13:04:04
1,chromatin_vs_heme,H2AFZ,UROS,READ_Normal,spearman,success,./gepia_pdfs/ph1__chromatin_vs_heme__H2AFZ_vs_UROS__READ_Normal__spearman.pdf,2026-09-11T13:04:07
1,chromatin_vs_heme,H2AFZ,UROD,READ_Normal,spearman,success,./gepia_pdfs/ph1__chromatin_vs_heme__H2AFZ_vs_UROD__READ_Normal__spearman.pdf,2026-09-11T13:04:12
1,chromatin_vs_heme,H2AFZ,CPOX,READ_Normal,spearman,success,./gepia_pdfs/ph1__chromatin_vs_heme__H2AFZ_vs_CPOX__READ_Normal__spearman.pdf,2026-09-11T13:04:16
1,chromatin_vs_heme,H2AFZ,PPOX,READ_Normal,spearman,success,./gepia_pdfs/ph1__chromatin_vs_heme__H2AFZ_vs_PPOX__READ_Normal__spearman.pdf,2026-09-11T13:04:21
1,chromatin_vs_heme,H2AFZ,FECH,READ_Normal,spearman,success,./gepia_pdfs/ph1__chromatin_vs_heme__H2AFZ_vs_FECH__READ_Normal__spearman.pdf,2026-09-11T13:04:24
1,chromatin_vs_heme,ATAD2,ALAS1,READ_Normal,spearman,success,./gepia_pdfs/ph1__chromatin_vs_heme__ATAD2_vs_ALAS1__READ_Normal__spearman.pdf,2026-09-11T13:04:29
1,chromatin_vs_heme,ATAD2,ALAD,READ_Normal,spearman,success,./gepia_pdfs/ph1__chromatin_vs_heme__ATAD2_vs_ALAD__READ_Normal__spearman.pdf,2026-09-11T13:04:32
1,chromatin_vs_heme,ATAD2,HMBS,READ_Normal,spearman,success,./gepia_pdfs/ph1__chromatin_vs_heme__ATAD2_vs_HMBS__READ_Normal__spearman.pdf,2026-09-11T13:04:36
1,chromatin_vs_heme,ATAD2,UROS,READ_Normal,spearman,success,./gepia_pdfs/ph1__chromatin_vs_heme__ATAD2_vs_UROS__READ_Normal__spearman.pdf,2026-09-11T13:04:40
1,chromatin_vs_heme,ATAD2,UROD,READ_Normal,spearman,success,./gepia_pdfs/ph1__chromatin_vs_heme__ATAD2_vs_UROD__READ_Normal__spearman.pdf,2026-09-11T13:04:44
1,chromatin_vs_heme,ATAD2,CPOX,READ_Normal,spearman,success,./gepia_pdfs/ph1__chromatin_vs_heme__ATAD2_vs_CPOX__READ_Normal__spearman.pdf,2026-09-11T13:04:49
1,chromatin_vs_heme,ATAD2,PPOX,READ_Normal,spearman,success,./gepia_pdfs/ph1__chromatin_vs_heme__ATAD2_vs_PPOX__READ_Normal__spearman.pdf,2026-09-11T13:04:52
1,chromatin_vs_heme,ATAD2,FECH,READ_Normal,spearman,success,./gepia_pdfs/ph1__chromatin_vs_heme__ATAD2_vs_FECH__READ_Normal__spearman.pdf,2026-09-11T13:04:54
1,chromatin_vs_heme,BRD4,ALAS1,READ_Normal,spearman,success,./gepia_pdfs/ph1__chromatin_vs_heme__BRD4_vs_ALAS1__READ_Normal__spearman.pdf,2026-09-11T13:04:58
1,chromatin_vs_heme,BRD4,ALAD,READ_Normal,spearman,success,./gepia_pdfs/ph1__chromatin_vs_heme__BRD4_vs_ALAD__READ_Normal__spearman.pdf,2026-09-11T13:05:03
1,chromatin_vs_heme,BRD4,HMBS,READ_Normal,spearman,success,./gepia_pdfs/ph1__chromatin_vs_heme__BRD4_vs_HMBS__READ_Normal__spearman.pdf,2026-09-11T13:05:07
1,chromatin_vs_heme,BRD4,UROS,READ_Normal,spearman,success,./gepia_pdfs/ph1__chromatin_vs_heme__BRD4_vs_UROS__READ_Normal__spearman.pdf,2026-09-11T13:05:10
1,chromatin_vs_heme,BRD4,UROD,READ_Normal,spearman,success,./gepia_pdfs/ph1__chromatin_vs_heme__BRD4_vs_UROD__READ_Normal__spearman.pdf,2026-09-11T13:05:15
1,chromatin_vs_heme,BRD4,CPOX,READ_Normal,spearman,success,./gepia_pdfs/ph1__chromatin_vs_heme__BRD4_vs_CPOX__READ_Normal__spearman.pdf,2026-09-11T13:05:18
1,chromatin_vs_heme,BRD4,PPOX,READ_Normal,spearman,success,./gepia_pdfs/ph1__chromatin_vs_heme__BRD4_vs_PPOX__READ_Normal__spearman.pdf,2026-09-11T13:05:21
1,chromatin_vs_heme,BRD4,FECH,READ_Normal,spearman,success,./gepia_pdfs/ph1__chromatin_vs_heme__BRD4_vs_FECH__READ_Normal__spearman.pdf,2026-09-11T13:05:24
1,chromatin_vs_heme,BRD2,ALAS1,READ_Normal,spearman,success,./gepia_pdfs/ph1__chromatin_vs_heme__BRD2_vs_ALAS1__READ_Normal__spearman.pdf,2026-09-11T13:05:28
1,chromatin_vs_heme,BRD2,ALAD,READ_Normal,spearman,success,./gepia_pdfs/ph1__chromatin_vs_heme__BRD2_vs_ALAD__READ_Normal__spearman.pdf,2026-09-11T13:05:31
1,chromatin_vs_heme,BRD2,HMBS,READ_Normal,spearman,success,./gepia_pdfs/ph1__chromatin_vs_heme__BRD2_vs_HMBS__READ_Normal__spearman.pdf,2026-09-11T13:05:33
1,chromatin_vs_heme,BRD2,UROS,READ_Normal,spearman,success,./gepia_pdfs/ph1__chromatin_vs_heme__BRD2_vs_UROS__READ_Normal__spearman.pdf,2026-09-11T13:05:36
1,chromatin_vs_heme,BRD2,UROD,READ_Normal,spearman,success,./gepia_pdfs/ph1__chromatin_vs_heme__BRD2_vs_UROD__READ_Normal__spearman.pdf,2026-09-11T13:05:39
1,chromatin_vs_heme,BRD2,CPOX,READ_Normal,spearman,success,./gepia_pdfs/ph1__chromatin_vs_heme__BRD2_vs_CPOX__READ_Normal__spearman.pdf,2026-09-11T13:05:44
1,chromatin_vs_heme,BRD2,PPOX,READ_Normal,spearman,success,./gepia_pdfs/ph1__chromatin_vs_heme__BRD2_vs_PPOX__READ_Normal__spearman.pdf,2026-09-11T13:05:47
1,chromatin_vs_heme,BRD2,FECH,READ_Normal,spearman,success,./gepia_pdfs/ph1__chromatin_vs_heme__BRD2_vs_FECH__READ_Normal__spearman.pdf,2026-09-11T13:05:50
1,heme_consecutive,ALAS1,ALAD,SARC_Normal,spearman,success,./gepia_pdfs/ph1__heme_consecutive__ALAS1_vs_ALAD__SARC_Normal__spearman.pdf,2026-09-11T13:05:56
1,heme_consecutive,ALAD,HMBS,SARC_Normal,spearman,success,./gepia_pdfs/ph1__heme_consecutive__ALAD_vs_HMBS__SARC_Normal__spearman.pdf,2026-09-11T13:05:59
1,heme_consecutive,HMBS,UROS,SARC_Normal,spearman,success,./gepia_pdfs/ph1__heme_consecutive__HMBS_vs_UROS__SARC_Normal__spearman.pdf,2026-09-11T13:06:05
1,heme_consecutive,UROS,UROD,SARC_Normal,spearman,success,./gepia_pdfs/ph1__heme_consecutive__UROS_vs_UROD__SARC_Normal__spearman.pdf,2026-09-11T13:06:07
1,heme_consecutive,UROD,CPOX,SARC_Normal,spearman,success,./gepia_pdfs/ph1__heme_consecutive__UROD_vs_CPOX__SARC_Normal__spearman.pdf,2026-09-11T13:06:11
1,heme_consecutive,CPOX,PPOX,SARC_Normal,spearman,success,./gepia_pdfs/ph1__heme_consecutive__CPOX_vs_PPOX__SARC_Normal__spearman.pdf,2026-09-11T13:06:15
1,heme_consecutive,PPOX,FECH,SARC_Normal,spearman,success,./gepia_pdfs/ph1__heme_consecutive__PPOX_vs_FECH__SARC_Normal__spearman.pdf,2026-09-11T13:06:18
1,heme_nonconsecutive,HMBS,FECH,SARC_Normal,spearman,success,./gepia_pdfs/ph1__heme_nonconsecutive__HMBS_vs_FECH__SARC_Normal__spearman.pdf,2026-09-11T13:06:22
1,heme_nonconsecutive,ALAS1,FECH,SARC_Normal,spearman,success,./gepia_pdfs/ph1__heme_nonconsecutive__ALAS1_vs_FECH__SARC_Normal__spearman.pdf,2026-09-11T13:06:25
1,heme_nonconsecutive,HMBS,PPOX,SARC_Normal,spearman,success,./gepia_pdfs/ph1__heme_nonconsecutive__HMBS_vs_PPOX__SARC_Normal__spearman.pdf,2026-09-11T13:06:29
1,chromatin_vs_heme,H2AFZ,ALAS1,SARC_Normal,spearman,success,./gepia_pdfs/ph1__chromatin_vs_heme__H2AFZ_vs_ALAS1__SARC_Normal__spearman.pdf,2026-09-11T13:06:33
1,chromatin_vs_heme,H2AFZ,ALAD,SARC_Normal,spearman,success,./gepia_pdfs/ph1__chromatin_vs_heme__H2AFZ_vs_ALAD__SARC_Normal__spearman.pdf,2026-09-11T13:06:35
1,chromatin_vs_heme,H2AFZ,HMBS,SARC_Normal,spearman,success,./gepia_pdfs/ph1__chromatin_vs_heme__H2AFZ_vs_HMBS__SARC_Normal__spearman.pdf,2026-09-11T13:06:38
1,chromatin_vs_heme,H2AFZ,UROS,SARC_Normal,spearman,success,./gepia_pdfs/ph1__chromatin_vs_heme__H2AFZ_vs_UROS__SARC_Normal__spearman.pdf,2026-09-11T13:06:41
1,chromatin_vs_heme,H2AFZ,UROD,SARC_Normal,spearman,success,./gepia_pdfs/ph1__chromatin_vs_heme__H2AFZ_vs_UROD__SARC_Normal__spearman.pdf,2026-09-11T13:06:45
1,chromatin_vs_heme,H2AFZ,CPOX,SARC_Normal,spearman,success,./gepia_pdfs/ph1__chromatin_vs_heme__H2AFZ_vs_CPOX__SARC_Normal__spearman.pdf,2026-09-11T13:06:50
1,chromatin_vs_heme,H2AFZ,PPOX,SARC_Normal,spearman,success,./gepia_pdfs/ph1__chromatin_vs_heme__H2AFZ_vs_PPOX__SARC_Normal__spearman.pdf,2026-09-11T13:06:53
1,chromatin_vs_heme,H2AFZ,FECH,SARC_Normal,spearman,success,./gepia_pdfs/ph1__chromatin_vs_heme__H2AFZ_vs_FECH__SARC_Normal__spearman.pdf,2026-09-11T13:06:56
1,chromatin_vs_heme,ATAD2,ALAS1,SARC_Normal,spearman,success,./gepia_pdfs/ph1__chromatin_vs_heme__ATAD2_vs_ALAS1__SARC_Normal__spearman.pdf,2026-09-11T13:07:00
1,chromatin_vs_heme,ATAD2,ALAD,SARC_Normal,spearman,success,./gepia_pdfs/ph1__chromatin_vs_heme__ATAD2_vs_ALAD__SARC_Normal__spearman.pdf,2026-09-11T13:07:03
1,chromatin_vs_heme,ATAD2,HMBS,SARC_Normal,spearman,success,./gepia_pdfs/ph1__chromatin_vs_heme__ATAD2_vs_HMBS__SARC_Normal__spearman.pdf,2026-09-11T13:07:07
1,chromatin_vs_heme,ATAD2,UROS,SARC_Normal,spearman,success,./gepia_pdfs/ph1__chromatin_vs_heme__ATAD2_vs_UROS__SARC_Normal__spearman.pdf,2026-09-11T13:07:10
1,chromatin_vs_heme,ATAD2,UROD,SARC_Normal,spearman,success,./gepia_pdfs/ph1__chromatin_vs_heme__ATAD2_vs_UROD__SARC_Normal__spearman.pdf,2026-09-11T13:07:15
1,chromatin_vs_heme,ATAD2,CPOX,SARC_Normal,spearman,success,./gepia_pdfs/ph1__chromatin_vs_heme__ATAD2_vs_CPOX__SARC_Normal__spearman.pdf,2026-09-11T13:07:18
1,chromatin_vs_heme,ATAD2,PPOX,SARC_Normal,spearman,success,./gepia_pdfs/ph1__chromatin_vs_heme__ATAD2_vs_PPOX__SARC_Normal__spearman.pdf,2026-09-11T13:07:21
1,chromatin_vs_heme,ATAD2,FECH,SARC_Normal,spearman,success,./gepia_pdfs/ph1__chromatin_vs_heme__ATAD2_vs_FECH__SARC_Normal__spearman.pdf,2026-09-11T13:07:26
1,chromatin_vs_heme,BRD4,ALAS1,SARC_Normal,spearman,success,./gepia_pdfs/ph1__chromatin_vs_heme__BRD4_vs_ALAS1__SARC_Normal__spearman.pdf,2026-09-11T13:07:29
1,chromatin_vs_heme,BRD4,ALAD,SARC_Normal,spearman,success,./gepia_pdfs/ph1__chromatin_vs_heme__BRD4_vs_ALAD__SARC_Normal__spearman.pdf,2026-09-11T13:07:33
1,chromatin_vs_heme,BRD4,HMBS,SARC_Normal,spearman,success,./gepia_pdfs/ph1__chromatin_vs_heme__BRD4_vs_HMBS__SARC_Normal__spearman.pdf,2026-09-11T13:07:36
1,chromatin_vs_heme,BRD4,UROS,SARC_Normal,spearman,success,./gepia_pdfs/ph1__chromatin_vs_heme__BRD4_vs_UROS__SARC_Normal__spearman.pdf,2026-09-11T13:07:38
1,chromatin_vs_heme,BRD4,UROD,SARC_Normal,spearman,success,./gepia_pdfs/ph1__chromatin_vs_heme__BRD4_vs_UROD__SARC_Normal__spearman.pdf,2026-09-11T13:07:42
1,chromatin_vs_heme,BRD4,CPOX,SARC_Normal,spearman,success,./gepia_pdfs/ph1__chromatin_vs_heme__BRD4_vs_CPOX__SARC_Normal__spearman.pdf,2026-09-11T13:07:47
1,chromatin_vs_heme,BRD4,PPOX,SARC_Normal,spearman,success,./gepia_pdfs/ph1__chromatin_vs_heme__BRD4_vs_PPOX__SARC_Normal__spearman.pdf,2026-09-11T13:07:50
1,chromatin_vs_heme,BRD4,FECH,SARC_Normal,spearman,success,./gepia_pdfs/ph1__chromatin_vs_heme__BRD4_vs_FECH__SARC_Normal__spearman.pdf,2026-09-11T13:07:54
1,chromatin_vs_heme,BRD2,ALAS1,SARC_Normal,spearman,success,./gepia_pdfs/ph1__chromatin_vs_heme__BRD2_vs_ALAS1__SARC_Normal__spearman.pdf,2026-09-11T13:07:57
1,chromatin_vs_heme,BRD2,ALAD,SARC_Normal,spearman,success,./gepia_pdfs/ph1__chromatin_vs_heme__BRD2_vs_ALAD__SARC_Normal__spearman.pdf,2026-09-11T13:08:02
1,chromatin_vs_heme,BRD2,HMBS,SARC_Normal,spearman,success,./gepia_pdfs/ph1__chromatin_vs_heme__BRD2_vs_HMBS__SARC_Normal__spearman.pdf,2026-09-11T13:08:07
1,chromatin_vs_heme,BRD2,UROS,SARC_Normal,spearman,success,./gepia_pdfs/ph1__chromatin_vs_heme__BRD2_vs_UROS__SARC_Normal__spearman.pdf,2026-09-11T13:08:11
1,chromatin_vs_heme,BRD2,UROD,SARC_Normal,spearman,success,./gepia_pdfs/ph1__chromatin_vs_heme__BRD2_vs_UROD__SARC_Normal__spearman.pdf,2026-09-11T13:08:15
1,chromatin_vs_heme,BRD2,CPOX,SARC_Normal,spearman,success,./gepia_pdfs/ph1__chromatin_vs_heme__BRD2_vs_CPOX__SARC_Normal__spearman.pdf,2026-09-11T13:08:19
1,chromatin_vs_heme,BRD2,PPOX,SARC_Normal,spearman,success,./gepia_pdfs/ph1__chromatin_vs_heme__BRD2_vs_PPOX__SARC_Normal__spearman.pdf,2026-09-11T13:08:21
1,chromatin_vs_heme,BRD2,FECH,SARC_Normal,spearman,success,./gepia_pdfs/ph1__chromatin_vs_heme__BRD2_vs_FECH__SARC_Normal__spearman.pdf,2026-09-11T13:08:24
1,heme_consecutive,ALAS1,ALAD,SKCM_Normal,spearman,success,./gepia_pdfs/ph1__heme_consecutive__ALAS1_vs_ALAD__SKCM_Normal__spearman.pdf,2026-09-11T13:08:27
1,heme_consecutive,ALAD,HMBS,SKCM_Normal,spearman,success,./gepia_pdfs/ph1__heme_consecutive__ALAD_vs_HMBS__SKCM_Normal__spearman.pdf,2026-09-11T13:08:31
1,heme_consecutive,HMBS,UROS,SKCM_Normal,spearman,success,./gepia_pdfs/ph1__heme_consecutive__HMBS_vs_UROS__SKCM_Normal__spearman.pdf,2026-09-11T13:08:36
1,heme_consecutive,UROS,UROD,SKCM_Normal,spearman,success,./gepia_pdfs/ph1__heme_consecutive__UROS_vs_UROD__SKCM_Normal__spearman.pdf,2026-09-11T13:08:41
1,heme_consecutive,UROD,CPOX,SKCM_Normal,spearman,success,./gepia_pdfs/ph1__heme_consecutive__UROD_vs_CPOX__SKCM_Normal__spearman.pdf,2026-09-11T13:08:47
1,heme_consecutive,CPOX,PPOX,SKCM_Normal,spearman,success,./gepia_pdfs/ph1__heme_consecutive__CPOX_vs_PPOX__SKCM_Normal__spearman.pdf,2026-09-11T13:08:50
1,heme_consecutive,PPOX,FECH,SKCM_Normal,spearman,success,./gepia_pdfs/ph1__heme_consecutive__PPOX_vs_FECH__SKCM_Normal__spearman.pdf,2026-09-11T13:08:55
1,heme_nonconsecutive,HMBS,FECH,SKCM_Normal,spearman,success,./gepia_pdfs/ph1__heme_nonconsecutive__HMBS_vs_FECH__SKCM_Normal__spearman.pdf,2026-09-11T13:08:59
1,heme_nonconsecutive,ALAS1,FECH,SKCM_Normal,spearman,success,./gepia_pdfs/ph1__heme_nonconsecutive__ALAS1_vs_FECH__SKCM_Normal__spearman.pdf,2026-09-11T13:09:02
1,heme_nonconsecutive,HMBS,PPOX,SKCM_Normal,spearman,success,./gepia_pdfs/ph1__heme_nonconsecutive__HMBS_vs_PPOX__SKCM_Normal__spearman.pdf,2026-09-11T13:09:05
1,chromatin_vs_heme,H2AFZ,ALAS1,SKCM_Normal,spearman,success,./gepia_pdfs/ph1__chromatin_vs_heme__H2AFZ_vs_ALAS1__SKCM_Normal__spearman.pdf,2026-09-11T13:09:10
1,chromatin_vs_heme,H2AFZ,ALAD,SKCM_Normal,spearman,success,./gepia_pdfs/ph1__chromatin_vs_heme__H2AFZ_vs_ALAD__SKCM_Normal__spearman.pdf,2026-09-11T13:09:14
1,chromatin_vs_heme,H2AFZ,HMBS,SKCM_Normal,spearman,success,./gepia_pdfs/ph1__chromatin_vs_heme__H2AFZ_vs_HMBS__SKCM_Normal__spearman.pdf,2026-09-11T13:09:18
1,chromatin_vs_heme,H2AFZ,UROS,SKCM_Normal,spearman,success,./gepia_pdfs/ph1__chromatin_vs_heme__H2AFZ_vs_UROS__SKCM_Normal__spearman.pdf,2026-09-11T13:09:23
1,chromatin_vs_heme,H2AFZ,UROD,SKCM_Normal,spearman,success,./gepia_pdfs/ph1__chromatin_vs_heme__H2AFZ_vs_UROD__SKCM_Normal__spearman.pdf,2026-09-11T13:09:27
1,chromatin_vs_heme,H2AFZ,CPOX,SKCM_Normal,spearman,success,./gepia_pdfs/ph1__chromatin_vs_heme__H2AFZ_vs_CPOX__SKCM_Normal__spearman.pdf,2026-09-11T13:09:31
1,chromatin_vs_heme,H2AFZ,PPOX,SKCM_Normal,spearman,success,./gepia_pdfs/ph1__chromatin_vs_heme__H2AFZ_vs_PPOX__SKCM_Normal__spearman.pdf,2026-09-11T13:09:33
1,chromatin_vs_heme,H2AFZ,FECH,SKCM_Normal,spearman,success,./gepia_pdfs/ph1__chromatin_vs_heme__H2AFZ_vs_FECH__SKCM_Normal__spearman.pdf,2026-09-11T13:09:36
1,chromatin_vs_heme,ATAD2,ALAS1,SKCM_Normal,spearman,success,./gepia_pdfs/ph1__chromatin_vs_heme__ATAD2_vs_ALAS1__SKCM_Normal__spearman.pdf,2026-09-11T13:09:39
1,chromatin_vs_heme,ATAD2,ALAD,SKCM_Normal,spearman,success,./gepia_pdfs/ph1__chromatin_vs_heme__ATAD2_vs_ALAD__SKCM_Normal__spearman.pdf,2026-09-11T13:09:44
1,chromatin_vs_heme,ATAD2,HMBS,SKCM_Normal,spearman,success,./gepia_pdfs/ph1__chromatin_vs_heme__ATAD2_vs_HMBS__SKCM_Normal__spearman.pdf,2026-09-11T13:09:47
1,chromatin_vs_heme,ATAD2,UROS,SKCM_Normal,spearman,success,./gepia_pdfs/ph1__chromatin_vs_heme__ATAD2_vs_UROS__SKCM_Normal__spearman.pdf,2026-09-11T13:09:49
1,chromatin_vs_heme,ATAD2,UROD,SKCM_Normal,spearman,success,./gepia_pdfs/ph1__chromatin_vs_heme__ATAD2_vs_UROD__SKCM_Normal__spearman.pdf,2026-09-11T13:09:52
1,chromatin_vs_heme,ATAD2,CPOX,SKCM_Normal,spearman,success,./gepia_pdfs/ph1__chromatin_vs_heme__ATAD2_vs_CPOX__SKCM_Normal__spearman.pdf,2026-09-11T13:09:56
1,chromatin_vs_heme,ATAD2,PPOX,SKCM_Normal,spearman,success,./gepia_pdfs/ph1__chromatin_vs_heme__ATAD2_vs_PPOX__SKCM_Normal__spearman.pdf,2026-09-11T13:10:00
1,chromatin_vs_heme,ATAD2,FECH,SKCM_Normal,spearman,success,./gepia_pdfs/ph1__chromatin_vs_heme__ATAD2_vs_FECH__SKCM_Normal__spearman.pdf,2026-09-11T13:10:04
1,chromatin_vs_heme,BRD4,ALAS1,SKCM_Normal,spearman,success,./gepia_pdfs/ph1__chromatin_vs_heme__BRD4_vs_ALAS1__SKCM_Normal__spearman.pdf,2026-09-11T13:10:06
1,chromatin_vs_heme,BRD4,ALAD,SKCM_Normal,spearman,success,./gepia_pdfs/ph1__chromatin_vs_heme__BRD4_vs_ALAD__SKCM_Normal__spearman.pdf,2026-09-11T13:10:08
1,chromatin_vs_heme,BRD4,HMBS,SKCM_Normal,spearman,success,./gepia_pdfs/ph1__chromatin_vs_heme__BRD4_vs_HMBS__SKCM_Normal__spearman.pdf,2026-09-11T13:10:12
1,chromatin_vs_heme,BRD4,UROS,SKCM_Normal,spearman,success,./gepia_pdfs/ph1__chromatin_vs_heme__BRD4_vs_UROS__SKCM_Normal__spearman.pdf,2026-09-11T13:10:14
1,chromatin_vs_heme,BRD4,UROD,SKCM_Normal,spearman,success,./gepia_pdfs/ph1__chromatin_vs_heme__BRD4_vs_UROD__SKCM_Normal__spearman.pdf,2026-09-11T13:10:19
1,chromatin_vs_heme,BRD4,CPOX,SKCM_Normal,spearman,success,./gepia_pdfs/ph1__chromatin_vs_heme__BRD4_vs_CPOX__SKCM_Normal__spearman.pdf,2026-09-11T13:10:24
1,chromatin_vs_heme,BRD4,PPOX,SKCM_Normal,spearman,success,./gepia_pdfs/ph1__chromatin_vs_heme__BRD4_vs_PPOX__SKCM_Normal__spearman.pdf,2026-09-11T13:10:27
1,chromatin_vs_heme,BRD4,FECH,SKCM_Normal,spearman,success,./gepia_pdfs/ph1__chromatin_vs_heme__BRD4_vs_FECH__SKCM_Normal__spearman.pdf,2026-09-11T13:10:33
1,chromatin_vs_heme,BRD2,ALAS1,SKCM_Normal,spearman,success,./gepia_pdfs/ph1__chromatin_vs_heme__BRD2_vs_ALAS1__SKCM_Normal__spearman.pdf,2026-09-11T13:10:38
1,chromatin_vs_heme,BRD2,ALAD,SKCM_Normal,spearman,success,./gepia_pdfs/ph1__chromatin_vs_heme__BRD2_vs_ALAD__SKCM_Normal__spearman.pdf,2026-09-11T13:10:41
1,chromatin_vs_heme,BRD2,HMBS,SKCM_Normal,spearman,success,./gepia_pdfs/ph1__chromatin_vs_heme__BRD2_vs_HMBS__SKCM_Normal__spearman.pdf,2026-09-11T13:10:46
1,chromatin_vs_heme,BRD2,UROS,SKCM_Normal,spearman,success,./gepia_pdfs/ph1__chromatin_vs_heme__BRD2_vs_UROS__SKCM_Normal__spearman.pdf,2026-09-11T13:10:49
1,chromatin_vs_heme,BRD2,UROD,SKCM_Normal,spearman,success,./gepia_pdfs/ph1__chromatin_vs_heme__BRD2_vs_UROD__SKCM_Normal__spearman.pdf,2026-09-11T13:10:53
1,chromatin_vs_heme,BRD2,CPOX,SKCM_Normal,spearman,success,./gepia_pdfs/ph1__chromatin_vs_heme__BRD2_vs_CPOX__SKCM_Normal__spearman.pdf,2026-09-11T13:10:56
1,chromatin_vs_heme,BRD2,PPOX,SKCM_Normal,spearman,success,./gepia_pdfs/ph1__chromatin_vs_heme__BRD2_vs_PPOX__SKCM_Normal__spearman.pdf,2026-09-11T13:11:00
1,chromatin_vs_heme,BRD2,FECH,SKCM_Normal,spearman,success,./gepia_pdfs/ph1__chromatin_vs_heme__BRD2_vs_FECH__SKCM_Normal__spearman.pdf,2026-09-11T13:11:05
1,heme_consecutive,ALAS1,ALAD,STAD_Normal,spearman,success,./gepia_pdfs/ph1__heme_consecutive__ALAS1_vs_ALAD__STAD_Normal__spearman.pdf,2026-09-11T13:11:08
1,heme_consecutive,ALAD,HMBS,STAD_Normal,spearman,success,./gepia_pdfs/ph1__heme_consecutive__ALAD_vs_HMBS__STAD_Normal__spearman.pdf,2026-09-11T13:11:14
1,heme_consecutive,HMBS,UROS,STAD_Normal,spearman,success,./gepia_pdfs/ph1__heme_consecutive__HMBS_vs_UROS__STAD_Normal__spearman.pdf,2026-09-11T13:11:18
1,heme_consecutive,UROS,UROD,STAD_Normal,spearman,success,./gepia_pdfs/ph1__heme_consecutive__UROS_vs_UROD__STAD_Normal__spearman.pdf,2026-09-11T13:11:21
1,heme_consecutive,UROD,CPOX,STAD_Normal,spearman,success,./gepia_pdfs/ph1__heme_consecutive__UROD_vs_CPOX__STAD_Normal__spearman.pdf,2026-09-11T13:11:25
1,heme_consecutive,CPOX,PPOX,STAD_Normal,spearman,success,./gepia_pdfs/ph1__heme_consecutive__CPOX_vs_PPOX__STAD_Normal__spearman.pdf,2026-09-11T13:11:29
1,heme_consecutive,PPOX,FECH,STAD_Normal,spearman,success,./gepia_pdfs/ph1__heme_consecutive__PPOX_vs_FECH__STAD_Normal__spearman.pdf,2026-09-11T13:11:33
1,heme_nonconsecutive,HMBS,FECH,STAD_Normal,spearman,success,./gepia_pdfs/ph1__heme_nonconsecutive__HMBS_vs_FECH__STAD_Normal__spearman.pdf,2026-09-11T13:11:37
1,heme_nonconsecutive,ALAS1,FECH,STAD_Normal,spearman,success,./gepia_pdfs/ph1__heme_nonconsecutive__ALAS1_vs_FECH__STAD_Normal__spearman.pdf,2026-09-11T13:11:41
1,heme_nonconsecutive,HMBS,PPOX,STAD_Normal,spearman,success,./gepia_pdfs/ph1__heme_nonconsecutive__HMBS_vs_PPOX__STAD_Normal__spearman.pdf,2026-09-11T13:11:46
1,chromatin_vs_heme,H2AFZ,ALAS1,STAD_Normal,spearman,success,./gepia_pdfs/ph1__chromatin_vs_heme__H2AFZ_vs_ALAS1__STAD_Normal__spearman.pdf,2026-09-11T13:11:49
1,chromatin_vs_heme,H2AFZ,ALAD,STAD_Normal,spearman,success,./gepia_pdfs/ph1__chromatin_vs_heme__H2AFZ_vs_ALAD__STAD_Normal__spearman.pdf,2026-09-11T13:11:53
1,chromatin_vs_heme,H2AFZ,HMBS,STAD_Normal,spearman,success,./gepia_pdfs/ph1__chromatin_vs_heme__H2AFZ_vs_HMBS__STAD_Normal__spearman.pdf,2026-09-11T13:11:58
1,chromatin_vs_heme,H2AFZ,UROS,STAD_Normal,spearman,success,./gepia_pdfs/ph1__chromatin_vs_heme__H2AFZ_vs_UROS__STAD_Normal__spearman.pdf,2026-09-11T13:12:02
1,chromatin_vs_heme,H2AFZ,UROD,STAD_Normal,spearman,success,./gepia_pdfs/ph1__chromatin_vs_heme__H2AFZ_vs_UROD__STAD_Normal__spearman.pdf,2026-09-11T13:12:05
1,chromatin_vs_heme,H2AFZ,CPOX,STAD_Normal,spearman,success,./gepia_pdfs/ph1__chromatin_vs_heme__H2AFZ_vs_CPOX__STAD_Normal__spearman.pdf,2026-09-11T13:12:08
1,chromatin_vs_heme,H2AFZ,PPOX,STAD_Normal,spearman,success,./gepia_pdfs/ph1__chromatin_vs_heme__H2AFZ_vs_PPOX__STAD_Normal__spearman.pdf,2026-09-11T13:12:11
1,chromatin_vs_heme,H2AFZ,FECH,STAD_Normal,spearman,success,./gepia_pdfs/ph1__chromatin_vs_heme__H2AFZ_vs_FECH__STAD_Normal__spearman.pdf,2026-09-11T13:12:15
1,chromatin_vs_heme,ATAD2,ALAS1,STAD_Normal,spearman,success,./gepia_pdfs/ph1__chromatin_vs_heme__ATAD2_vs_ALAS1__STAD_Normal__spearman.pdf,2026-09-11T13:12:20
1,chromatin_vs_heme,ATAD2,ALAD,STAD_Normal,spearman,success,./gepia_pdfs/ph1__chromatin_vs_heme__ATAD2_vs_ALAD__STAD_Normal__spearman.pdf,2026-09-11T13:12:24
1,chromatin_vs_heme,ATAD2,HMBS,STAD_Normal,spearman,success,./gepia_pdfs/ph1__chromatin_vs_heme__ATAD2_vs_HMBS__STAD_Normal__spearman.pdf,2026-09-11T13:12:27
1,chromatin_vs_heme,ATAD2,UROS,STAD_Normal,spearman,success,./gepia_pdfs/ph1__chromatin_vs_heme__ATAD2_vs_UROS__STAD_Normal__spearman.pdf,2026-09-11T13:12:30
1,chromatin_vs_heme,ATAD2,UROD,STAD_Normal,spearman,success,./gepia_pdfs/ph1__chromatin_vs_heme__ATAD2_vs_UROD__STAD_Normal__spearman.pdf,2026-09-11T13:12:33
1,chromatin_vs_heme,ATAD2,CPOX,STAD_Normal,spearman,success,./gepia_pdfs/ph1__chromatin_vs_heme__ATAD2_vs_CPOX__STAD_Normal__spearman.pdf,2026-09-11T13:12:37
1,chromatin_vs_heme,ATAD2,PPOX,STAD_Normal,spearman,success,./gepia_pdfs/ph1__chromatin_vs_heme__ATAD2_vs_PPOX__STAD_Normal__spearman.pdf,2026-09-11T13:12:39
1,chromatin_vs_heme,ATAD2,FECH,STAD_Normal,spearman,success,./gepia_pdfs/ph1__chromatin_vs_heme__ATAD2_vs_FECH__STAD_Normal__spearman.pdf,2026-09-11T13:12:42
1,chromatin_vs_heme,BRD4,ALAS1,STAD_Normal,spearman,success,./gepia_pdfs/ph1__chromatin_vs_heme__BRD4_vs_ALAS1__STAD_Normal__spearman.pdf,2026-09-11T13:12:47
1,chromatin_vs_heme,BRD4,ALAD,STAD_Normal,spearman,success,./gepia_pdfs/ph1__chromatin_vs_heme__BRD4_vs_ALAD__STAD_Normal__spearman.pdf,2026-09-11T13:12:51
1,chromatin_vs_heme,BRD4,HMBS,STAD_Normal,spearman,success,./gepia_pdfs/ph1__chromatin_vs_heme__BRD4_vs_HMBS__STAD_Normal__spearman.pdf,2026-09-11T13:12:55
1,chromatin_vs_heme,BRD4,UROS,STAD_Normal,spearman,success,./gepia_pdfs/ph1__chromatin_vs_heme__BRD4_vs_UROS__STAD_Normal__spearman.pdf,2026-09-11T13:12:57
1,chromatin_vs_heme,BRD4,UROD,STAD_Normal,spearman,success,./gepia_pdfs/ph1__chromatin_vs_heme__BRD4_vs_UROD__STAD_Normal__spearman.pdf,2026-09-11T13:13:02
1,chromatin_vs_heme,BRD4,CPOX,STAD_Normal,spearman,success,./gepia_pdfs/ph1__chromatin_vs_heme__BRD4_vs_CPOX__STAD_Normal__spearman.pdf,2026-09-11T13:13:05
1,chromatin_vs_heme,BRD4,PPOX,STAD_Normal,spearman,success,./gepia_pdfs/ph1__chromatin_vs_heme__BRD4_vs_PPOX__STAD_Normal__spearman.pdf,2026-09-11T13:13:08
1,chromatin_vs_heme,BRD4,FECH,STAD_Normal,spearman,success,./gepia_pdfs/ph1__chromatin_vs_heme__BRD4_vs_FECH__STAD_Normal__spearman.pdf,2026-09-11T13:13:11
1,chromatin_vs_heme,BRD2,ALAS1,STAD_Normal,spearman,success,./gepia_pdfs/ph1__chromatin_vs_heme__BRD2_vs_ALAS1__STAD_Normal__spearman.pdf,2026-09-11T13:13:13
1,chromatin_vs_heme,BRD2,ALAD,STAD_Normal,spearman,success,./gepia_pdfs/ph1__chromatin_vs_heme__BRD2_vs_ALAD__STAD_Normal__spearman.pdf,2026-09-11T13:13:16
1,chromatin_vs_heme,BRD2,HMBS,STAD_Normal,spearman,success,./gepia_pdfs/ph1__chromatin_vs_heme__BRD2_vs_HMBS__STAD_Normal__spearman.pdf,2026-09-11T13:13:21
1,chromatin_vs_heme,BRD2,UROS,STAD_Normal,spearman,success,./gepia_pdfs/ph1__chromatin_vs_heme__BRD2_vs_UROS__STAD_Normal__spearman.pdf,2026-09-11T13:13:24
1,chromatin_vs_heme,BRD2,UROD,STAD_Normal,spearman,success,./gepia_pdfs/ph1__chromatin_vs_heme__BRD2_vs_UROD__STAD_Normal__spearman.pdf,2026-09-11T13:13:28
1,chromatin_vs_heme,BRD2,CPOX,STAD_Normal,spearman,success,./gepia_pdfs/ph1__chromatin_vs_heme__BRD2_vs_CPOX__STAD_Normal__spearman.pdf,2026-09-11T13:13:33
1,chromatin_vs_heme,BRD2,PPOX,STAD_Normal,spearman,success,./gepia_pdfs/ph1__chromatin_vs_heme__BRD2_vs_PPOX__STAD_Normal__spearman.pdf,2026-09-11T13:13:36
1,chromatin_vs_heme,BRD2,FECH,STAD_Normal,spearman,success,./gepia_pdfs/ph1__chromatin_vs_heme__BRD2_vs_FECH__STAD_Normal__spearman.pdf,2026-09-11T13:13:39
1,heme_consecutive,ALAS1,ALAD,THCA_Normal,spearman,success,./gepia_pdfs/ph1__heme_consecutive__ALAS1_vs_ALAD__THCA_Normal__spearman.pdf,2026-09-11T13:13:42
1,heme_consecutive,ALAD,HMBS,THCA_Normal,spearman,success,./gepia_pdfs/ph1__heme_consecutive__ALAD_vs_HMBS__THCA_Normal__spearman.pdf,2026-09-11T13:13:45
1,heme_consecutive,HMBS,UROS,THCA_Normal,spearman,success,./gepia_pdfs/ph1__heme_consecutive__HMBS_vs_UROS__THCA_Normal__spearman.pdf,2026-09-11T13:13:50
1,heme_consecutive,UROS,UROD,THCA_Normal,spearman,success,./gepia_pdfs/ph1__heme_consecutive__UROS_vs_UROD__THCA_Normal__spearman.pdf,2026-09-11T13:13:53
1,heme_consecutive,UROD,CPOX,THCA_Normal,spearman,success,./gepia_pdfs/ph1__heme_consecutive__UROD_vs_CPOX__THCA_Normal__spearman.pdf,2026-09-11T13:13:58
1,heme_consecutive,CPOX,PPOX,THCA_Normal,spearman,success,./gepia_pdfs/ph1__heme_consecutive__CPOX_vs_PPOX__THCA_Normal__spearman.pdf,2026-09-11T13:14:03
1,heme_consecutive,PPOX,FECH,THCA_Normal,spearman,success,./gepia_pdfs/ph1__heme_consecutive__PPOX_vs_FECH__THCA_Normal__spearman.pdf,2026-09-11T13:14:08
1,heme_nonconsecutive,HMBS,FECH,THCA_Normal,spearman,success,./gepia_pdfs/ph1__heme_nonconsecutive__HMBS_vs_FECH__THCA_Normal__spearman.pdf,2026-09-11T13:14:12
1,heme_nonconsecutive,ALAS1,FECH,THCA_Normal,spearman,success,./gepia_pdfs/ph1__heme_nonconsecutive__ALAS1_vs_FECH__THCA_Normal__spearman.pdf,2026-09-11T13:14:16
1,heme_nonconsecutive,HMBS,PPOX,THCA_Normal,spearman,success,./gepia_pdfs/ph1__heme_nonconsecutive__HMBS_vs_PPOX__THCA_Normal__spearman.pdf,2026-09-11T13:14:19
1,chromatin_vs_heme,H2AFZ,ALAS1,THCA_Normal,spearman,success,./gepia_pdfs/ph1__chromatin_vs_heme__H2AFZ_vs_ALAS1__THCA_Normal__spearman.pdf,2026-09-11T13:14:23
1,chromatin_vs_heme,H2AFZ,ALAD,THCA_Normal,spearman,success,./gepia_pdfs/ph1__chromatin_vs_heme__H2AFZ_vs_ALAD__THCA_Normal__spearman.pdf,2026-09-11T13:14:26
1,chromatin_vs_heme,H2AFZ,HMBS,THCA_Normal,spearman,success,./gepia_pdfs/ph1__chromatin_vs_heme__H2AFZ_vs_HMBS__THCA_Normal__spearman.pdf,2026-09-11T13:14:30
1,chromatin_vs_heme,H2AFZ,UROS,THCA_Normal,spearman,success,./gepia_pdfs/ph1__chromatin_vs_heme__H2AFZ_vs_UROS__THCA_Normal__spearman.pdf,2026-09-11T13:14:34
1,chromatin_vs_heme,H2AFZ,UROD,THCA_Normal,spearman,success,./gepia_pdfs/ph1__chromatin_vs_heme__H2AFZ_vs_UROD__THCA_Normal__spearman.pdf,2026-09-11T13:14:37
1,chromatin_vs_heme,H2AFZ,CPOX,THCA_Normal,spearman,success,./gepia_pdfs/ph1__chromatin_vs_heme__H2AFZ_vs_CPOX__THCA_Normal__spearman.pdf,2026-09-11T13:14:42
1,chromatin_vs_heme,H2AFZ,PPOX,THCA_Normal,spearman,success,./gepia_pdfs/ph1__chromatin_vs_heme__H2AFZ_vs_PPOX__THCA_Normal__spearman.pdf,2026-09-11T13:14:45
1,chromatin_vs_heme,H2AFZ,FECH,THCA_Normal,spearman,success,./gepia_pdfs/ph1__chromatin_vs_heme__H2AFZ_vs_FECH__THCA_Normal__spearman.pdf,2026-09-11T13:14:49
1,chromatin_vs_heme,ATAD2,ALAS1,THCA_Normal,spearman,success,./gepia_pdfs/ph1__chromatin_vs_heme__ATAD2_vs_ALAS1__THCA_Normal__spearman.pdf,2026-09-11T13:14:52
1,chromatin_vs_heme,ATAD2,ALAD,THCA_Normal,spearman,success,./gepia_pdfs/ph1__chromatin_vs_heme__ATAD2_vs_ALAD__THCA_Normal__spearman.pdf,2026-09-11T13:14:54
1,chromatin_vs_heme,ATAD2,HMBS,THCA_Normal,spearman,success,./gepia_pdfs/ph1__chromatin_vs_heme__ATAD2_vs_HMBS__THCA_Normal__spearman.pdf,2026-09-11T13:14:57
1,chromatin_vs_heme,ATAD2,UROS,THCA_Normal,spearman,success,./gepia_pdfs/ph1__chromatin_vs_heme__ATAD2_vs_UROS__THCA_Normal__spearman.pdf,2026-09-11T13:15:02
1,chromatin_vs_heme,ATAD2,UROD,THCA_Normal,spearman,success,./gepia_pdfs/ph1__chromatin_vs_heme__ATAD2_vs_UROD__THCA_Normal__spearman.pdf,2026-09-11T13:15:04
1,chromatin_vs_heme,ATAD2,CPOX,THCA_Normal,spearman,success,./gepia_pdfs/ph1__chromatin_vs_heme__ATAD2_vs_CPOX__THCA_Normal__spearman.pdf,2026-09-11T13:15:07
1,chromatin_vs_heme,ATAD2,PPOX,THCA_Normal,spearman,success,./gepia_pdfs/ph1__chromatin_vs_heme__ATAD2_vs_PPOX__THCA_Normal__spearman.pdf,2026-09-11T13:15:11
1,chromatin_vs_heme,ATAD2,FECH,THCA_Normal,spearman,success,./gepia_pdfs/ph1__chromatin_vs_heme__ATAD2_vs_FECH__THCA_Normal__spearman.pdf,2026-09-11T13:15:14
1,chromatin_vs_heme,BRD4,ALAS1,THCA_Normal,spearman,success,./gepia_pdfs/ph1__chromatin_vs_heme__BRD4_vs_ALAS1__THCA_Normal__spearman.pdf,2026-09-11T13:15:17
1,chromatin_vs_heme,BRD4,ALAD,THCA_Normal,spearman,success,./gepia_pdfs/ph1__chromatin_vs_heme__BRD4_vs_ALAD__THCA_Normal__spearman.pdf,2026-09-11T13:15:20
1,chromatin_vs_heme,BRD4,HMBS,THCA_Normal,spearman,success,./gepia_pdfs/ph1__chromatin_vs_heme__BRD4_vs_HMBS__THCA_Normal__spearman.pdf,2026-09-11T13:15:22
1,chromatin_vs_heme,BRD4,UROS,THCA_Normal,spearman,success,./gepia_pdfs/ph1__chromatin_vs_heme__BRD4_vs_UROS__THCA_Normal__spearman.pdf,2026-09-11T13:15:26
1,chromatin_vs_heme,BRD4,UROD,THCA_Normal,spearman,success,./gepia_pdfs/ph1__chromatin_vs_heme__BRD4_vs_UROD__THCA_Normal__spearman.pdf,2026-09-11T13:15:30
1,chromatin_vs_heme,BRD4,CPOX,THCA_Normal,spearman,success,./gepia_pdfs/ph1__chromatin_vs_heme__BRD4_vs_CPOX__THCA_Normal__spearman.pdf,2026-09-11T13:15:34
1,chromatin_vs_heme,BRD4,PPOX,THCA_Normal,spearman,success,./gepia_pdfs/ph1__chromatin_vs_heme__BRD4_vs_PPOX__THCA_Normal__spearman.pdf,2026-09-11T13:15:39
1,chromatin_vs_heme,BRD4,FECH,THCA_Normal,spearman,success,./gepia_pdfs/ph1__chromatin_vs_heme__BRD4_vs_FECH__THCA_Normal__spearman.pdf,2026-09-11T13:15:43
1,chromatin_vs_heme,BRD2,ALAS1,THCA_Normal,spearman,success,./gepia_pdfs/ph1__chromatin_vs_heme__BRD2_vs_ALAS1__THCA_Normal__spearman.pdf,2026-09-11T13:15:45
1,chromatin_vs_heme,BRD2,ALAD,THCA_Normal,spearman,success,./gepia_pdfs/ph1__chromatin_vs_heme__BRD2_vs_ALAD__THCA_Normal__spearman.pdf,2026-09-11T13:15:48
1,chromatin_vs_heme,BRD2,HMBS,THCA_Normal,spearman,success,./gepia_pdfs/ph1__chromatin_vs_heme__BRD2_vs_HMBS__THCA_Normal__spearman.pdf,2026-09-11T13:15:52
1,chromatin_vs_heme,BRD2,UROS,THCA_Normal,spearman,success,./gepia_pdfs/ph1__chromatin_vs_heme__BRD2_vs_UROS__THCA_Normal__spearman.pdf,2026-09-11T13:15:57
1,chromatin_vs_heme,BRD2,UROD,THCA_Normal,spearman,success,./gepia_pdfs/ph1__chromatin_vs_heme__BRD2_vs_UROD__THCA_Normal__spearman.pdf,2026-09-11T13:16:01
1,chromatin_vs_heme,BRD2,CPOX,THCA_Normal,spearman,success,./gepia_pdfs/ph1__chromatin_vs_heme__BRD2_vs_CPOX__THCA_Normal__spearman.pdf,2026-09-11T13:16:06
1,chromatin_vs_heme,BRD2,PPOX,THCA_Normal,spearman,success,./gepia_pdfs/ph1__chromatin_vs_heme__BRD2_vs_PPOX__THCA_Normal__spearman.pdf,2026-09-11T13:16:09
1,chromatin_vs_heme,BRD2,FECH,THCA_Normal,spearman,success,./gepia_pdfs/ph1__chromatin_vs_heme__BRD2_vs_FECH__THCA_Normal__spearman.pdf,2026-09-11T13:16:12
1,heme_consecutive,ALAS1,ALAD,THYM_Normal,spearman,success,./gepia_pdfs/ph1__heme_consecutive__ALAS1_vs_ALAD__THYM_Normal__spearman.pdf,2026-09-11T13:16:17
1,heme_consecutive,ALAD,HMBS,THYM_Normal,spearman,success,./gepia_pdfs/ph1__heme_consecutive__ALAD_vs_HMBS__THYM_Normal__spearman.pdf,2026-09-11T13:16:20
1,heme_consecutive,HMBS,UROS,THYM_Normal,spearman,success,./gepia_pdfs/ph1__heme_consecutive__HMBS_vs_UROS__THYM_Normal__spearman.pdf,2026-09-11T13:16:24
1,heme_consecutive,UROS,UROD,THYM_Normal,spearman,success,./gepia_pdfs/ph1__heme_consecutive__UROS_vs_UROD__THYM_Normal__spearman.pdf,2026-09-11T13:16:27
1,heme_consecutive,UROD,CPOX,THYM_Normal,spearman,success,./gepia_pdfs/ph1__heme_consecutive__UROD_vs_CPOX__THYM_Normal__spearman.pdf,2026-09-11T13:16:31
1,heme_consecutive,CPOX,PPOX,THYM_Normal,spearman,success,./gepia_pdfs/ph1__heme_consecutive__CPOX_vs_PPOX__THYM_Normal__spearman.pdf,2026-09-11T13:16:34
1,heme_consecutive,PPOX,FECH,THYM_Normal,spearman,success,./gepia_pdfs/ph1__heme_consecutive__PPOX_vs_FECH__THYM_Normal__spearman.pdf,2026-09-11T13:16:39
1,heme_nonconsecutive,HMBS,FECH,THYM_Normal,spearman,success,./gepia_pdfs/ph1__heme_nonconsecutive__HMBS_vs_FECH__THYM_Normal__spearman.pdf,2026-09-11T13:16:42
1,heme_nonconsecutive,ALAS1,FECH,THYM_Normal,spearman,success,./gepia_pdfs/ph1__heme_nonconsecutive__ALAS1_vs_FECH__THYM_Normal__spearman.pdf,2026-09-11T13:16:46
1,heme_nonconsecutive,HMBS,PPOX,THYM_Normal,spearman,success,./gepia_pdfs/ph1__heme_nonconsecutive__HMBS_vs_PPOX__THYM_Normal__spearman.pdf,2026-09-11T13:16:51
1,chromatin_vs_heme,H2AFZ,ALAS1,THYM_Normal,spearman,success,./gepia_pdfs/ph1__chromatin_vs_heme__H2AFZ_vs_ALAS1__THYM_Normal__spearman.pdf,2026-09-11T13:16:56
1,chromatin_vs_heme,H2AFZ,ALAD,THYM_Normal,spearman,success,./gepia_pdfs/ph1__chromatin_vs_heme__H2AFZ_vs_ALAD__THYM_Normal__spearman.pdf,2026-09-11T13:16:59
1,chromatin_vs_heme,H2AFZ,HMBS,THYM_Normal,spearman,success,./gepia_pdfs/ph1__chromatin_vs_heme__H2AFZ_vs_HMBS__THYM_Normal__spearman.pdf,2026-09-11T13:17:02
1,chromatin_vs_heme,H2AFZ,UROS,THYM_Normal,spearman,success,./gepia_pdfs/ph1__chromatin_vs_heme__H2AFZ_vs_UROS__THYM_Normal__spearman.pdf,2026-09-11T13:17:06
1,chromatin_vs_heme,H2AFZ,UROD,THYM_Normal,spearman,success,./gepia_pdfs/ph1__chromatin_vs_heme__H2AFZ_vs_UROD__THYM_Normal__spearman.pdf,2026-09-11T13:17:10
1,chromatin_vs_heme,H2AFZ,CPOX,THYM_Normal,spearman,success,./gepia_pdfs/ph1__chromatin_vs_heme__H2AFZ_vs_CPOX__THYM_Normal__spearman.pdf,2026-09-11T13:17:14
1,chromatin_vs_heme,H2AFZ,PPOX,THYM_Normal,spearman,success,./gepia_pdfs/ph1__chromatin_vs_heme__H2AFZ_vs_PPOX__THYM_Normal__spearman.pdf,2026-09-11T13:17:19
1,chromatin_vs_heme,H2AFZ,FECH,THYM_Normal,spearman,success,./gepia_pdfs/ph1__chromatin_vs_heme__H2AFZ_vs_FECH__THYM_Normal__spearman.pdf,2026-09-11T13:17:23
1,chromatin_vs_heme,ATAD2,ALAS1,THYM_Normal,spearman,success,./gepia_pdfs/ph1__chromatin_vs_heme__ATAD2_vs_ALAS1__THYM_Normal__spearman.pdf,2026-09-11T13:17:27
1,chromatin_vs_heme,ATAD2,ALAD,THYM_Normal,spearman,success,./gepia_pdfs/ph1__chromatin_vs_heme__ATAD2_vs_ALAD__THYM_Normal__spearman.pdf,2026-09-11T13:17:29
1,chromatin_vs_heme,ATAD2,HMBS,THYM_Normal,spearman,success,./gepia_pdfs/ph1__chromatin_vs_heme__ATAD2_vs_HMBS__THYM_Normal__spearman.pdf,2026-09-11T13:17:33
1,chromatin_vs_heme,ATAD2,UROS,THYM_Normal,spearman,success,./gepia_pdfs/ph1__chromatin_vs_heme__ATAD2_vs_UROS__THYM_Normal__spearman.pdf,2026-09-11T13:17:36
1,chromatin_vs_heme,ATAD2,UROD,THYM_Normal,spearman,success,./gepia_pdfs/ph1__chromatin_vs_heme__ATAD2_vs_UROD__THYM_Normal__spearman.pdf,2026-09-11T13:17:41
1,chromatin_vs_heme,ATAD2,CPOX,THYM_Normal,spearman,success,./gepia_pdfs/ph1__chromatin_vs_heme__ATAD2_vs_CPOX__THYM_Normal__spearman.pdf,2026-09-11T13:17:46
1,chromatin_vs_heme,ATAD2,PPOX,THYM_Normal,spearman,success,./gepia_pdfs/ph1__chromatin_vs_heme__ATAD2_vs_PPOX__THYM_Normal__spearman.pdf,2026-09-11T13:17:50
1,chromatin_vs_heme,ATAD2,FECH,THYM_Normal,spearman,success,./gepia_pdfs/ph1__chromatin_vs_heme__ATAD2_vs_FECH__THYM_Normal__spearman.pdf,2026-09-11T13:17:55
1,chromatin_vs_heme,BRD4,ALAS1,THYM_Normal,spearman,success,./gepia_pdfs/ph1__chromatin_vs_heme__BRD4_vs_ALAS1__THYM_Normal__spearman.pdf,2026-09-11T13:18:00
1,chromatin_vs_heme,BRD4,ALAD,THYM_Normal,spearman,success,./gepia_pdfs/ph1__chromatin_vs_heme__BRD4_vs_ALAD__THYM_Normal__spearman.pdf,2026-09-11T13:18:03
1,chromatin_vs_heme,BRD4,HMBS,THYM_Normal,spearman,success,./gepia_pdfs/ph1__chromatin_vs_heme__BRD4_vs_HMBS__THYM_Normal__spearman.pdf,2026-09-11T13:18:08
1,chromatin_vs_heme,BRD4,UROS,THYM_Normal,spearman,success,./gepia_pdfs/ph1__chromatin_vs_heme__BRD4_vs_UROS__THYM_Normal__spearman.pdf,2026-09-11T13:18:14
1,chromatin_vs_heme,BRD4,UROD,THYM_Normal,spearman,success,./gepia_pdfs/ph1__chromatin_vs_heme__BRD4_vs_UROD__THYM_Normal__spearman.pdf,2026-09-11T13:18:16
1,chromatin_vs_heme,BRD4,CPOX,THYM_Normal,spearman,success,./gepia_pdfs/ph1__chromatin_vs_heme__BRD4_vs_CPOX__THYM_Normal__spearman.pdf,2026-09-11T13:18:20
1,chromatin_vs_heme,BRD4,PPOX,THYM_Normal,spearman,success,./gepia_pdfs/ph1__chromatin_vs_heme__BRD4_vs_PPOX__THYM_Normal__spearman.pdf,2026-09-11T13:18:24
1,chromatin_vs_heme,BRD4,FECH,THYM_Normal,spearman,success,./gepia_pdfs/ph1__chromatin_vs_heme__BRD4_vs_FECH__THYM_Normal__spearman.pdf,2026-09-11T13:18:27
1,chromatin_vs_heme,BRD2,ALAS1,THYM_Normal,spearman,success,./gepia_pdfs/ph1__chromatin_vs_heme__BRD2_vs_ALAS1__THYM_Normal__spearman.pdf,2026-09-11T13:18:30
1,chromatin_vs_heme,BRD2,ALAD,THYM_Normal,spearman,success,./gepia_pdfs/ph1__chromatin_vs_heme__BRD2_vs_ALAD__THYM_Normal__spearman.pdf,2026-09-11T13:18:34
1,chromatin_vs_heme,BRD2,HMBS,THYM_Normal,spearman,success,./gepia_pdfs/ph1__chromatin_vs_heme__BRD2_vs_HMBS__THYM_Normal__spearman.pdf,2026-09-11T13:18:37
1,chromatin_vs_heme,BRD2,UROS,THYM_Normal,spearman,success,./gepia_pdfs/ph1__chromatin_vs_heme__BRD2_vs_UROS__THYM_Normal__spearman.pdf,2026-09-11T13:18:41
1,chromatin_vs_heme,BRD2,UROD,THYM_Normal,spearman,success,./gepia_pdfs/ph1__chromatin_vs_heme__BRD2_vs_UROD__THYM_Normal__spearman.pdf,2026-09-11T13:18:45
1,chromatin_vs_heme,BRD2,CPOX,THYM_Normal,spearman,success,./gepia_pdfs/ph1__chromatin_vs_heme__BRD2_vs_CPOX__THYM_Normal__spearman.pdf,2026-09-11T13:18:50
1,chromatin_vs_heme,BRD2,PPOX,THYM_Normal,spearman,success,./gepia_pdfs/ph1__chromatin_vs_heme__BRD2_vs_PPOX__THYM_Normal__spearman.pdf,2026-09-11T13:18:54
1,chromatin_vs_heme,BRD2,FECH,THYM_Normal,spearman,success,./gepia_pdfs/ph1__chromatin_vs_heme__BRD2_vs_FECH__THYM_Normal__spearman.pdf,2026-09-11T13:18:57
1,heme_consecutive,ALAS1,ALAD,UCEC_Normal,spearman,success,./gepia_pdfs/ph1__heme_consecutive__ALAS1_vs_ALAD__UCEC_Normal__spearman.pdf,2026-09-11T13:19:02
1,heme_consecutive,ALAD,HMBS,UCEC_Normal,spearman,success,./gepia_pdfs/ph1__heme_consecutive__ALAD_vs_HMBS__UCEC_Normal__spearman.pdf,2026-09-11T13:19:05
1,heme_consecutive,HMBS,UROS,UCEC_Normal,spearman,success,./gepia_pdfs/ph1__heme_consecutive__HMBS_vs_UROS__UCEC_Normal__spearman.pdf,2026-09-11T13:19:10
1,heme_consecutive,UROS,UROD,UCEC_Normal,spearman,success,./gepia_pdfs/ph1__heme_consecutive__UROS_vs_UROD__UCEC_Normal__spearman.pdf,2026-09-11T13:19:15
1,heme_consecutive,UROD,CPOX,UCEC_Normal,spearman,success,./gepia_pdfs/ph1__heme_consecutive__UROD_vs_CPOX__UCEC_Normal__spearman.pdf,2026-09-11T13:19:20
1,heme_consecutive,CPOX,PPOX,UCEC_Normal,spearman,success,./gepia_pdfs/ph1__heme_consecutive__CPOX_vs_PPOX__UCEC_Normal__spearman.pdf,2026-09-11T13:19:24
1,heme_consecutive,PPOX,FECH,UCEC_Normal,spearman,success,./gepia_pdfs/ph1__heme_consecutive__PPOX_vs_FECH__UCEC_Normal__spearman.pdf,2026-09-11T13:19:28
1,heme_nonconsecutive,HMBS,FECH,UCEC_Normal,spearman,success,./gepia_pdfs/ph1__heme_nonconsecutive__HMBS_vs_FECH__UCEC_Normal__spearman.pdf,2026-09-11T13:19:32
1,heme_nonconsecutive,ALAS1,FECH,UCEC_Normal,spearman,success,./gepia_pdfs/ph1__heme_nonconsecutive__ALAS1_vs_FECH__UCEC_Normal__spearman.pdf,2026-09-11T13:19:37
1,heme_nonconsecutive,HMBS,PPOX,UCEC_Normal,spearman,success,./gepia_pdfs/ph1__heme_nonconsecutive__HMBS_vs_PPOX__UCEC_Normal__spearman.pdf,2026-09-11T13:19:42
1,chromatin_vs_heme,H2AFZ,ALAS1,UCEC_Normal,spearman,success,./gepia_pdfs/ph1__chromatin_vs_heme__H2AFZ_vs_ALAS1__UCEC_Normal__spearman.pdf,2026-09-11T13:19:46
1,chromatin_vs_heme,H2AFZ,ALAD,UCEC_Normal,spearman,success,./gepia_pdfs/ph1__chromatin_vs_heme__H2AFZ_vs_ALAD__UCEC_Normal__spearman.pdf,2026-09-11T13:19:48
1,chromatin_vs_heme,H2AFZ,HMBS,UCEC_Normal,spearman,success,./gepia_pdfs/ph1__chromatin_vs_heme__H2AFZ_vs_HMBS__UCEC_Normal__spearman.pdf,2026-09-11T13:19:50
1,chromatin_vs_heme,H2AFZ,UROS,UCEC_Normal,spearman,success,./gepia_pdfs/ph1__chromatin_vs_heme__H2AFZ_vs_UROS__UCEC_Normal__spearman.pdf,2026-09-11T13:19:53
1,chromatin_vs_heme,H2AFZ,UROD,UCEC_Normal,spearman,success,./gepia_pdfs/ph1__chromatin_vs_heme__H2AFZ_vs_UROD__UCEC_Normal__spearman.pdf,2026-09-11T13:19:56
1,chromatin_vs_heme,H2AFZ,CPOX,UCEC_Normal,spearman,success,./gepia_pdfs/ph1__chromatin_vs_heme__H2AFZ_vs_CPOX__UCEC_Normal__spearman.pdf,2026-09-11T13:19:59
1,chromatin_vs_heme,H2AFZ,PPOX,UCEC_Normal,spearman,success,./gepia_pdfs/ph1__chromatin_vs_heme__H2AFZ_vs_PPOX__UCEC_Normal__spearman.pdf,2026-09-11T13:20:04
1,chromatin_vs_heme,H2AFZ,FECH,UCEC_Normal,spearman,success,./gepia_pdfs/ph1__chromatin_vs_heme__H2AFZ_vs_FECH__UCEC_Normal__spearman.pdf,2026-09-11T13:20:07
1,chromatin_vs_heme,ATAD2,ALAS1,UCEC_Normal,spearman,success,./gepia_pdfs/ph1__chromatin_vs_heme__ATAD2_vs_ALAS1__UCEC_Normal__spearman.pdf,2026-09-11T13:20:10
1,chromatin_vs_heme,ATAD2,ALAD,UCEC_Normal,spearman,success,./gepia_pdfs/ph1__chromatin_vs_heme__ATAD2_vs_ALAD__UCEC_Normal__spearman.pdf,2026-09-11T13:20:13
1,chromatin_vs_heme,ATAD2,HMBS,UCEC_Normal,spearman,success,./gepia_pdfs/ph1__chromatin_vs_heme__ATAD2_vs_HMBS__UCEC_Normal__spearman.pdf,2026-09-11T13:20:16
1,chromatin_vs_heme,ATAD2,UROS,UCEC_Normal,spearman,success,./gepia_pdfs/ph1__chromatin_vs_heme__ATAD2_vs_UROS__UCEC_Normal__spearman.pdf,2026-09-11T13:20:19
1,chromatin_vs_heme,ATAD2,UROD,UCEC_Normal,spearman,success,./gepia_pdfs/ph1__chromatin_vs_heme__ATAD2_vs_UROD__UCEC_Normal__spearman.pdf,2026-09-11T13:20:24
1,chromatin_vs_heme,ATAD2,CPOX,UCEC_Normal,spearman,success,./gepia_pdfs/ph1__chromatin_vs_heme__ATAD2_vs_CPOX__UCEC_Normal__spearman.pdf,2026-09-11T13:20:26
1,chromatin_vs_heme,ATAD2,PPOX,UCEC_Normal,spearman,success,./gepia_pdfs/ph1__chromatin_vs_heme__ATAD2_vs_PPOX__UCEC_Normal__spearman.pdf,2026-09-11T13:20:29
1,chromatin_vs_heme,ATAD2,FECH,UCEC_Normal,spearman,success,./gepia_pdfs/ph1__chromatin_vs_heme__ATAD2_vs_FECH__UCEC_Normal__spearman.pdf,2026-09-11T13:20:32
1,chromatin_vs_heme,BRD4,ALAS1,UCEC_Normal,spearman,success,./gepia_pdfs/ph1__chromatin_vs_heme__BRD4_vs_ALAS1__UCEC_Normal__spearman.pdf,2026-09-11T13:20:35
1,chromatin_vs_heme,BRD4,ALAD,UCEC_Normal,spearman,success,./gepia_pdfs/ph1__chromatin_vs_heme__BRD4_vs_ALAD__UCEC_Normal__spearman.pdf,2026-09-11T13:20:39
1,chromatin_vs_heme,BRD4,HMBS,UCEC_Normal,spearman,success,./gepia_pdfs/ph1__chromatin_vs_heme__BRD4_vs_HMBS__UCEC_Normal__spearman.pdf,2026-09-11T13:20:41
1,chromatin_vs_heme,BRD4,UROS,UCEC_Normal,spearman,success,./gepia_pdfs/ph1__chromatin_vs_heme__BRD4_vs_UROS__UCEC_Normal__spearman.pdf,2026-09-11T13:20:44
1,chromatin_vs_heme,BRD4,UROD,UCEC_Normal,spearman,success,./gepia_pdfs/ph1__chromatin_vs_heme__BRD4_vs_UROD__UCEC_Normal__spearman.pdf,2026-09-11T13:20:47
1,chromatin_vs_heme,BRD4,CPOX,UCEC_Normal,spearman,success,./gepia_pdfs/ph1__chromatin_vs_heme__BRD4_vs_CPOX__UCEC_Normal__spearman.pdf,2026-09-11T13:20:51
1,chromatin_vs_heme,BRD4,PPOX,UCEC_Normal,spearman,success,./gepia_pdfs/ph1__chromatin_vs_heme__BRD4_vs_PPOX__UCEC_Normal__spearman.pdf,2026-09-11T13:20:54
1,chromatin_vs_heme,BRD4,FECH,UCEC_Normal,spearman,success,./gepia_pdfs/ph1__chromatin_vs_heme__BRD4_vs_FECH__UCEC_Normal__spearman.pdf,2026-09-11T13:20:58
1,chromatin_vs_heme,BRD2,ALAS1,UCEC_Normal,spearman,success,./gepia_pdfs/ph1__chromatin_vs_heme__BRD2_vs_ALAS1__UCEC_Normal__spearman.pdf,2026-09-11T13:21:02
1,chromatin_vs_heme,BRD2,ALAD,UCEC_Normal,spearman,success,./gepia_pdfs/ph1__chromatin_vs_heme__BRD2_vs_ALAD__UCEC_Normal__spearman.pdf,2026-09-11T13:21:04
1,chromatin_vs_heme,BRD2,HMBS,UCEC_Normal,spearman,success,./gepia_pdfs/ph1__chromatin_vs_heme__BRD2_vs_HMBS__UCEC_Normal__spearman.pdf,2026-09-11T13:21:07
1,chromatin_vs_heme,BRD2,UROS,UCEC_Normal,spearman,success,./gepia_pdfs/ph1__chromatin_vs_heme__BRD2_vs_UROS__UCEC_Normal__spearman.pdf,2026-09-11T13:21:12
1,chromatin_vs_heme,BRD2,UROD,UCEC_Normal,spearman,success,./gepia_pdfs/ph1__chromatin_vs_heme__BRD2_vs_UROD__UCEC_Normal__spearman.pdf,2026-09-11T13:21:15
1,chromatin_vs_heme,BRD2,CPOX,UCEC_Normal,spearman,success,./gepia_pdfs/ph1__chromatin_vs_heme__BRD2_vs_CPOX__UCEC_Normal__spearman.pdf,2026-09-11T13:21:19
1,chromatin_vs_heme,BRD2,PPOX,UCEC_Normal,spearman,success,./gepia_pdfs/ph1__chromatin_vs_heme__BRD2_vs_PPOX__UCEC_Normal__spearman.pdf,2026-09-11T13:21:24
1,chromatin_vs_heme,BRD2,FECH,UCEC_Normal,spearman,success,./gepia_pdfs/ph1__chromatin_vs_heme__BRD2_vs_FECH__UCEC_Normal__spearman.pdf,2026-09-11T13:21:26
2,heme_consecutive,ALAS1,ALAD,ACC_Tumor,spearman,success,./gepia_pdfs/ph2__heme_consecutive__ALAS1_vs_ALAD__ACC_Tumor__spearman.pdf,2026-09-11T13:28:17
2,heme_consecutive,ALAD,HMBS,ACC_Tumor,spearman,success,./gepia_pdfs/ph2__heme_consecutive__ALAD_vs_HMBS__ACC_Tumor__spearman.pdf,2026-09-11T13:28:21
2,heme_consecutive,HMBS,UROS,ACC_Tumor,spearman,success,./gepia_pdfs/ph2__heme_consecutive__HMBS_vs_UROS__ACC_Tumor__spearman.pdf,2026-09-11T13:28:24
2,heme_consecutive,UROS,UROD,ACC_Tumor,spearman,success,./gepia_pdfs/ph2__heme_consecutive__UROS_vs_UROD__ACC_Tumor__spearman.pdf,2026-09-11T13:28:28
2,heme_consecutive,UROD,CPOX,ACC_Tumor,spearman,success,./gepia_pdfs/ph2__heme_consecutive__UROD_vs_CPOX__ACC_Tumor__spearman.pdf,2026-09-11T13:28:32
2,heme_consecutive,CPOX,PPOX,ACC_Tumor,spearman,success,./gepia_pdfs/ph2__heme_consecutive__CPOX_vs_PPOX__ACC_Tumor__spearman.pdf,2026-09-11T13:28:36
2,heme_consecutive,PPOX,FECH,ACC_Tumor,spearman,success,./gepia_pdfs/ph2__heme_consecutive__PPOX_vs_FECH__ACC_Tumor__spearman.pdf,2026-09-11T13:28:39
2,heme_nonconsecutive,HMBS,FECH,ACC_Tumor,spearman,success,./gepia_pdfs/ph2__heme_nonconsecutive__HMBS_vs_FECH__ACC_Tumor__spearman.pdf,2026-09-11T13:28:43
2,heme_nonconsecutive,ALAS1,FECH,ACC_Tumor,spearman,success,./gepia_pdfs/ph2__heme_nonconsecutive__ALAS1_vs_FECH__ACC_Tumor__spearman.pdf,2026-09-11T13:28:46
2,heme_nonconsecutive,HMBS,PPOX,ACC_Tumor,spearman,success,./gepia_pdfs/ph2__heme_nonconsecutive__HMBS_vs_PPOX__ACC_Tumor__spearman.pdf,2026-09-11T13:28:50
2,chromatin_vs_heme,H2AFZ,ALAS1,ACC_Tumor,spearman,success,./gepia_pdfs/ph2__chromatin_vs_heme__H2AFZ_vs_ALAS1__ACC_Tumor__spearman.pdf,2026-09-11T13:28:53
2,chromatin_vs_heme,H2AFZ,ALAD,ACC_Tumor,spearman,success,./gepia_pdfs/ph2__chromatin_vs_heme__H2AFZ_vs_ALAD__ACC_Tumor__spearman.pdf,2026-09-11T13:28:56
2,chromatin_vs_heme,H2AFZ,HMBS,ACC_Tumor,spearman,success,./gepia_pdfs/ph2__chromatin_vs_heme__H2AFZ_vs_HMBS__ACC_Tumor__spearman.pdf,2026-09-11T13:28:59
2,chromatin_vs_heme,H2AFZ,UROS,ACC_Tumor,spearman,success,./gepia_pdfs/ph2__chromatin_vs_heme__H2AFZ_vs_UROS__ACC_Tumor__spearman.pdf,2026-09-11T13:29:02
2,chromatin_vs_heme,H2AFZ,UROD,ACC_Tumor,spearman,success,./gepia_pdfs/ph2__chromatin_vs_heme__H2AFZ_vs_UROD__ACC_Tumor__spearman.pdf,2026-09-11T13:29:06
2,chromatin_vs_heme,H2AFZ,CPOX,ACC_Tumor,spearman,success,./gepia_pdfs/ph2__chromatin_vs_heme__H2AFZ_vs_CPOX__ACC_Tumor__spearman.pdf,2026-09-11T13:29:10
2,chromatin_vs_heme,H2AFZ,PPOX,ACC_Tumor,spearman,success,./gepia_pdfs/ph2__chromatin_vs_heme__H2AFZ_vs_PPOX__ACC_Tumor__spearman.pdf,2026-09-11T13:29:15
2,chromatin_vs_heme,H2AFZ,FECH,ACC_Tumor,spearman,success,./gepia_pdfs/ph2__chromatin_vs_heme__H2AFZ_vs_FECH__ACC_Tumor__spearman.pdf,2026-09-11T13:29:20
2,chromatin_vs_heme,ATAD2,ALAS1,ACC_Tumor,spearman,success,./gepia_pdfs/ph2__chromatin_vs_heme__ATAD2_vs_ALAS1__ACC_Tumor__spearman.pdf,2026-09-11T13:29:23
2,chromatin_vs_heme,ATAD2,ALAD,ACC_Tumor,spearman,success,./gepia_pdfs/ph2__chromatin_vs_heme__ATAD2_vs_ALAD__ACC_Tumor__spearman.pdf,2026-09-11T13:29:25
2,chromatin_vs_heme,ATAD2,HMBS,ACC_Tumor,spearman,success,./gepia_pdfs/ph2__chromatin_vs_heme__ATAD2_vs_HMBS__ACC_Tumor__spearman.pdf,2026-09-11T13:29:28
2,chromatin_vs_heme,ATAD2,UROS,ACC_Tumor,spearman,success,./gepia_pdfs/ph2__chromatin_vs_heme__ATAD2_vs_UROS__ACC_Tumor__spearman.pdf,2026-09-11T13:29:33
2,chromatin_vs_heme,ATAD2,UROD,ACC_Tumor,spearman,success,./gepia_pdfs/ph2__chromatin_vs_heme__ATAD2_vs_UROD__ACC_Tumor__spearman.pdf,2026-09-11T13:29:35
2,chromatin_vs_heme,ATAD2,CPOX,ACC_Tumor,spearman,success,./gepia_pdfs/ph2__chromatin_vs_heme__ATAD2_vs_CPOX__ACC_Tumor__spearman.pdf,2026-09-11T13:29:38
2,chromatin_vs_heme,ATAD2,PPOX,ACC_Tumor,spearman,success,./gepia_pdfs/ph2__chromatin_vs_heme__ATAD2_vs_PPOX__ACC_Tumor__spearman.pdf,2026-09-11T13:29:42
2,chromatin_vs_heme,ATAD2,FECH,ACC_Tumor,spearman,success,./gepia_pdfs/ph2__chromatin_vs_heme__ATAD2_vs_FECH__ACC_Tumor__spearman.pdf,2026-09-11T13:29:47
2,chromatin_vs_heme,BRD4,ALAS1,ACC_Tumor,spearman,success,./gepia_pdfs/ph2__chromatin_vs_heme__BRD4_vs_ALAS1__ACC_Tumor__spearman.pdf,2026-09-11T13:29:50
2,chromatin_vs_heme,BRD4,ALAD,ACC_Tumor,spearman,success,./gepia_pdfs/ph2__chromatin_vs_heme__BRD4_vs_ALAD__ACC_Tumor__spearman.pdf,2026-09-11T13:29:54
3,heme_consecutive_GBM_tumor,ALAS1,ALAD,GBM_Tumor,spearman,success,./gepia_pdfs/ph3__heme_consecutive_GBM_tumor__ALAS1_vs_ALAD__GBM_Tumor__spearman.pdf,2026-09-11T13:29:58
2,chromatin_vs_heme,BRD4,HMBS,ACC_Tumor,spearman,success,./gepia_pdfs/ph2__chromatin_vs_heme__BRD4_vs_HMBS__ACC_Tumor__spearman.pdf,2026-09-11T13:29:58
2,chromatin_vs_heme,BRD4,UROS,ACC_Tumor,spearman,success,./gepia_pdfs/ph2__chromatin_vs_heme__BRD4_vs_UROS__ACC_Tumor__spearman.pdf,2026-09-11T13:30:02
2,chromatin_vs_heme,BRD4,UROD,ACC_Tumor,spearman,success,./gepia_pdfs/ph2__chromatin_vs_heme__BRD4_vs_UROD__ACC_Tumor__spearman.pdf,2026-09-11T13:30:04
2,chromatin_vs_heme,BRD4,CPOX,ACC_Tumor,spearman,success,./gepia_pdfs/ph2__chromatin_vs_heme__BRD4_vs_CPOX__ACC_Tumor__spearman.pdf,2026-09-11T13:30:07
3,heme_consecutive_GBM_tumor,ALAD,HMBS,GBM_Tumor,spearman,success,./gepia_pdfs/ph3__heme_consecutive_GBM_tumor__ALAD_vs_HMBS__GBM_Tumor__spearman.pdf,2026-09-11T13:30:07
2,chromatin_vs_heme,BRD4,PPOX,ACC_Tumor,spearman,success,./gepia_pdfs/ph2__chromatin_vs_heme__BRD4_vs_PPOX__ACC_Tumor__spearman.pdf,2026-09-11T13:30:09
3,heme_consecutive_GBM_tumor,HMBS,UROS,GBM_Tumor,spearman,success,./gepia_pdfs/ph3__heme_consecutive_GBM_tumor__HMBS_vs_UROS__GBM_Tumor__spearman.pdf,2026-09-11T13:30:11
2,chromatin_vs_heme,BRD4,FECH,ACC_Tumor,spearman,success,./gepia_pdfs/ph2__chromatin_vs_heme__BRD4_vs_FECH__ACC_Tumor__spearman.pdf,2026-09-11T13:30:15
3,heme_consecutive_GBM_tumor,UROS,UROD,GBM_Tumor,spearman,success,./gepia_pdfs/ph3__heme_consecutive_GBM_tumor__UROS_vs_UROD__GBM_Tumor__spearman.pdf,2026-09-11T13:30:15
3,heme_consecutive_GBM_tumor,UROD,CPOX,GBM_Tumor,spearman,success,./gepia_pdfs/ph3__heme_consecutive_GBM_tumor__UROD_vs_CPOX__GBM_Tumor__spearman.pdf,2026-09-11T13:30:18
2,chromatin_vs_heme,BRD2,ALAS1,ACC_Tumor,spearman,success,./gepia_pdfs/ph2__chromatin_vs_heme__BRD2_vs_ALAS1__ACC_Tumor__spearman.pdf,2026-09-11T13:30:19
3,heme_consecutive_GBM_tumor,CPOX,PPOX,GBM_Tumor,spearman,success,./gepia_pdfs/ph3__heme_consecutive_GBM_tumor__CPOX_vs_PPOX__GBM_Tumor__spearman.pdf,2026-09-11T13:30:22
2,chromatin_vs_heme,BRD2,ALAD,ACC_Tumor,spearman,success,./gepia_pdfs/ph2__chromatin_vs_heme__BRD2_vs_ALAD__ACC_Tumor__spearman.pdf,2026-09-11T13:30:25
3,heme_consecutive_GBM_tumor,PPOX,FECH,GBM_Tumor,spearman,success,./gepia_pdfs/ph3__heme_consecutive_GBM_tumor__PPOX_vs_FECH__GBM_Tumor__spearman.pdf,2026-09-11T13:30:26
2,chromatin_vs_heme,BRD2,HMBS,ACC_Tumor,spearman,success,./gepia_pdfs/ph2__chromatin_vs_heme__BRD2_vs_HMBS__ACC_Tumor__spearman.pdf,2026-09-11T13:30:28
3,heme_nonconsecutive_GBM_tumor,HMBS,FECH,GBM_Tumor,spearman,success,./gepia_pdfs/ph3__heme_nonconsecutive_GBM_tumor__HMBS_vs_FECH__GBM_Tumor__spearman.pdf,2026-09-11T13:30:30
2,chromatin_vs_heme,BRD2,UROS,ACC_Tumor,spearman,success,./gepia_pdfs/ph2__chromatin_vs_heme__BRD2_vs_UROS__ACC_Tumor__spearman.pdf,2026-09-11T13:30:30
2,chromatin_vs_heme,BRD2,UROD,ACC_Tumor,spearman,success,./gepia_pdfs/ph2__chromatin_vs_heme__BRD2_vs_UROD__ACC_Tumor__spearman.pdf,2026-09-11T13:30:34
3,heme_nonconsecutive_GBM_tumor,ALAS1,FECH,GBM_Tumor,spearman,success,./gepia_pdfs/ph3__heme_nonconsecutive_GBM_tumor__ALAS1_vs_FECH__GBM_Tumor__spearman.pdf,2026-09-11T13:30:34
2,chromatin_vs_heme,BRD2,CPOX,ACC_Tumor,spearman,success,./gepia_pdfs/ph2__chromatin_vs_heme__BRD2_vs_CPOX__ACC_Tumor__spearman.pdf,2026-09-11T13:30:37
3,heme_nonconsecutive_GBM_tumor,HMBS,PPOX,GBM_Tumor,spearman,success,./gepia_pdfs/ph3__heme_nonconsecutive_GBM_tumor__HMBS_vs_PPOX__GBM_Tumor__spearman.pdf,2026-09-11T13:30:38
3,chromatin_vs_heme_GBM_tumor,H2AFZ,ALAS1,GBM_Tumor,spearman,success,./gepia_pdfs/ph3__chromatin_vs_heme_GBM_tumor__H2AFZ_vs_ALAS1__GBM_Tumor__spearman.pdf,2026-09-11T13:30:40
2,chromatin_vs_heme,BRD2,PPOX,ACC_Tumor,spearman,success,./gepia_pdfs/ph2__chromatin_vs_heme__BRD2_vs_PPOX__ACC_Tumor__spearman.pdf,2026-09-11T13:30:41
3,chromatin_vs_heme_GBM_tumor,H2AFZ,ALAD,GBM_Tumor,spearman,success,./gepia_pdfs/ph3__chromatin_vs_heme_GBM_tumor__H2AFZ_vs_ALAD__GBM_Tumor__spearman.pdf,2026-09-11T13:30:44
2,chromatin_vs_heme,BRD2,FECH,ACC_Tumor,spearman,success,./gepia_pdfs/ph2__chromatin_vs_heme__BRD2_vs_FECH__ACC_Tumor__spearman.pdf,2026-09-11T13:30:46
3,chromatin_vs_heme_GBM_tumor,H2AFZ,HMBS,GBM_Tumor,spearman,success,./gepia_pdfs/ph3__chromatin_vs_heme_GBM_tumor__H2AFZ_vs_HMBS__GBM_Tumor__spearman.pdf,2026-09-11T13:30:49
2,positive_control,E2F1,CCNE1,ACC_Tumor,spearman,success,./gepia_pdfs/ph2__positive_control__E2F1_vs_CCNE1__ACC_Tumor__spearman.pdf,2026-09-11T13:30:51
3,chromatin_vs_heme_GBM_tumor,H2AFZ,UROS,GBM_Tumor,spearman,success,./gepia_pdfs/ph3__chromatin_vs_heme_GBM_tumor__H2AFZ_vs_UROS__GBM_Tumor__spearman.pdf,2026-09-11T13:30:54
2,positive_control,CDK2,CCNE1,ACC_Tumor,spearman,success,./gepia_pdfs/ph2__positive_control__CDK2_vs_CCNE1__ACC_Tumor__spearman.pdf,2026-09-11T13:30:55
3,chromatin_vs_heme_GBM_tumor,H2AFZ,UROD,GBM_Tumor,spearman,success,./gepia_pdfs/ph3__chromatin_vs_heme_GBM_tumor__H2AFZ_vs_UROD__GBM_Tumor__spearman.pdf,2026-09-11T13:30:58
2,heme_consecutive,ALAS1,ALAD,BLCA_Tumor,spearman,success,./gepia_pdfs/ph2__heme_consecutive__ALAS1_vs_ALAD__BLCA_Tumor__spearman.pdf,2026-09-11T13:30:58
2,heme_consecutive,ALAD,HMBS,BLCA_Tumor,spearman,success,./gepia_pdfs/ph2__heme_consecutive__ALAD_vs_HMBS__BLCA_Tumor__spearman.pdf,2026-09-11T13:31:02
3,chromatin_vs_heme_GBM_tumor,H2AFZ,CPOX,GBM_Tumor,spearman,success,./gepia_pdfs/ph3__chromatin_vs_heme_GBM_tumor__H2AFZ_vs_CPOX__GBM_Tumor__spearman.pdf,2026-09-11T13:31:03
2,heme_consecutive,HMBS,UROS,BLCA_Tumor,spearman,success,./gepia_pdfs/ph2__heme_consecutive__HMBS_vs_UROS__BLCA_Tumor__spearman.pdf,2026-09-11T13:31:06
3,chromatin_vs_heme_GBM_tumor,H2AFZ,PPOX,GBM_Tumor,spearman,success,./gepia_pdfs/ph3__chromatin_vs_heme_GBM_tumor__H2AFZ_vs_PPOX__GBM_Tumor__spearman.pdf,2026-09-11T13:31:07
2,heme_consecutive,UROS,UROD,BLCA_Tumor,spearman,success,./gepia_pdfs/ph2__heme_consecutive__UROS_vs_UROD__BLCA_Tumor__spearman.pdf,2026-09-11T13:31:10
3,chromatin_vs_heme_GBM_tumor,H2AFZ,FECH,GBM_Tumor,spearman,success,./gepia_pdfs/ph3__chromatin_vs_heme_GBM_tumor__H2AFZ_vs_FECH__GBM_Tumor__spearman.pdf,2026-09-11T13:31:11
2,heme_consecutive,UROD,CPOX,BLCA_Tumor,spearman,success,./gepia_pdfs/ph2__heme_consecutive__UROD_vs_CPOX__BLCA_Tumor__spearman.pdf,2026-09-11T13:31:13
3,chromatin_vs_heme_GBM_tumor,ATAD2,ALAS1,GBM_Tumor,spearman,success,./gepia_pdfs/ph3__chromatin_vs_heme_GBM_tumor__ATAD2_vs_ALAS1__GBM_Tumor__spearman.pdf,2026-09-11T13:31:14
3,chromatin_vs_heme_GBM_tumor,ATAD2,ALAD,GBM_Tumor,spearman,success,./gepia_pdfs/ph3__chromatin_vs_heme_GBM_tumor__ATAD2_vs_ALAD__GBM_Tumor__spearman.pdf,2026-09-11T13:31:16
2,heme_consecutive,CPOX,PPOX,BLCA_Tumor,spearman,success,./gepia_pdfs/ph2__heme_consecutive__CPOX_vs_PPOX__BLCA_Tumor__spearman.pdf,2026-09-11T13:31:17
3,chromatin_vs_heme_GBM_tumor,ATAD2,HMBS,GBM_Tumor,spearman,success,./gepia_pdfs/ph3__chromatin_vs_heme_GBM_tumor__ATAD2_vs_HMBS__GBM_Tumor__spearman.pdf,2026-09-11T13:31:19
3,chromatin_vs_heme_GBM_tumor,ATAD2,UROS,GBM_Tumor,spearman,success,./gepia_pdfs/ph3__chromatin_vs_heme_GBM_tumor__ATAD2_vs_UROS__GBM_Tumor__spearman.pdf,2026-09-11T13:31:22
2,heme_consecutive,PPOX,FECH,BLCA_Tumor,spearman,success,./gepia_pdfs/ph2__heme_consecutive__PPOX_vs_FECH__BLCA_Tumor__spearman.pdf,2026-09-11T13:31:22
3,chromatin_vs_heme_GBM_tumor,ATAD2,UROD,GBM_Tumor,spearman,success,./gepia_pdfs/ph3__chromatin_vs_heme_GBM_tumor__ATAD2_vs_UROD__GBM_Tumor__spearman.pdf,2026-09-11T13:31:25
2,heme_nonconsecutive,HMBS,FECH,BLCA_Tumor,spearman,success,./gepia_pdfs/ph2__heme_nonconsecutive__HMBS_vs_FECH__BLCA_Tumor__spearman.pdf,2026-09-11T13:31:26
2,heme_nonconsecutive,ALAS1,FECH,BLCA_Tumor,spearman,success,./gepia_pdfs/ph2__heme_nonconsecutive__ALAS1_vs_FECH__BLCA_Tumor__spearman.pdf,2026-09-11T13:31:29
3,chromatin_vs_heme_GBM_tumor,ATAD2,CPOX,GBM_Tumor,spearman,success,./gepia_pdfs/ph3__chromatin_vs_heme_GBM_tumor__ATAD2_vs_CPOX__GBM_Tumor__spearman.pdf,2026-09-11T13:31:29
3,chromatin_vs_heme_GBM_tumor,ATAD2,PPOX,GBM_Tumor,spearman,success,./gepia_pdfs/ph3__chromatin_vs_heme_GBM_tumor__ATAD2_vs_PPOX__GBM_Tumor__spearman.pdf,2026-09-11T13:31:33
2,heme_nonconsecutive,HMBS,PPOX,BLCA_Tumor,spearman,success,./gepia_pdfs/ph2__heme_nonconsecutive__HMBS_vs_PPOX__BLCA_Tumor__spearman.pdf,2026-09-11T13:31:33
2,chromatin_vs_heme,H2AFZ,ALAS1,BLCA_Tumor,spearman,success,./gepia_pdfs/ph2__chromatin_vs_heme__H2AFZ_vs_ALAS1__BLCA_Tumor__spearman.pdf,2026-09-11T13:31:36
3,chromatin_vs_heme_GBM_tumor,ATAD2,FECH,GBM_Tumor,spearman,success,./gepia_pdfs/ph3__chromatin_vs_heme_GBM_tumor__ATAD2_vs_FECH__GBM_Tumor__spearman.pdf,2026-09-11T13:31:38
2,chromatin_vs_heme,H2AFZ,ALAD,BLCA_Tumor,spearman,success,./gepia_pdfs/ph2__chromatin_vs_heme__H2AFZ_vs_ALAD__BLCA_Tumor__spearman.pdf,2026-09-11T13:31:38
3,chromatin_vs_heme_GBM_tumor,BRD4,ALAS1,GBM_Tumor,spearman,success,./gepia_pdfs/ph3__chromatin_vs_heme_GBM_tumor__BRD4_vs_ALAS1__GBM_Tumor__spearman.pdf,2026-09-11T13:31:42
2,chromatin_vs_heme,H2AFZ,HMBS,BLCA_Tumor,spearman,success,./gepia_pdfs/ph2__chromatin_vs_heme__H2AFZ_vs_HMBS__BLCA_Tumor__spearman.pdf,2026-09-11T13:31:43
2,chromatin_vs_heme,H2AFZ,UROS,BLCA_Tumor,spearman,success,./gepia_pdfs/ph2__chromatin_vs_heme__H2AFZ_vs_UROS__BLCA_Tumor__spearman.pdf,2026-09-11T13:31:46
3,chromatin_vs_heme_GBM_tumor,BRD4,ALAD,GBM_Tumor,spearman,success,./gepia_pdfs/ph3__chromatin_vs_heme_GBM_tumor__BRD4_vs_ALAD__GBM_Tumor__spearman.pdf,2026-09-11T13:31:47
2,chromatin_vs_heme,H2AFZ,UROD,BLCA_Tumor,spearman,success,./gepia_pdfs/ph2__chromatin_vs_heme__H2AFZ_vs_UROD__BLCA_Tumor__spearman.pdf,2026-09-11T13:31:49
2,chromatin_vs_heme,H2AFZ,CPOX,BLCA_Tumor,spearman,success,./gepia_pdfs/ph2__chromatin_vs_heme__H2AFZ_vs_CPOX__BLCA_Tumor__spearman.pdf,2026-09-11T13:31:51
3,chromatin_vs_heme_GBM_tumor,BRD4,HMBS,GBM_Tumor,spearman,success,./gepia_pdfs/ph3__chromatin_vs_heme_GBM_tumor__BRD4_vs_HMBS__GBM_Tumor__spearman.pdf,2026-09-11T13:31:52
3,chromatin_vs_heme_GBM_tumor,BRD4,UROS,GBM_Tumor,spearman,success,./gepia_pdfs/ph3__chromatin_vs_heme_GBM_tumor__BRD4_vs_UROS__GBM_Tumor__spearman.pdf,2026-09-11T13:31:56
2,chromatin_vs_heme,H2AFZ,PPOX,BLCA_Tumor,spearman,success,./gepia_pdfs/ph2__chromatin_vs_heme__H2AFZ_vs_PPOX__BLCA_Tumor__spearman.pdf,2026-09-11T13:31:57
3,chromatin_vs_heme_GBM_tumor,BRD4,UROD,GBM_Tumor,spearman,success,./gepia_pdfs/ph3__chromatin_vs_heme_GBM_tumor__BRD4_vs_UROD__GBM_Tumor__spearman.pdf,2026-09-11T13:31:59
2,chromatin_vs_heme,H2AFZ,FECH,BLCA_Tumor,spearman,success,./gepia_pdfs/ph2__chromatin_vs_heme__H2AFZ_vs_FECH__BLCA_Tumor__spearman.pdf,2026-09-11T13:31:59
3,chromatin_vs_heme_GBM_tumor,BRD4,CPOX,GBM_Tumor,spearman,success,./gepia_pdfs/ph3__chromatin_vs_heme_GBM_tumor__BRD4_vs_CPOX__GBM_Tumor__spearman.pdf,2026-09-11T13:32:01
2,chromatin_vs_heme,ATAD2,ALAS1,BLCA_Tumor,spearman,success,./gepia_pdfs/ph2__chromatin_vs_heme__ATAD2_vs_ALAS1__BLCA_Tumor__spearman.pdf,2026-09-11T13:32:01
2,chromatin_vs_heme,ATAD2,ALAD,BLCA_Tumor,spearman,success,./gepia_pdfs/ph2__chromatin_vs_heme__ATAD2_vs_ALAD__BLCA_Tumor__spearman.pdf,2026-09-11T13:32:05
3,chromatin_vs_heme_GBM_tumor,BRD4,PPOX,GBM_Tumor,spearman,success,./gepia_pdfs/ph3__chromatin_vs_heme_GBM_tumor__BRD4_vs_PPOX__GBM_Tumor__spearman.pdf,2026-09-11T13:32:06
2,chromatin_vs_heme,ATAD2,HMBS,BLCA_Tumor,spearman,success,./gepia_pdfs/ph2__chromatin_vs_heme__ATAD2_vs_HMBS__BLCA_Tumor__spearman.pdf,2026-09-11T13:32:08
3,chromatin_vs_heme_GBM_tumor,BRD4,FECH,GBM_Tumor,spearman,success,./gepia_pdfs/ph3__chromatin_vs_heme_GBM_tumor__BRD4_vs_FECH__GBM_Tumor__spearman.pdf,2026-09-11T13:32:09
2,chromatin_vs_heme,ATAD2,UROS,BLCA_Tumor,spearman,success,./gepia_pdfs/ph2__chromatin_vs_heme__ATAD2_vs_UROS__BLCA_Tumor__spearman.pdf,2026-09-11T13:32:12
3,chromatin_vs_heme_GBM_tumor,BRD2,ALAS1,GBM_Tumor,spearman,success,./gepia_pdfs/ph3__chromatin_vs_heme_GBM_tumor__BRD2_vs_ALAS1__GBM_Tumor__spearman.pdf,2026-09-11T13:32:13
2,chromatin_vs_heme,ATAD2,UROD,BLCA_Tumor,spearman,success,./gepia_pdfs/ph2__chromatin_vs_heme__ATAD2_vs_UROD__BLCA_Tumor__spearman.pdf,2026-09-11T13:32:15
3,chromatin_vs_heme_GBM_tumor,BRD2,ALAD,GBM_Tumor,spearman,success,./gepia_pdfs/ph3__chromatin_vs_heme_GBM_tumor__BRD2_vs_ALAD__GBM_Tumor__spearman.pdf,2026-09-11T13:32:16
2,chromatin_vs_heme,ATAD2,CPOX,BLCA_Tumor,spearman,success,./gepia_pdfs/ph2__chromatin_vs_heme__ATAD2_vs_CPOX__BLCA_Tumor__spearman.pdf,2026-09-11T13:32:18
3,chromatin_vs_heme_GBM_tumor,BRD2,HMBS,GBM_Tumor,spearman,success,./gepia_pdfs/ph3__chromatin_vs_heme_GBM_tumor__BRD2_vs_HMBS__GBM_Tumor__spearman.pdf,2026-09-11T13:32:19
2,chromatin_vs_heme,ATAD2,PPOX,BLCA_Tumor,spearman,success,./gepia_pdfs/ph2__chromatin_vs_heme__ATAD2_vs_PPOX__BLCA_Tumor__spearman.pdf,2026-09-11T13:32:21
3,chromatin_vs_heme_GBM_tumor,BRD2,UROS,GBM_Tumor,spearman,success,./gepia_pdfs/ph3__chromatin_vs_heme_GBM_tumor__BRD2_vs_UROS__GBM_Tumor__spearman.pdf,2026-09-11T13:32:21
2,chromatin_vs_heme,ATAD2,FECH,BLCA_Tumor,spearman,success,./gepia_pdfs/ph2__chromatin_vs_heme__ATAD2_vs_FECH__BLCA_Tumor__spearman.pdf,2026-09-11T13:32:23
3,chromatin_vs_heme_GBM_tumor,BRD2,UROD,GBM_Tumor,spearman,success,./gepia_pdfs/ph3__chromatin_vs_heme_GBM_tumor__BRD2_vs_UROD__GBM_Tumor__spearman.pdf,2026-09-11T13:32:25
2,chromatin_vs_heme,BRD4,ALAS1,BLCA_Tumor,spearman,success,./gepia_pdfs/ph2__chromatin_vs_heme__BRD4_vs_ALAS1__BLCA_Tumor__spearman.pdf,2026-09-11T13:32:27
3,chromatin_vs_heme_GBM_tumor,BRD2,CPOX,GBM_Tumor,spearman,success,./gepia_pdfs/ph3__chromatin_vs_heme_GBM_tumor__BRD2_vs_CPOX__GBM_Tumor__spearman.pdf,2026-09-11T13:32:30
2,chromatin_vs_heme,BRD4,ALAD,BLCA_Tumor,spearman,success,./gepia_pdfs/ph2__chromatin_vs_heme__BRD4_vs_ALAD__BLCA_Tumor__spearman.pdf,2026-09-11T13:32:30
3,chromatin_vs_heme_GBM_tumor,BRD2,PPOX,GBM_Tumor,spearman,success,./gepia_pdfs/ph3__chromatin_vs_heme_GBM_tumor__BRD2_vs_PPOX__GBM_Tumor__spearman.pdf,2026-09-11T13:32:34
2,chromatin_vs_heme,BRD4,HMBS,BLCA_Tumor,spearman,success,./gepia_pdfs/ph2__chromatin_vs_heme__BRD4_vs_HMBS__BLCA_Tumor__spearman.pdf,2026-09-11T13:32:34
3,chromatin_vs_heme_GBM_tumor,BRD2,FECH,GBM_Tumor,spearman,success,./gepia_pdfs/ph3__chromatin_vs_heme_GBM_tumor__BRD2_vs_FECH__GBM_Tumor__spearman.pdf,2026-09-11T13:32:36
2,chromatin_vs_heme,BRD4,UROS,BLCA_Tumor,spearman,success,./gepia_pdfs/ph2__chromatin_vs_heme__BRD4_vs_UROS__BLCA_Tumor__spearman.pdf,2026-09-11T13:32:38
3,heme_consecutive_BLCA_tumor,ALAS1,ALAD,BLCA_Tumor,spearman,success,./gepia_pdfs/ph3__heme_consecutive_BLCA_tumor__ALAS1_vs_ALAD__BLCA_Tumor__spearman.pdf,2026-09-11T13:32:39
3,heme_consecutive_BLCA_tumor,ALAD,HMBS,BLCA_Tumor,spearman,success,./gepia_pdfs/ph3__heme_consecutive_BLCA_tumor__ALAD_vs_HMBS__BLCA_Tumor__spearman.pdf,2026-09-11T13:32:43
2,chromatin_vs_heme,BRD4,UROD,BLCA_Tumor,spearman,success,./gepia_pdfs/ph2__chromatin_vs_heme__BRD4_vs_UROD__BLCA_Tumor__spearman.pdf,2026-09-11T13:32:44
3,heme_consecutive_BLCA_tumor,HMBS,UROS,BLCA_Tumor,spearman,success,./gepia_pdfs/ph3__heme_consecutive_BLCA_tumor__HMBS_vs_UROS__BLCA_Tumor__spearman.pdf,2026-09-11T13:32:47
2,chromatin_vs_heme,BRD4,CPOX,BLCA_Tumor,spearman,success,./gepia_pdfs/ph2__chromatin_vs_heme__BRD4_vs_CPOX__BLCA_Tumor__spearman.pdf,2026-09-11T13:32:50
3,heme_consecutive_BLCA_tumor,UROS,UROD,BLCA_Tumor,spearman,success,./gepia_pdfs/ph3__heme_consecutive_BLCA_tumor__UROS_vs_UROD__BLCA_Tumor__spearman.pdf,2026-09-11T13:32:52
2,chromatin_vs_heme,BRD4,PPOX,BLCA_Tumor,spearman,success,./gepia_pdfs/ph2__chromatin_vs_heme__BRD4_vs_PPOX__BLCA_Tumor__spearman.pdf,2026-09-11T13:32:54
3,heme_consecutive_BLCA_tumor,UROD,CPOX,BLCA_Tumor,spearman,success,./gepia_pdfs/ph3__heme_consecutive_BLCA_tumor__UROD_vs_CPOX__BLCA_Tumor__spearman.pdf,2026-09-11T13:32:55
2,chromatin_vs_heme,BRD4,FECH,BLCA_Tumor,spearman,success,./gepia_pdfs/ph2__chromatin_vs_heme__BRD4_vs_FECH__BLCA_Tumor__spearman.pdf,2026-09-11T13:32:58
3,heme_consecutive_BLCA_tumor,CPOX,PPOX,BLCA_Tumor,spearman,success,./gepia_pdfs/ph3__heme_consecutive_BLCA_tumor__CPOX_vs_PPOX__BLCA_Tumor__spearman.pdf,2026-09-11T13:32:58
3,heme_consecutive_BLCA_tumor,PPOX,FECH,BLCA_Tumor,spearman,success,./gepia_pdfs/ph3__heme_consecutive_BLCA_tumor__PPOX_vs_FECH__BLCA_Tumor__spearman.pdf,2026-09-11T13:33:02
2,chromatin_vs_heme,BRD2,ALAS1,BLCA_Tumor,spearman,success,./gepia_pdfs/ph2__chromatin_vs_heme__BRD2_vs_ALAS1__BLCA_Tumor__spearman.pdf,2026-09-11T13:33:02
3,heme_nonconsecutive_BLCA_tumor,HMBS,FECH,BLCA_Tumor,spearman,success,./gepia_pdfs/ph3__heme_nonconsecutive_BLCA_tumor__HMBS_vs_FECH__BLCA_Tumor__spearman.pdf,2026-09-11T13:33:05
2,chromatin_vs_heme,BRD2,ALAD,BLCA_Tumor,spearman,success,./gepia_pdfs/ph2__chromatin_vs_heme__BRD2_vs_ALAD__BLCA_Tumor__spearman.pdf,2026-09-11T13:33:05
2,chromatin_vs_heme,BRD2,HMBS,BLCA_Tumor,spearman,success,./gepia_pdfs/ph2__chromatin_vs_heme__BRD2_vs_HMBS__BLCA_Tumor__spearman.pdf,2026-09-11T13:33:09
3,heme_nonconsecutive_BLCA_tumor,ALAS1,FECH,BLCA_Tumor,spearman,success,./gepia_pdfs/ph3__heme_nonconsecutive_BLCA_tumor__ALAS1_vs_FECH__BLCA_Tumor__spearman.pdf,2026-09-11T13:33:09
2,chromatin_vs_heme,BRD2,UROS,BLCA_Tumor,spearman,success,./gepia_pdfs/ph2__chromatin_vs_heme__BRD2_vs_UROS__BLCA_Tumor__spearman.pdf,2026-09-11T13:33:13
3,heme_nonconsecutive_BLCA_tumor,HMBS,PPOX,BLCA_Tumor,spearman,success,./gepia_pdfs/ph3__heme_nonconsecutive_BLCA_tumor__HMBS_vs_PPOX__BLCA_Tumor__spearman.pdf,2026-09-11T13:33:14
3,chromatin_vs_heme_BLCA_tumor,H2AFZ,ALAS1,BLCA_Tumor,spearman,success,./gepia_pdfs/ph3__chromatin_vs_heme_BLCA_tumor__H2AFZ_vs_ALAS1__BLCA_Tumor__spearman.pdf,2026-09-11T13:33:16
2,chromatin_vs_heme,BRD2,UROD,BLCA_Tumor,spearman,success,./gepia_pdfs/ph2__chromatin_vs_heme__BRD2_vs_UROD__BLCA_Tumor__spearman.pdf,2026-09-11T13:33:18
3,chromatin_vs_heme_BLCA_tumor,H2AFZ,ALAD,BLCA_Tumor,spearman,success,./gepia_pdfs/ph3__chromatin_vs_heme_BLCA_tumor__H2AFZ_vs_ALAD__BLCA_Tumor__spearman.pdf,2026-09-11T13:33:20
2,chromatin_vs_heme,BRD2,CPOX,BLCA_Tumor,spearman,success,./gepia_pdfs/ph2__chromatin_vs_heme__BRD2_vs_CPOX__BLCA_Tumor__spearman.pdf,2026-09-11T13:33:21
3,chromatin_vs_heme_BLCA_tumor,H2AFZ,HMBS,BLCA_Tumor,spearman,success,./gepia_pdfs/ph3__chromatin_vs_heme_BLCA_tumor__H2AFZ_vs_HMBS__BLCA_Tumor__spearman.pdf,2026-09-11T13:33:23
2,chromatin_vs_heme,BRD2,PPOX,BLCA_Tumor,spearman,success,./gepia_pdfs/ph2__chromatin_vs_heme__BRD2_vs_PPOX__BLCA_Tumor__spearman.pdf,2026-09-11T13:33:23
3,chromatin_vs_heme_BLCA_tumor,H2AFZ,UROS,BLCA_Tumor,spearman,success,./gepia_pdfs/ph3__chromatin_vs_heme_BLCA_tumor__H2AFZ_vs_UROS__BLCA_Tumor__spearman.pdf,2026-09-11T13:33:26
2,chromatin_vs_heme,BRD2,FECH,BLCA_Tumor,spearman,success,./gepia_pdfs/ph2__chromatin_vs_heme__BRD2_vs_FECH__BLCA_Tumor__spearman.pdf,2026-09-11T13:33:27
3,chromatin_vs_heme_BLCA_tumor,H2AFZ,UROD,BLCA_Tumor,spearman,success,./gepia_pdfs/ph3__chromatin_vs_heme_BLCA_tumor__H2AFZ_vs_UROD__BLCA_Tumor__spearman.pdf,2026-09-11T13:33:30
2,positive_control,E2F1,CCNE1,BLCA_Tumor,spearman,success,./gepia_pdfs/ph2__positive_control__E2F1_vs_CCNE1__BLCA_Tumor__spearman.pdf,2026-09-11T13:33:31
3,chromatin_vs_heme_BLCA_tumor,H2AFZ,CPOX,BLCA_Tumor,spearman,success,./gepia_pdfs/ph3__chromatin_vs_heme_BLCA_tumor__H2AFZ_vs_CPOX__BLCA_Tumor__spearman.pdf,2026-09-11T13:33:34
2,positive_control,CDK2,CCNE1,BLCA_Tumor,spearman,success,./gepia_pdfs/ph2__positive_control__CDK2_vs_CCNE1__BLCA_Tumor__spearman.pdf,2026-09-11T13:33:35
3,chromatin_vs_heme_BLCA_tumor,H2AFZ,PPOX,BLCA_Tumor,spearman,success,./gepia_pdfs/ph3__chromatin_vs_heme_BLCA_tumor__H2AFZ_vs_PPOX__BLCA_Tumor__spearman.pdf,2026-09-11T13:33:38
2,heme_consecutive,ALAS1,ALAD,BRCA_Tumor,spearman,success,./gepia_pdfs/ph2__heme_consecutive__ALAS1_vs_ALAD__BRCA_Tumor__spearman.pdf,2026-09-11T13:33:41
3,chromatin_vs_heme_BLCA_tumor,H2AFZ,FECH,BLCA_Tumor,spearman,success,./gepia_pdfs/ph3__chromatin_vs_heme_BLCA_tumor__H2AFZ_vs_FECH__BLCA_Tumor__spearman.pdf,2026-09-11T13:33:41
2,heme_consecutive,ALAD,HMBS,BRCA_Tumor,spearman,success,./gepia_pdfs/ph2__heme_consecutive__ALAD_vs_HMBS__BRCA_Tumor__spearman.pdf,2026-09-11T13:33:44
3,chromatin_vs_heme_BLCA_tumor,ATAD2,ALAS1,BLCA_Tumor,spearman,success,./gepia_pdfs/ph3__chromatin_vs_heme_BLCA_tumor__ATAD2_vs_ALAS1__BLCA_Tumor__spearman.pdf,2026-09-11T13:33:45
2,heme_consecutive,HMBS,UROS,BRCA_Tumor,spearman,success,./gepia_pdfs/ph2__heme_consecutive__HMBS_vs_UROS__BRCA_Tumor__spearman.pdf,2026-09-11T13:33:48
3,chromatin_vs_heme_BLCA_tumor,ATAD2,ALAD,BLCA_Tumor,spearman,success,./gepia_pdfs/ph3__chromatin_vs_heme_BLCA_tumor__ATAD2_vs_ALAD__BLCA_Tumor__spearman.pdf,2026-09-11T13:33:49
2,heme_consecutive,UROS,UROD,BRCA_Tumor,spearman,success,./gepia_pdfs/ph2__heme_consecutive__UROS_vs_UROD__BRCA_Tumor__spearman.pdf,2026-09-11T13:33:52
3,chromatin_vs_heme_BLCA_tumor,ATAD2,HMBS,BLCA_Tumor,spearman,success,./gepia_pdfs/ph3__chromatin_vs_heme_BLCA_tumor__ATAD2_vs_HMBS__BLCA_Tumor__spearman.pdf,2026-09-11T13:33:53
2,heme_consecutive,UROD,CPOX,BRCA_Tumor,spearman,success,./gepia_pdfs/ph2__heme_consecutive__UROD_vs_CPOX__BRCA_Tumor__spearman.pdf,2026-09-11T13:33:55
3,chromatin_vs_heme_BLCA_tumor,ATAD2,UROS,BLCA_Tumor,spearman,success,./gepia_pdfs/ph3__chromatin_vs_heme_BLCA_tumor__ATAD2_vs_UROS__BLCA_Tumor__spearman.pdf,2026-09-11T13:33:56
3,chromatin_vs_heme_BLCA_tumor,ATAD2,UROD,BLCA_Tumor,spearman,success,./gepia_pdfs/ph3__chromatin_vs_heme_BLCA_tumor__ATAD2_vs_UROD__BLCA_Tumor__spearman.pdf,2026-09-11T13:33:59
2,heme_consecutive,CPOX,PPOX,BRCA_Tumor,spearman,success,./gepia_pdfs/ph2__heme_consecutive__CPOX_vs_PPOX__BRCA_Tumor__spearman.pdf,2026-09-11T13:33:59
2,heme_consecutive,PPOX,FECH,BRCA_Tumor,spearman,success,./gepia_pdfs/ph2__heme_consecutive__PPOX_vs_FECH__BRCA_Tumor__spearman.pdf,2026-09-11T13:34:01
3,chromatin_vs_heme_BLCA_tumor,ATAD2,CPOX,BLCA_Tumor,spearman,success,./gepia_pdfs/ph3__chromatin_vs_heme_BLCA_tumor__ATAD2_vs_CPOX__BLCA_Tumor__spearman.pdf,2026-09-11T13:34:02
3,chromatin_vs_heme_BLCA_tumor,ATAD2,PPOX,BLCA_Tumor,spearman,success,./gepia_pdfs/ph3__chromatin_vs_heme_BLCA_tumor__ATAD2_vs_PPOX__BLCA_Tumor__spearman.pdf,2026-09-11T13:34:04
2,heme_nonconsecutive,HMBS,FECH,BRCA_Tumor,spearman,success,./gepia_pdfs/ph2__heme_nonconsecutive__HMBS_vs_FECH__BRCA_Tumor__spearman.pdf,2026-09-11T13:34:06
3,chromatin_vs_heme_BLCA_tumor,ATAD2,FECH,BLCA_Tumor,spearman,success,./gepia_pdfs/ph3__chromatin_vs_heme_BLCA_tumor__ATAD2_vs_FECH__BLCA_Tumor__spearman.pdf,2026-09-11T13:34:07
2,heme_nonconsecutive,ALAS1,FECH,BRCA_Tumor,spearman,success,./gepia_pdfs/ph2__heme_nonconsecutive__ALAS1_vs_FECH__BRCA_Tumor__spearman.pdf,2026-09-11T13:34:08
3,chromatin_vs_heme_BLCA_tumor,BRD4,ALAS1,BLCA_Tumor,spearman,success,./gepia_pdfs/ph3__chromatin_vs_heme_BLCA_tumor__BRD4_vs_ALAS1__BLCA_Tumor__spearman.pdf,2026-09-11T13:34:11
2,heme_nonconsecutive,HMBS,PPOX,BRCA_Tumor,spearman,success,./gepia_pdfs/ph2__heme_nonconsecutive__HMBS_vs_PPOX__BRCA_Tumor__spearman.pdf,2026-09-11T13:34:13
2,chromatin_vs_heme,H2AFZ,ALAS1,BRCA_Tumor,spearman,success,./gepia_pdfs/ph2__chromatin_vs_heme__H2AFZ_vs_ALAS1__BRCA_Tumor__spearman.pdf,2026-09-11T13:34:16
3,chromatin_vs_heme_BLCA_tumor,BRD4,ALAD,BLCA_Tumor,spearman,success,./gepia_pdfs/ph3__chromatin_vs_heme_BLCA_tumor__BRD4_vs_ALAD__BLCA_Tumor__spearman.pdf,2026-09-11T13:34:16
3,chromatin_vs_heme_BLCA_tumor,BRD4,HMBS,BLCA_Tumor,spearman,success,./gepia_pdfs/ph3__chromatin_vs_heme_BLCA_tumor__BRD4_vs_HMBS__BLCA_Tumor__spearman.pdf,2026-09-11T13:34:18
2,chromatin_vs_heme,H2AFZ,ALAD,BRCA_Tumor,spearman,success,./gepia_pdfs/ph2__chromatin_vs_heme__H2AFZ_vs_ALAD__BRCA_Tumor__spearman.pdf,2026-09-11T13:34:20
2,chromatin_vs_heme,H2AFZ,HMBS,BRCA_Tumor,spearman,success,./gepia_pdfs/ph2__chromatin_vs_heme__H2AFZ_vs_HMBS__BRCA_Tumor__spearman.pdf,2026-09-11T13:34:22
3,chromatin_vs_heme_BLCA_tumor,BRD4,UROS,BLCA_Tumor,spearman,success,./gepia_pdfs/ph3__chromatin_vs_heme_BLCA_tumor__BRD4_vs_UROS__BLCA_Tumor__spearman.pdf,2026-09-11T13:34:22
3,chromatin_vs_heme_BLCA_tumor,BRD4,UROD,BLCA_Tumor,spearman,success,./gepia_pdfs/ph3__chromatin_vs_heme_BLCA_tumor__BRD4_vs_UROD__BLCA_Tumor__spearman.pdf,2026-09-11T13:34:25
2,chromatin_vs_heme,H2AFZ,UROS,BRCA_Tumor,spearman,success,./gepia_pdfs/ph2__chromatin_vs_heme__H2AFZ_vs_UROS__BRCA_Tumor__spearman.pdf,2026-09-11T13:34:26
3,chromatin_vs_heme_BLCA_tumor,BRD4,CPOX,BLCA_Tumor,spearman,success,./gepia_pdfs/ph3__chromatin_vs_heme_BLCA_tumor__BRD4_vs_CPOX__BLCA_Tumor__spearman.pdf,2026-09-11T13:34:30
2,chromatin_vs_heme,H2AFZ,UROD,BRCA_Tumor,spearman,success,./gepia_pdfs/ph2__chromatin_vs_heme__H2AFZ_vs_UROD__BRCA_Tumor__spearman.pdf,2026-09-11T13:34:31
3,chromatin_vs_heme_BLCA_tumor,BRD4,PPOX,BLCA_Tumor,spearman,success,./gepia_pdfs/ph3__chromatin_vs_heme_BLCA_tumor__BRD4_vs_PPOX__BLCA_Tumor__spearman.pdf,2026-09-11T13:34:33
2,chromatin_vs_heme,H2AFZ,CPOX,BRCA_Tumor,spearman,success,./gepia_pdfs/ph2__chromatin_vs_heme__H2AFZ_vs_CPOX__BRCA_Tumor__spearman.pdf,2026-09-11T13:34:36
3,chromatin_vs_heme_BLCA_tumor,BRD4,FECH,BLCA_Tumor,spearman,success,./gepia_pdfs/ph3__chromatin_vs_heme_BLCA_tumor__BRD4_vs_FECH__BLCA_Tumor__spearman.pdf,2026-09-11T13:34:36
2,chromatin_vs_heme,H2AFZ,PPOX,BRCA_Tumor,spearman,success,./gepia_pdfs/ph2__chromatin_vs_heme__H2AFZ_vs_PPOX__BRCA_Tumor__spearman.pdf,2026-09-11T13:34:38
3,chromatin_vs_heme_BLCA_tumor,BRD2,ALAS1,BLCA_Tumor,spearman,success,./gepia_pdfs/ph3__chromatin_vs_heme_BLCA_tumor__BRD2_vs_ALAS1__BLCA_Tumor__spearman.pdf,2026-09-11T13:34:39
2,chromatin_vs_heme,H2AFZ,FECH,BRCA_Tumor,spearman,success,./gepia_pdfs/ph2__chromatin_vs_heme__H2AFZ_vs_FECH__BRCA_Tumor__spearman.pdf,2026-09-11T13:34:41
3,chromatin_vs_heme_BLCA_tumor,BRD2,ALAD,BLCA_Tumor,spearman,success,./gepia_pdfs/ph3__chromatin_vs_heme_BLCA_tumor__BRD2_vs_ALAD__BLCA_Tumor__spearman.pdf,2026-09-11T13:34:45
2,chromatin_vs_heme,ATAD2,ALAS1,BRCA_Tumor,spearman,success,./gepia_pdfs/ph2__chromatin_vs_heme__ATAD2_vs_ALAS1__BRCA_Tumor__spearman.pdf,2026-09-11T13:34:46
3,chromatin_vs_heme_BLCA_tumor,BRD2,HMBS,BLCA_Tumor,spearman,success,./gepia_pdfs/ph3__chromatin_vs_heme_BLCA_tumor__BRD2_vs_HMBS__BLCA_Tumor__spearman.pdf,2026-09-11T13:34:49
2,chromatin_vs_heme,ATAD2,ALAD,BRCA_Tumor,spearman,success,./gepia_pdfs/ph2__chromatin_vs_heme__ATAD2_vs_ALAD__BRCA_Tumor__spearman.pdf,2026-09-11T13:34:50
3,chromatin_vs_heme_BLCA_tumor,BRD2,UROS,BLCA_Tumor,spearman,success,./gepia_pdfs/ph3__chromatin_vs_heme_BLCA_tumor__BRD2_vs_UROS__BLCA_Tumor__spearman.pdf,2026-09-11T13:34:52
2,chromatin_vs_heme,ATAD2,HMBS,BRCA_Tumor,spearman,success,./gepia_pdfs/ph2__chromatin_vs_heme__ATAD2_vs_HMBS__BRCA_Tumor__spearman.pdf,2026-09-11T13:34:55
3,chromatin_vs_heme_BLCA_tumor,BRD2,UROD,BLCA_Tumor,spearman,success,./gepia_pdfs/ph3__chromatin_vs_heme_BLCA_tumor__BRD2_vs_UROD__BLCA_Tumor__spearman.pdf,2026-09-11T13:34:56
2,chromatin_vs_heme,ATAD2,UROS,BRCA_Tumor,spearman,success,./gepia_pdfs/ph2__chromatin_vs_heme__ATAD2_vs_UROS__BRCA_Tumor__spearman.pdf,2026-09-11T13:35:00
3,chromatin_vs_heme_BLCA_tumor,BRD2,CPOX,BLCA_Tumor,spearman,success,./gepia_pdfs/ph3__chromatin_vs_heme_BLCA_tumor__BRD2_vs_CPOX__BLCA_Tumor__spearman.pdf,2026-09-11T13:35:00
2,chromatin_vs_heme,ATAD2,UROD,BRCA_Tumor,spearman,success,./gepia_pdfs/ph2__chromatin_vs_heme__ATAD2_vs_UROD__BRCA_Tumor__spearman.pdf,2026-09-11T13:35:03
3,chromatin_vs_heme_BLCA_tumor,BRD2,PPOX,BLCA_Tumor,spearman,success,./gepia_pdfs/ph3__chromatin_vs_heme_BLCA_tumor__BRD2_vs_PPOX__BLCA_Tumor__spearman.pdf,2026-09-11T13:35:04
2,chromatin_vs_heme,ATAD2,CPOX,BRCA_Tumor,spearman,success,./gepia_pdfs/ph2__chromatin_vs_heme__ATAD2_vs_CPOX__BRCA_Tumor__spearman.pdf,2026-09-11T13:35:06
3,chromatin_vs_heme_BLCA_tumor,BRD2,FECH,BLCA_Tumor,spearman,success,./gepia_pdfs/ph3__chromatin_vs_heme_BLCA_tumor__BRD2_vs_FECH__BLCA_Tumor__spearman.pdf,2026-09-11T13:35:07
2,chromatin_vs_heme,ATAD2,PPOX,BRCA_Tumor,spearman,success,./gepia_pdfs/ph2__chromatin_vs_heme__ATAD2_vs_PPOX__BRCA_Tumor__spearman.pdf,2026-09-11T13:35:10
3,heme_consecutive_ESCA_tumor,ALAS1,ALAD,ESCA_Tumor,spearman,success,./gepia_pdfs/ph3__heme_consecutive_ESCA_tumor__ALAS1_vs_ALAD__ESCA_Tumor__spearman.pdf,2026-09-11T13:35:10
2,chromatin_vs_heme,ATAD2,FECH,BRCA_Tumor,spearman,success,./gepia_pdfs/ph2__chromatin_vs_heme__ATAD2_vs_FECH__BRCA_Tumor__spearman.pdf,2026-09-11T13:35:13
3,heme_consecutive_ESCA_tumor,ALAD,HMBS,ESCA_Tumor,spearman,success,./gepia_pdfs/ph3__heme_consecutive_ESCA_tumor__ALAD_vs_HMBS__ESCA_Tumor__spearman.pdf,2026-09-11T13:35:15
2,chromatin_vs_heme,BRD4,ALAS1,BRCA_Tumor,spearman,success,./gepia_pdfs/ph2__chromatin_vs_heme__BRD4_vs_ALAS1__BRCA_Tumor__spearman.pdf,2026-09-11T13:35:17
3,heme_consecutive_ESCA_tumor,HMBS,UROS,ESCA_Tumor,spearman,success,./gepia_pdfs/ph3__heme_consecutive_ESCA_tumor__HMBS_vs_UROS__ESCA_Tumor__spearman.pdf,2026-09-11T13:35:20
2,chromatin_vs_heme,BRD4,ALAD,BRCA_Tumor,spearman,success,./gepia_pdfs/ph2__chromatin_vs_heme__BRD4_vs_ALAD__BRCA_Tumor__spearman.pdf,2026-09-11T13:35:22
3,heme_consecutive_ESCA_tumor,UROS,UROD,ESCA_Tumor,spearman,success,./gepia_pdfs/ph3__heme_consecutive_ESCA_tumor__UROS_vs_UROD__ESCA_Tumor__spearman.pdf,2026-09-11T13:35:24
2,chromatin_vs_heme,BRD4,HMBS,BRCA_Tumor,spearman,success,./gepia_pdfs/ph2__chromatin_vs_heme__BRD4_vs_HMBS__BRCA_Tumor__spearman.pdf,2026-09-11T13:35:25
3,heme_consecutive_ESCA_tumor,UROD,CPOX,ESCA_Tumor,spearman,success,./gepia_pdfs/ph3__heme_consecutive_ESCA_tumor__UROD_vs_CPOX__ESCA_Tumor__spearman.pdf,2026-09-11T13:35:27
2,chromatin_vs_heme,BRD4,UROS,BRCA_Tumor,spearman,success,./gepia_pdfs/ph2__chromatin_vs_heme__BRD4_vs_UROS__BRCA_Tumor__spearman.pdf,2026-09-11T13:35:28
3,heme_consecutive_ESCA_tumor,CPOX,PPOX,ESCA_Tumor,spearman,success,./gepia_pdfs/ph3__heme_consecutive_ESCA_tumor__CPOX_vs_PPOX__ESCA_Tumor__spearman.pdf,2026-09-11T13:35:31
2,chromatin_vs_heme,BRD4,UROD,BRCA_Tumor,spearman,success,./gepia_pdfs/ph2__chromatin_vs_heme__BRD4_vs_UROD__BRCA_Tumor__spearman.pdf,2026-09-11T13:35:33
2,chromatin_vs_heme,BRD4,CPOX,BRCA_Tumor,spearman,success,./gepia_pdfs/ph2__chromatin_vs_heme__BRD4_vs_CPOX__BRCA_Tumor__spearman.pdf,2026-09-11T13:35:35
3,heme_consecutive_ESCA_tumor,PPOX,FECH,ESCA_Tumor,spearman,success,./gepia_pdfs/ph3__heme_consecutive_ESCA_tumor__PPOX_vs_FECH__ESCA_Tumor__spearman.pdf,2026-09-11T13:35:36
2,chromatin_vs_heme,BRD4,PPOX,BRCA_Tumor,spearman,success,./gepia_pdfs/ph2__chromatin_vs_heme__BRD4_vs_PPOX__BRCA_Tumor__spearman.pdf,2026-09-11T13:35:39
3,heme_nonconsecutive_ESCA_tumor,HMBS,FECH,ESCA_Tumor,spearman,success,./gepia_pdfs/ph3__heme_nonconsecutive_ESCA_tumor__HMBS_vs_FECH__ESCA_Tumor__spearman.pdf,2026-09-11T13:35:40
2,chromatin_vs_heme,BRD4,FECH,BRCA_Tumor,spearman,success,./gepia_pdfs/ph2__chromatin_vs_heme__BRD4_vs_FECH__BRCA_Tumor__spearman.pdf,2026-09-11T13:35:42
3,heme_nonconsecutive_ESCA_tumor,ALAS1,FECH,ESCA_Tumor,spearman,success,./gepia_pdfs/ph3__heme_nonconsecutive_ESCA_tumor__ALAS1_vs_FECH__ESCA_Tumor__spearman.pdf,2026-09-11T13:35:45
2,chromatin_vs_heme,BRD2,ALAS1,BRCA_Tumor,spearman,success,./gepia_pdfs/ph2__chromatin_vs_heme__BRD2_vs_ALAS1__BRCA_Tumor__spearman.pdf,2026-09-11T13:35:47
3,heme_nonconsecutive_ESCA_tumor,HMBS,PPOX,ESCA_Tumor,spearman,success,./gepia_pdfs/ph3__heme_nonconsecutive_ESCA_tumor__HMBS_vs_PPOX__ESCA_Tumor__spearman.pdf,2026-09-11T13:35:50
2,chromatin_vs_heme,BRD2,ALAD,BRCA_Tumor,spearman,success,./gepia_pdfs/ph2__chromatin_vs_heme__BRD2_vs_ALAD__BRCA_Tumor__spearman.pdf,2026-09-11T13:35:51
3,chromatin_vs_heme_ESCA_tumor,H2AFZ,ALAS1,ESCA_Tumor,spearman,success,./gepia_pdfs/ph3__chromatin_vs_heme_ESCA_tumor__H2AFZ_vs_ALAS1__ESCA_Tumor__spearman.pdf,2026-09-11T13:35:55
2,chromatin_vs_heme,BRD2,HMBS,BRCA_Tumor,spearman,success,./gepia_pdfs/ph2__chromatin_vs_heme__BRD2_vs_HMBS__BRCA_Tumor__spearman.pdf,2026-09-11T13:35:55
2,chromatin_vs_heme,BRD2,UROS,BRCA_Tumor,spearman,success,./gepia_pdfs/ph2__chromatin_vs_heme__BRD2_vs_UROS__BRCA_Tumor__spearman.pdf,2026-09-11T13:35:58
3,chromatin_vs_heme_ESCA_tumor,H2AFZ,ALAD,ESCA_Tumor,spearman,success,./gepia_pdfs/ph3__chromatin_vs_heme_ESCA_tumor__H2AFZ_vs_ALAD__ESCA_Tumor__spearman.pdf,2026-09-11T13:35:59
2,chromatin_vs_heme,BRD2,UROD,BRCA_Tumor,spearman,success,./gepia_pdfs/ph2__chromatin_vs_heme__BRD2_vs_UROD__BRCA_Tumor__spearman.pdf,2026-09-11T13:36:02
3,chromatin_vs_heme_ESCA_tumor,H2AFZ,HMBS,ESCA_Tumor,spearman,success,./gepia_pdfs/ph3__chromatin_vs_heme_ESCA_tumor__H2AFZ_vs_HMBS__ESCA_Tumor__spearman.pdf,2026-09-11T13:36:04
2,chromatin_vs_heme,BRD2,CPOX,BRCA_Tumor,spearman,success,./gepia_pdfs/ph2__chromatin_vs_heme__BRD2_vs_CPOX__BRCA_Tumor__spearman.pdf,2026-09-11T13:36:06
3,chromatin_vs_heme_ESCA_tumor,H2AFZ,UROS,ESCA_Tumor,spearman,success,./gepia_pdfs/ph3__chromatin_vs_heme_ESCA_tumor__H2AFZ_vs_UROS__ESCA_Tumor__spearman.pdf,2026-09-11T13:36:07
2,chromatin_vs_heme,BRD2,PPOX,BRCA_Tumor,spearman,success,./gepia_pdfs/ph2__chromatin_vs_heme__BRD2_vs_PPOX__BRCA_Tumor__spearman.pdf,2026-09-11T13:36:10
3,chromatin_vs_heme_ESCA_tumor,H2AFZ,UROD,ESCA_Tumor,spearman,success,./gepia_pdfs/ph3__chromatin_vs_heme_ESCA_tumor__H2AFZ_vs_UROD__ESCA_Tumor__spearman.pdf,2026-09-11T13:36:11
3,chromatin_vs_heme_ESCA_tumor,H2AFZ,CPOX,ESCA_Tumor,spearman,success,./gepia_pdfs/ph3__chromatin_vs_heme_ESCA_tumor__H2AFZ_vs_CPOX__ESCA_Tumor__spearman.pdf,2026-09-11T13:36:13
2,chromatin_vs_heme,BRD2,FECH,BRCA_Tumor,spearman,success,./gepia_pdfs/ph2__chromatin_vs_heme__BRD2_vs_FECH__BRCA_Tumor__spearman.pdf,2026-09-11T13:36:14
3,chromatin_vs_heme_ESCA_tumor,H2AFZ,PPOX,ESCA_Tumor,spearman,success,./gepia_pdfs/ph3__chromatin_vs_heme_ESCA_tumor__H2AFZ_vs_PPOX__ESCA_Tumor__spearman.pdf,2026-09-11T13:36:17
2,positive_control,E2F1,CCNE1,BRCA_Tumor,spearman,success,./gepia_pdfs/ph2__positive_control__E2F1_vs_CCNE1__BRCA_Tumor__spearman.pdf,2026-09-11T13:36:18
3,chromatin_vs_heme_ESCA_tumor,H2AFZ,FECH,ESCA_Tumor,spearman,success,./gepia_pdfs/ph3__chromatin_vs_heme_ESCA_tumor__H2AFZ_vs_FECH__ESCA_Tumor__spearman.pdf,2026-09-11T13:36:22
2,positive_control,CDK2,CCNE1,BRCA_Tumor,spearman,success,./gepia_pdfs/ph2__positive_control__CDK2_vs_CCNE1__BRCA_Tumor__spearman.pdf,2026-09-11T13:36:24
3,chromatin_vs_heme_ESCA_tumor,ATAD2,ALAS1,ESCA_Tumor,spearman,success,./gepia_pdfs/ph3__chromatin_vs_heme_ESCA_tumor__ATAD2_vs_ALAS1__ESCA_Tumor__spearman.pdf,2026-09-11T13:36:27
2,heme_consecutive,ALAS1,ALAD,CESC_Tumor,spearman,success,./gepia_pdfs/ph2__heme_consecutive__ALAS1_vs_ALAD__CESC_Tumor__spearman.pdf,2026-09-11T13:36:30
3,chromatin_vs_heme_ESCA_tumor,ATAD2,ALAD,ESCA_Tumor,spearman,success,./gepia_pdfs/ph3__chromatin_vs_heme_ESCA_tumor__ATAD2_vs_ALAD__ESCA_Tumor__spearman.pdf,2026-09-11T13:36:30
2,heme_consecutive,ALAD,HMBS,CESC_Tumor,spearman,success,./gepia_pdfs/ph2__heme_consecutive__ALAD_vs_HMBS__CESC_Tumor__spearman.pdf,2026-09-11T13:36:34
3,chromatin_vs_heme_ESCA_tumor,ATAD2,HMBS,ESCA_Tumor,spearman,success,./gepia_pdfs/ph3__chromatin_vs_heme_ESCA_tumor__ATAD2_vs_HMBS__ESCA_Tumor__spearman.pdf,2026-09-11T13:36:35
2,heme_consecutive,HMBS,UROS,CESC_Tumor,spearman,success,./gepia_pdfs/ph2__heme_consecutive__HMBS_vs_UROS__CESC_Tumor__spearman.pdf,2026-09-11T13:36:37
3,chromatin_vs_heme_ESCA_tumor,ATAD2,UROS,ESCA_Tumor,spearman,success,./gepia_pdfs/ph3__chromatin_vs_heme_ESCA_tumor__ATAD2_vs_UROS__ESCA_Tumor__spearman.pdf,2026-09-11T13:36:41
2,heme_consecutive,UROS,UROD,CESC_Tumor,spearman,success,./gepia_pdfs/ph2__heme_consecutive__UROS_vs_UROD__CESC_Tumor__spearman.pdf,2026-09-11T13:36:41
3,chromatin_vs_heme_ESCA_tumor,ATAD2,UROD,ESCA_Tumor,spearman,success,./gepia_pdfs/ph3__chromatin_vs_heme_ESCA_tumor__ATAD2_vs_UROD__ESCA_Tumor__spearman.pdf,2026-09-11T13:36:43
2,heme_consecutive,UROD,CPOX,CESC_Tumor,spearman,success,./gepia_pdfs/ph2__heme_consecutive__UROD_vs_CPOX__CESC_Tumor__spearman.pdf,2026-09-11T13:36:44
3,chromatin_vs_heme_ESCA_tumor,ATAD2,CPOX,ESCA_Tumor,spearman,success,./gepia_pdfs/ph3__chromatin_vs_heme_ESCA_tumor__ATAD2_vs_CPOX__ESCA_Tumor__spearman.pdf,2026-09-11T13:36:47
2,heme_consecutive,CPOX,PPOX,CESC_Tumor,spearman,success,./gepia_pdfs/ph2__heme_consecutive__CPOX_vs_PPOX__CESC_Tumor__spearman.pdf,2026-09-11T13:36:48
3,chromatin_vs_heme_ESCA_tumor,ATAD2,PPOX,ESCA_Tumor,spearman,success,./gepia_pdfs/ph3__chromatin_vs_heme_ESCA_tumor__ATAD2_vs_PPOX__ESCA_Tumor__spearman.pdf,2026-09-11T13:36:51
2,heme_consecutive,PPOX,FECH,CESC_Tumor,spearman,success,./gepia_pdfs/ph2__heme_consecutive__PPOX_vs_FECH__CESC_Tumor__spearman.pdf,2026-09-11T13:36:51
3,chromatin_vs_heme_ESCA_tumor,ATAD2,FECH,ESCA_Tumor,spearman,success,./gepia_pdfs/ph3__chromatin_vs_heme_ESCA_tumor__ATAD2_vs_FECH__ESCA_Tumor__spearman.pdf,2026-09-11T13:36:55
2,heme_nonconsecutive,HMBS,FECH,CESC_Tumor,spearman,success,./gepia_pdfs/ph2__heme_nonconsecutive__HMBS_vs_FECH__CESC_Tumor__spearman.pdf,2026-09-11T13:36:57
3,chromatin_vs_heme_ESCA_tumor,BRD4,ALAS1,ESCA_Tumor,spearman,success,./gepia_pdfs/ph3__chromatin_vs_heme_ESCA_tumor__BRD4_vs_ALAS1__ESCA_Tumor__spearman.pdf,2026-09-11T13:37:00
2,heme_nonconsecutive,ALAS1,FECH,CESC_Tumor,spearman,success,./gepia_pdfs/ph2__heme_nonconsecutive__ALAS1_vs_FECH__CESC_Tumor__spearman.pdf,2026-09-11T13:37:02
3,chromatin_vs_heme_ESCA_tumor,BRD4,ALAD,ESCA_Tumor,spearman,success,./gepia_pdfs/ph3__chromatin_vs_heme_ESCA_tumor__BRD4_vs_ALAD__ESCA_Tumor__spearman.pdf,2026-09-11T13:37:02
3,chromatin_vs_heme_ESCA_tumor,BRD4,HMBS,ESCA_Tumor,spearman,success,./gepia_pdfs/ph3__chromatin_vs_heme_ESCA_tumor__BRD4_vs_HMBS__ESCA_Tumor__spearman.pdf,2026-09-11T13:37:04
2,heme_nonconsecutive,HMBS,PPOX,CESC_Tumor,spearman,success,./gepia_pdfs/ph2__heme_nonconsecutive__HMBS_vs_PPOX__CESC_Tumor__spearman.pdf,2026-09-11T13:37:05
3,chromatin_vs_heme_ESCA_tumor,BRD4,UROS,ESCA_Tumor,spearman,success,./gepia_pdfs/ph3__chromatin_vs_heme_ESCA_tumor__BRD4_vs_UROS__ESCA_Tumor__spearman.pdf,2026-09-11T13:37:07
2,chromatin_vs_heme,H2AFZ,ALAS1,CESC_Tumor,spearman,success,./gepia_pdfs/ph2__chromatin_vs_heme__H2AFZ_vs_ALAS1__CESC_Tumor__spearman.pdf,2026-09-11T13:37:09
3,chromatin_vs_heme_ESCA_tumor,BRD4,UROD,ESCA_Tumor,spearman,success,./gepia_pdfs/ph3__chromatin_vs_heme_ESCA_tumor__BRD4_vs_UROD__ESCA_Tumor__spearman.pdf,2026-09-11T13:37:09
2,chromatin_vs_heme,H2AFZ,ALAD,CESC_Tumor,spearman,success,./gepia_pdfs/ph2__chromatin_vs_heme__H2AFZ_vs_ALAD__CESC_Tumor__spearman.pdf,2026-09-11T13:37:12
3,chromatin_vs_heme_ESCA_tumor,BRD4,CPOX,ESCA_Tumor,spearman,success,./gepia_pdfs/ph3__chromatin_vs_heme_ESCA_tumor__BRD4_vs_CPOX__ESCA_Tumor__spearman.pdf,2026-09-11T13:37:13
2,chromatin_vs_heme,H2AFZ,HMBS,CESC_Tumor,spearman,success,./gepia_pdfs/ph2__chromatin_vs_heme__H2AFZ_vs_HMBS__CESC_Tumor__spearman.pdf,2026-09-11T13:37:15
3,chromatin_vs_heme_ESCA_tumor,BRD4,PPOX,ESCA_Tumor,spearman,success,./gepia_pdfs/ph3__chromatin_vs_heme_ESCA_tumor__BRD4_vs_PPOX__ESCA_Tumor__spearman.pdf,2026-09-11T13:37:16
2,chromatin_vs_heme,H2AFZ,UROS,CESC_Tumor,spearman,success,./gepia_pdfs/ph2__chromatin_vs_heme__H2AFZ_vs_UROS__CESC_Tumor__spearman.pdf,2026-09-11T13:37:17
3,chromatin_vs_heme_ESCA_tumor,BRD4,FECH,ESCA_Tumor,spearman,success,./gepia_pdfs/ph3__chromatin_vs_heme_ESCA_tumor__BRD4_vs_FECH__ESCA_Tumor__spearman.pdf,2026-09-11T13:37:20
2,chromatin_vs_heme,H2AFZ,UROD,CESC_Tumor,spearman,success,./gepia_pdfs/ph2__chromatin_vs_heme__H2AFZ_vs_UROD__CESC_Tumor__spearman.pdf,2026-09-11T13:37:21
3,chromatin_vs_heme_ESCA_tumor,BRD2,ALAS1,ESCA_Tumor,spearman,success,./gepia_pdfs/ph3__chromatin_vs_heme_ESCA_tumor__BRD2_vs_ALAS1__ESCA_Tumor__spearman.pdf,2026-09-11T13:37:23
2,chromatin_vs_heme,H2AFZ,CPOX,CESC_Tumor,spearman,success,./gepia_pdfs/ph2__chromatin_vs_heme__H2AFZ_vs_CPOX__CESC_Tumor__spearman.pdf,2026-09-11T13:37:23
3,chromatin_vs_heme_ESCA_tumor,BRD2,ALAD,ESCA_Tumor,spearman,success,./gepia_pdfs/ph3__chromatin_vs_heme_ESCA_tumor__BRD2_vs_ALAD__ESCA_Tumor__spearman.pdf,2026-09-11T13:37:28
2,chromatin_vs_heme,H2AFZ,PPOX,CESC_Tumor,spearman,success,./gepia_pdfs/ph2__chromatin_vs_heme__H2AFZ_vs_PPOX__CESC_Tumor__spearman.pdf,2026-09-11T13:37:30
2,chromatin_vs_heme,H2AFZ,FECH,CESC_Tumor,spearman,success,./gepia_pdfs/ph2__chromatin_vs_heme__H2AFZ_vs_FECH__CESC_Tumor__spearman.pdf,2026-09-11T13:37:33
3,chromatin_vs_heme_ESCA_tumor,BRD2,HMBS,ESCA_Tumor,spearman,success,./gepia_pdfs/ph3__chromatin_vs_heme_ESCA_tumor__BRD2_vs_HMBS__ESCA_Tumor__spearman.pdf,2026-09-11T13:37:33
2,chromatin_vs_heme,ATAD2,ALAS1,CESC_Tumor,spearman,success,./gepia_pdfs/ph2__chromatin_vs_heme__ATAD2_vs_ALAS1__CESC_Tumor__spearman.pdf,2026-09-11T13:37:37
3,chromatin_vs_heme_ESCA_tumor,BRD2,UROS,ESCA_Tumor,spearman,success,./gepia_pdfs/ph3__chromatin_vs_heme_ESCA_tumor__BRD2_vs_UROS__ESCA_Tumor__spearman.pdf,2026-09-11T13:37:39
3,chromatin_vs_heme_ESCA_tumor,BRD2,UROD,ESCA_Tumor,spearman,success,./gepia_pdfs/ph3__chromatin_vs_heme_ESCA_tumor__BRD2_vs_UROD__ESCA_Tumor__spearman.pdf,2026-09-11T13:37:41
2,chromatin_vs_heme,ATAD2,ALAD,CESC_Tumor,spearman,success,./gepia_pdfs/ph2__chromatin_vs_heme__ATAD2_vs_ALAD__CESC_Tumor__spearman.pdf,2026-09-11T13:37:42
2,chromatin_vs_heme,ATAD2,HMBS,CESC_Tumor,spearman,success,./gepia_pdfs/ph2__chromatin_vs_heme__ATAD2_vs_HMBS__CESC_Tumor__spearman.pdf,2026-09-11T13:37:44
3,chromatin_vs_heme_ESCA_tumor,BRD2,CPOX,ESCA_Tumor,spearman,success,./gepia_pdfs/ph3__chromatin_vs_heme_ESCA_tumor__BRD2_vs_CPOX__ESCA_Tumor__spearman.pdf,2026-09-11T13:37:46
2,chromatin_vs_heme,ATAD2,UROS,CESC_Tumor,spearman,success,./gepia_pdfs/ph2__chromatin_vs_heme__ATAD2_vs_UROS__CESC_Tumor__spearman.pdf,2026-09-11T13:37:48
3,chromatin_vs_heme_ESCA_tumor,BRD2,PPOX,ESCA_Tumor,spearman,success,./gepia_pdfs/ph3__chromatin_vs_heme_ESCA_tumor__BRD2_vs_PPOX__ESCA_Tumor__spearman.pdf,2026-09-11T13:37:50
2,chromatin_vs_heme,ATAD2,UROD,CESC_Tumor,spearman,success,./gepia_pdfs/ph2__chromatin_vs_heme__ATAD2_vs_UROD__CESC_Tumor__spearman.pdf,2026-09-11T13:37:51
3,chromatin_vs_heme_ESCA_tumor,BRD2,FECH,ESCA_Tumor,spearman,success,./gepia_pdfs/ph3__chromatin_vs_heme_ESCA_tumor__BRD2_vs_FECH__ESCA_Tumor__spearman.pdf,2026-09-11T13:37:54
2,chromatin_vs_heme,ATAD2,CPOX,CESC_Tumor,spearman,success,./gepia_pdfs/ph2__chromatin_vs_heme__ATAD2_vs_CPOX__CESC_Tumor__spearman.pdf,2026-09-11T13:37:55
3,heme_consecutive_HNSC_tumor,ALAS1,ALAD,HNSC_Tumor,spearman,success,./gepia_pdfs/ph3__heme_consecutive_HNSC_tumor__ALAS1_vs_ALAD__HNSC_Tumor__spearman.pdf,2026-09-11T13:37:58
2,chromatin_vs_heme,ATAD2,PPOX,CESC_Tumor,spearman,success,./gepia_pdfs/ph2__chromatin_vs_heme__ATAD2_vs_PPOX__CESC_Tumor__spearman.pdf,2026-09-11T13:37:59
2,chromatin_vs_heme,ATAD2,FECH,CESC_Tumor,spearman,success,./gepia_pdfs/ph2__chromatin_vs_heme__ATAD2_vs_FECH__CESC_Tumor__spearman.pdf,2026-09-11T13:38:01
3,heme_consecutive_HNSC_tumor,ALAD,HMBS,HNSC_Tumor,spearman,success,./gepia_pdfs/ph3__heme_consecutive_HNSC_tumor__ALAD_vs_HMBS__HNSC_Tumor__spearman.pdf,2026-09-11T13:38:02
2,chromatin_vs_heme,BRD4,ALAS1,CESC_Tumor,spearman,success,./gepia_pdfs/ph2__chromatin_vs_heme__BRD4_vs_ALAS1__CESC_Tumor__spearman.pdf,2026-09-11T13:38:05
3,heme_consecutive_HNSC_tumor,HMBS,UROS,HNSC_Tumor,spearman,success,./gepia_pdfs/ph3__heme_consecutive_HNSC_tumor__HMBS_vs_UROS__HNSC_Tumor__spearman.pdf,2026-09-11T13:38:06
3,heme_consecutive_HNSC_tumor,UROS,UROD,HNSC_Tumor,spearman,success,./gepia_pdfs/ph3__heme_consecutive_HNSC_tumor__UROS_vs_UROD__HNSC_Tumor__spearman.pdf,2026-09-11T13:38:09
2,chromatin_vs_heme,BRD4,ALAD,CESC_Tumor,spearman,success,./gepia_pdfs/ph2__chromatin_vs_heme__BRD4_vs_ALAD__CESC_Tumor__spearman.pdf,2026-09-11T13:38:10
3,heme_consecutive_HNSC_tumor,UROD,CPOX,HNSC_Tumor,spearman,success,./gepia_pdfs/ph3__heme_consecutive_HNSC_tumor__UROD_vs_CPOX__HNSC_Tumor__spearman.pdf,2026-09-11T13:38:11
2,chromatin_vs_heme,BRD4,HMBS,CESC_Tumor,spearman,success,./gepia_pdfs/ph2__chromatin_vs_heme__BRD4_vs_HMBS__CESC_Tumor__spearman.pdf,2026-09-11T13:38:13
3,heme_consecutive_HNSC_tumor,CPOX,PPOX,HNSC_Tumor,spearman,success,./gepia_pdfs/ph3__heme_consecutive_HNSC_tumor__CPOX_vs_PPOX__HNSC_Tumor__spearman.pdf,2026-09-11T13:38:16
2,chromatin_vs_heme,BRD4,UROS,CESC_Tumor,spearman,success,./gepia_pdfs/ph2__chromatin_vs_heme__BRD4_vs_UROS__CESC_Tumor__spearman.pdf,2026-09-11T13:38:17
2,chromatin_vs_heme,BRD4,UROD,CESC_Tumor,spearman,success,./gepia_pdfs/ph2__chromatin_vs_heme__BRD4_vs_UROD__CESC_Tumor__spearman.pdf,2026-09-11T13:38:21
3,heme_consecutive_HNSC_tumor,PPOX,FECH,HNSC_Tumor,spearman,success,./gepia_pdfs/ph3__heme_consecutive_HNSC_tumor__PPOX_vs_FECH__HNSC_Tumor__spearman.pdf,2026-09-11T13:38:21
2,chromatin_vs_heme,BRD4,CPOX,CESC_Tumor,spearman,success,./gepia_pdfs/ph2__chromatin_vs_heme__BRD4_vs_CPOX__CESC_Tumor__spearman.pdf,2026-09-11T13:38:25
3,heme_nonconsecutive_HNSC_tumor,HMBS,FECH,HNSC_Tumor,spearman,success,./gepia_pdfs/ph3__heme_nonconsecutive_HNSC_tumor__HMBS_vs_FECH__HNSC_Tumor__spearman.pdf,2026-09-11T13:38:25
2,chromatin_vs_heme,BRD4,PPOX,CESC_Tumor,spearman,success,./gepia_pdfs/ph2__chromatin_vs_heme__BRD4_vs_PPOX__CESC_Tumor__spearman.pdf,2026-09-11T13:38:28
3,heme_nonconsecutive_HNSC_tumor,ALAS1,FECH,HNSC_Tumor,spearman,success,./gepia_pdfs/ph3__heme_nonconsecutive_HNSC_tumor__ALAS1_vs_FECH__HNSC_Tumor__spearman.pdf,2026-09-11T13:38:30
3,heme_nonconsecutive_HNSC_tumor,HMBS,PPOX,HNSC_Tumor,spearman,success,./gepia_pdfs/ph3__heme_nonconsecutive_HNSC_tumor__HMBS_vs_PPOX__HNSC_Tumor__spearman.pdf,2026-09-11T13:38:32
2,chromatin_vs_heme,BRD4,FECH,CESC_Tumor,spearman,success,./gepia_pdfs/ph2__chromatin_vs_heme__BRD4_vs_FECH__CESC_Tumor__spearman.pdf,2026-09-11T13:38:33
3,chromatin_vs_heme_HNSC_tumor,H2AFZ,ALAS1,HNSC_Tumor,spearman,success,./gepia_pdfs/ph3__chromatin_vs_heme_HNSC_tumor__H2AFZ_vs_ALAS1__HNSC_Tumor__spearman.pdf,2026-09-11T13:38:36
2,chromatin_vs_heme,BRD2,ALAS1,CESC_Tumor,spearman,success,./gepia_pdfs/ph2__chromatin_vs_heme__BRD2_vs_ALAS1__CESC_Tumor__spearman.pdf,2026-09-11T13:38:36
3,chromatin_vs_heme_HNSC_tumor,H2AFZ,ALAD,HNSC_Tumor,spearman,success,./gepia_pdfs/ph3__chromatin_vs_heme_HNSC_tumor__H2AFZ_vs_ALAD__HNSC_Tumor__spearman.pdf,2026-09-11T13:38:38
2,chromatin_vs_heme,BRD2,ALAD,CESC_Tumor,spearman,success,./gepia_pdfs/ph2__chromatin_vs_heme__BRD2_vs_ALAD__CESC_Tumor__spearman.pdf,2026-09-11T13:38:41
3,chromatin_vs_heme_HNSC_tumor,H2AFZ,HMBS,HNSC_Tumor,spearman,success,./gepia_pdfs/ph3__chromatin_vs_heme_HNSC_tumor__H2AFZ_vs_HMBS__HNSC_Tumor__spearman.pdf,2026-09-11T13:38:43
2,chromatin_vs_heme,BRD2,HMBS,CESC_Tumor,spearman,success,./gepia_pdfs/ph2__chromatin_vs_heme__BRD2_vs_HMBS__CESC_Tumor__spearman.pdf,2026-09-11T13:38:44
3,chromatin_vs_heme_HNSC_tumor,H2AFZ,UROS,HNSC_Tumor,spearman,success,./gepia_pdfs/ph3__chromatin_vs_heme_HNSC_tumor__H2AFZ_vs_UROS__HNSC_Tumor__spearman.pdf,2026-09-11T13:38:47
2,chromatin_vs_heme,BRD2,UROS,CESC_Tumor,spearman,success,./gepia_pdfs/ph2__chromatin_vs_heme__BRD2_vs_UROS__CESC_Tumor__spearman.pdf,2026-09-11T13:38:48
3,chromatin_vs_heme_HNSC_tumor,H2AFZ,UROD,HNSC_Tumor,spearman,success,./gepia_pdfs/ph3__chromatin_vs_heme_HNSC_tumor__H2AFZ_vs_UROD__HNSC_Tumor__spearman.pdf,2026-09-11T13:38:50
2,chromatin_vs_heme,BRD2,UROD,CESC_Tumor,spearman,success,./gepia_pdfs/ph2__chromatin_vs_heme__BRD2_vs_UROD__CESC_Tumor__spearman.pdf,2026-09-11T13:38:51
2,chromatin_vs_heme,BRD2,CPOX,CESC_Tumor,spearman,success,./gepia_pdfs/ph2__chromatin_vs_heme__BRD2_vs_CPOX__CESC_Tumor__spearman.pdf,2026-09-11T13:38:53
3,chromatin_vs_heme_HNSC_tumor,H2AFZ,CPOX,HNSC_Tumor,spearman,success,./gepia_pdfs/ph3__chromatin_vs_heme_HNSC_tumor__H2AFZ_vs_CPOX__HNSC_Tumor__spearman.pdf,2026-09-11T13:38:55
3,chromatin_vs_heme_HNSC_tumor,H2AFZ,PPOX,HNSC_Tumor,spearman,success,./gepia_pdfs/ph3__chromatin_vs_heme_HNSC_tumor__H2AFZ_vs_PPOX__HNSC_Tumor__spearman.pdf,2026-09-11T13:38:58
2,chromatin_vs_heme,BRD2,PPOX,CESC_Tumor,spearman,success,./gepia_pdfs/ph2__chromatin_vs_heme__BRD2_vs_PPOX__CESC_Tumor__spearman.pdf,2026-09-11T13:38:58
2,chromatin_vs_heme,BRD2,FECH,CESC_Tumor,spearman,success,./gepia_pdfs/ph2__chromatin_vs_heme__BRD2_vs_FECH__CESC_Tumor__spearman.pdf,2026-09-11T13:39:01
3,chromatin_vs_heme_HNSC_tumor,H2AFZ,FECH,HNSC_Tumor,spearman,success,./gepia_pdfs/ph3__chromatin_vs_heme_HNSC_tumor__H2AFZ_vs_FECH__HNSC_Tumor__spearman.pdf,2026-09-11T13:39:03
2,positive_control,E2F1,CCNE1,CESC_Tumor,spearman,success,./gepia_pdfs/ph2__positive_control__E2F1_vs_CCNE1__CESC_Tumor__spearman.pdf,2026-09-11T13:39:04
2,positive_control,CDK2,CCNE1,CESC_Tumor,spearman,success,./gepia_pdfs/ph2__positive_control__CDK2_vs_CCNE1__CESC_Tumor__spearman.pdf,2026-09-11T13:39:07
3,chromatin_vs_heme_HNSC_tumor,ATAD2,ALAS1,HNSC_Tumor,spearman,success,./gepia_pdfs/ph3__chromatin_vs_heme_HNSC_tumor__ATAD2_vs_ALAS1__HNSC_Tumor__spearman.pdf,2026-09-11T13:39:08
2,heme_consecutive,ALAS1,ALAD,CHOL_Tumor,spearman,success,./gepia_pdfs/ph2__heme_consecutive__ALAS1_vs_ALAD__CHOL_Tumor__spearman.pdf,2026-09-11T13:39:10
3,chromatin_vs_heme_HNSC_tumor,ATAD2,ALAD,HNSC_Tumor,spearman,success,./gepia_pdfs/ph3__chromatin_vs_heme_HNSC_tumor__ATAD2_vs_ALAD__HNSC_Tumor__spearman.pdf,2026-09-11T13:39:12
2,heme_consecutive,ALAD,HMBS,CHOL_Tumor,spearman,success,./gepia_pdfs/ph2__heme_consecutive__ALAD_vs_HMBS__CHOL_Tumor__spearman.pdf,2026-09-11T13:39:15
3,chromatin_vs_heme_HNSC_tumor,ATAD2,HMBS,HNSC_Tumor,spearman,success,./gepia_pdfs/ph3__chromatin_vs_heme_HNSC_tumor__ATAD2_vs_HMBS__HNSC_Tumor__spearman.pdf,2026-09-11T13:39:18
2,heme_consecutive,HMBS,UROS,CHOL_Tumor,spearman,success,./gepia_pdfs/ph2__heme_consecutive__HMBS_vs_UROS__CHOL_Tumor__spearman.pdf,2026-09-11T13:39:19
3,chromatin_vs_heme_HNSC_tumor,ATAD2,UROS,HNSC_Tumor,spearman,success,./gepia_pdfs/ph3__chromatin_vs_heme_HNSC_tumor__ATAD2_vs_UROS__HNSC_Tumor__spearman.pdf,2026-09-11T13:39:20
2,heme_consecutive,UROS,UROD,CHOL_Tumor,spearman,success,./gepia_pdfs/ph2__heme_consecutive__UROS_vs_UROD__CHOL_Tumor__spearman.pdf,2026-09-11T13:39:23
3,chromatin_vs_heme_HNSC_tumor,ATAD2,UROD,HNSC_Tumor,spearman,success,./gepia_pdfs/ph3__chromatin_vs_heme_HNSC_tumor__ATAD2_vs_UROD__HNSC_Tumor__spearman.pdf,2026-09-11T13:39:23
2,heme_consecutive,UROD,CPOX,CHOL_Tumor,spearman,success,./gepia_pdfs/ph2__heme_consecutive__UROD_vs_CPOX__CHOL_Tumor__spearman.pdf,2026-09-11T13:39:27
3,chromatin_vs_heme_HNSC_tumor,ATAD2,CPOX,HNSC_Tumor,spearman,success,./gepia_pdfs/ph3__chromatin_vs_heme_HNSC_tumor__ATAD2_vs_CPOX__HNSC_Tumor__spearman.pdf,2026-09-11T13:39:28
2,heme_consecutive,CPOX,PPOX,CHOL_Tumor,spearman,success,./gepia_pdfs/ph2__heme_consecutive__CPOX_vs_PPOX__CHOL_Tumor__spearman.pdf,2026-09-11T13:39:32
3,chromatin_vs_heme_HNSC_tumor,ATAD2,PPOX,HNSC_Tumor,spearman,success,./gepia_pdfs/ph3__chromatin_vs_heme_HNSC_tumor__ATAD2_vs_PPOX__HNSC_Tumor__spearman.pdf,2026-09-11T13:39:32
2,heme_consecutive,PPOX,FECH,CHOL_Tumor,spearman,success,./gepia_pdfs/ph2__heme_consecutive__PPOX_vs_FECH__CHOL_Tumor__spearman.pdf,2026-09-11T13:39:35
3,chromatin_vs_heme_HNSC_tumor,ATAD2,FECH,HNSC_Tumor,spearman,success,./gepia_pdfs/ph3__chromatin_vs_heme_HNSC_tumor__ATAD2_vs_FECH__HNSC_Tumor__spearman.pdf,2026-09-11T13:39:36
2,heme_nonconsecutive,HMBS,FECH,CHOL_Tumor,spearman,success,./gepia_pdfs/ph2__heme_nonconsecutive__HMBS_vs_FECH__CHOL_Tumor__spearman.pdf,2026-09-11T13:39:38
3,chromatin_vs_heme_HNSC_tumor,BRD4,ALAS1,HNSC_Tumor,spearman,success,./gepia_pdfs/ph3__chromatin_vs_heme_HNSC_tumor__BRD4_vs_ALAS1__HNSC_Tumor__spearman.pdf,2026-09-11T13:39:41
2,heme_nonconsecutive,ALAS1,FECH,CHOL_Tumor,spearman,success,./gepia_pdfs/ph2__heme_nonconsecutive__ALAS1_vs_FECH__CHOL_Tumor__spearman.pdf,2026-09-11T13:39:41
3,chromatin_vs_heme_HNSC_tumor,BRD4,ALAD,HNSC_Tumor,spearman,success,./gepia_pdfs/ph3__chromatin_vs_heme_HNSC_tumor__BRD4_vs_ALAD__HNSC_Tumor__spearman.pdf,2026-09-11T13:39:44
2,heme_nonconsecutive,HMBS,PPOX,CHOL_Tumor,spearman,success,./gepia_pdfs/ph2__heme_nonconsecutive__HMBS_vs_PPOX__CHOL_Tumor__spearman.pdf,2026-09-11T13:39:47
3,chromatin_vs_heme_HNSC_tumor,BRD4,HMBS,HNSC_Tumor,spearman,success,./gepia_pdfs/ph3__chromatin_vs_heme_HNSC_tumor__BRD4_vs_HMBS__HNSC_Tumor__spearman.pdf,2026-09-11T13:39:48
2,chromatin_vs_heme,H2AFZ,ALAS1,CHOL_Tumor,spearman,success,./gepia_pdfs/ph2__chromatin_vs_heme__H2AFZ_vs_ALAS1__CHOL_Tumor__spearman.pdf,2026-09-11T13:39:50
3,chromatin_vs_heme_HNSC_tumor,BRD4,UROS,HNSC_Tumor,spearman,success,./gepia_pdfs/ph3__chromatin_vs_heme_HNSC_tumor__BRD4_vs_UROS__HNSC_Tumor__spearman.pdf,2026-09-11T13:39:51
2,chromatin_vs_heme,H2AFZ,ALAD,CHOL_Tumor,spearman,success,./gepia_pdfs/ph2__chromatin_vs_heme__H2AFZ_vs_ALAD__CHOL_Tumor__spearman.pdf,2026-09-11T13:39:53
3,chromatin_vs_heme_HNSC_tumor,BRD4,UROD,HNSC_Tumor,spearman,success,./gepia_pdfs/ph3__chromatin_vs_heme_HNSC_tumor__BRD4_vs_UROD__HNSC_Tumor__spearman.pdf,2026-09-11T13:39:57
2,chromatin_vs_heme,H2AFZ,HMBS,CHOL_Tumor,spearman,success,./gepia_pdfs/ph2__chromatin_vs_heme__H2AFZ_vs_HMBS__CHOL_Tumor__spearman.pdf,2026-09-11T13:39:57
3,chromatin_vs_heme_HNSC_tumor,BRD4,CPOX,HNSC_Tumor,spearman,success,./gepia_pdfs/ph3__chromatin_vs_heme_HNSC_tumor__BRD4_vs_CPOX__HNSC_Tumor__spearman.pdf,2026-09-11T13:39:59
2,chromatin_vs_heme,H2AFZ,UROS,CHOL_Tumor,spearman,success,./gepia_pdfs/ph2__chromatin_vs_heme__H2AFZ_vs_UROS__CHOL_Tumor__spearman.pdf,2026-09-11T13:40:01
3,chromatin_vs_heme_HNSC_tumor,BRD4,PPOX,HNSC_Tumor,spearman,success,./gepia_pdfs/ph3__chromatin_vs_heme_HNSC_tumor__BRD4_vs_PPOX__HNSC_Tumor__spearman.pdf,2026-09-11T13:40:02
2,chromatin_vs_heme,H2AFZ,UROD,CHOL_Tumor,spearman,success,./gepia_pdfs/ph2__chromatin_vs_heme__H2AFZ_vs_UROD__CHOL_Tumor__spearman.pdf,2026-09-11T13:40:04
3,chromatin_vs_heme_HNSC_tumor,BRD4,FECH,HNSC_Tumor,spearman,success,./gepia_pdfs/ph3__chromatin_vs_heme_HNSC_tumor__BRD4_vs_FECH__HNSC_Tumor__spearman.pdf,2026-09-11T13:40:04
2,chromatin_vs_heme,H2AFZ,CPOX,CHOL_Tumor,spearman,success,./gepia_pdfs/ph2__chromatin_vs_heme__H2AFZ_vs_CPOX__CHOL_Tumor__spearman.pdf,2026-09-11T13:40:07
3,chromatin_vs_heme_HNSC_tumor,BRD2,ALAS1,HNSC_Tumor,spearman,success,./gepia_pdfs/ph3__chromatin_vs_heme_HNSC_tumor__BRD2_vs_ALAS1__HNSC_Tumor__spearman.pdf,2026-09-11T13:40:07
3,chromatin_vs_heme_HNSC_tumor,BRD2,ALAD,HNSC_Tumor,spearman,success,./gepia_pdfs/ph3__chromatin_vs_heme_HNSC_tumor__BRD2_vs_ALAD__HNSC_Tumor__spearman.pdf,2026-09-11T13:40:10
2,chromatin_vs_heme,H2AFZ,PPOX,CHOL_Tumor,spearman,success,./gepia_pdfs/ph2__chromatin_vs_heme__H2AFZ_vs_PPOX__CHOL_Tumor__spearman.pdf,2026-09-11T13:40:10
3,chromatin_vs_heme_HNSC_tumor,BRD2,HMBS,HNSC_Tumor,spearman,success,./gepia_pdfs/ph3__chromatin_vs_heme_HNSC_tumor__BRD2_vs_HMBS__HNSC_Tumor__spearman.pdf,2026-09-11T13:40:13
2,chromatin_vs_heme,H2AFZ,FECH,CHOL_Tumor,spearman,success,./gepia_pdfs/ph2__chromatin_vs_heme__H2AFZ_vs_FECH__CHOL_Tumor__spearman.pdf,2026-09-11T13:40:15
3,chromatin_vs_heme_HNSC_tumor,BRD2,UROS,HNSC_Tumor,spearman,success,./gepia_pdfs/ph3__chromatin_vs_heme_HNSC_tumor__BRD2_vs_UROS__HNSC_Tumor__spearman.pdf,2026-09-11T13:40:18
2,chromatin_vs_heme,ATAD2,ALAS1,CHOL_Tumor,spearman,success,./gepia_pdfs/ph2__chromatin_vs_heme__ATAD2_vs_ALAS1__CHOL_Tumor__spearman.pdf,2026-09-11T13:40:19
3,chromatin_vs_heme_HNSC_tumor,BRD2,UROD,HNSC_Tumor,spearman,success,./gepia_pdfs/ph3__chromatin_vs_heme_HNSC_tumor__BRD2_vs_UROD__HNSC_Tumor__spearman.pdf,2026-09-11T13:40:22
2,chromatin_vs_heme,ATAD2,ALAD,CHOL_Tumor,spearman,success,./gepia_pdfs/ph2__chromatin_vs_heme__ATAD2_vs_ALAD__CHOL_Tumor__spearman.pdf,2026-09-11T13:40:24
3,chromatin_vs_heme_HNSC_tumor,BRD2,CPOX,HNSC_Tumor,spearman,success,./gepia_pdfs/ph3__chromatin_vs_heme_HNSC_tumor__BRD2_vs_CPOX__HNSC_Tumor__spearman.pdf,2026-09-11T13:40:26
2,chromatin_vs_heme,ATAD2,HMBS,CHOL_Tumor,spearman,success,./gepia_pdfs/ph2__chromatin_vs_heme__ATAD2_vs_HMBS__CHOL_Tumor__spearman.pdf,2026-09-11T13:40:29
3,chromatin_vs_heme_HNSC_tumor,BRD2,PPOX,HNSC_Tumor,spearman,success,./gepia_pdfs/ph3__chromatin_vs_heme_HNSC_tumor__BRD2_vs_PPOX__HNSC_Tumor__spearman.pdf,2026-09-11T13:40:29
2,chromatin_vs_heme,ATAD2,UROS,CHOL_Tumor,spearman,success,./gepia_pdfs/ph2__chromatin_vs_heme__ATAD2_vs_UROS__CHOL_Tumor__spearman.pdf,2026-09-11T13:40:31
3,chromatin_vs_heme_HNSC_tumor,BRD2,FECH,HNSC_Tumor,spearman,success,./gepia_pdfs/ph3__chromatin_vs_heme_HNSC_tumor__BRD2_vs_FECH__HNSC_Tumor__spearman.pdf,2026-09-11T13:40:34
2,chromatin_vs_heme,ATAD2,UROD,CHOL_Tumor,spearman,success,./gepia_pdfs/ph2__chromatin_vs_heme__ATAD2_vs_UROD__CHOL_Tumor__spearman.pdf,2026-09-11T13:40:36
2,chromatin_vs_heme,ATAD2,CPOX,CHOL_Tumor,spearman,success,./gepia_pdfs/ph2__chromatin_vs_heme__ATAD2_vs_CPOX__CHOL_Tumor__spearman.pdf,2026-09-11T13:40:38
2,chromatin_vs_heme,ATAD2,PPOX,CHOL_Tumor,spearman,success,./gepia_pdfs/ph2__chromatin_vs_heme__ATAD2_vs_PPOX__CHOL_Tumor__spearman.pdf,2026-09-11T13:40:40
2,chromatin_vs_heme,ATAD2,FECH,CHOL_Tumor,spearman,success,./gepia_pdfs/ph2__chromatin_vs_heme__ATAD2_vs_FECH__CHOL_Tumor__spearman.pdf,2026-09-11T13:40:44
2,chromatin_vs_heme,BRD4,ALAS1,CHOL_Tumor,spearman,success,./gepia_pdfs/ph2__chromatin_vs_heme__BRD4_vs_ALAS1__CHOL_Tumor__spearman.pdf,2026-09-11T13:40:48
2,chromatin_vs_heme,BRD4,ALAD,CHOL_Tumor,spearman,success,./gepia_pdfs/ph2__chromatin_vs_heme__BRD4_vs_ALAD__CHOL_Tumor__spearman.pdf,2026-09-11T13:40:53
2,chromatin_vs_heme,BRD4,HMBS,CHOL_Tumor,spearman,success,./gepia_pdfs/ph2__chromatin_vs_heme__BRD4_vs_HMBS__CHOL_Tumor__spearman.pdf,2026-09-11T13:40:58
2,chromatin_vs_heme,BRD4,UROS,CHOL_Tumor,spearman,success,./gepia_pdfs/ph2__chromatin_vs_heme__BRD4_vs_UROS__CHOL_Tumor__spearman.pdf,2026-09-11T13:41:01
2,chromatin_vs_heme,BRD4,UROD,CHOL_Tumor,spearman,success,./gepia_pdfs/ph2__chromatin_vs_heme__BRD4_vs_UROD__CHOL_Tumor__spearman.pdf,2026-09-11T13:41:06
2,chromatin_vs_heme,BRD4,CPOX,CHOL_Tumor,spearman,success,./gepia_pdfs/ph2__chromatin_vs_heme__BRD4_vs_CPOX__CHOL_Tumor__spearman.pdf,2026-09-11T13:41:10
2,chromatin_vs_heme,BRD4,PPOX,CHOL_Tumor,spearman,success,./gepia_pdfs/ph2__chromatin_vs_heme__BRD4_vs_PPOX__CHOL_Tumor__spearman.pdf,2026-09-11T13:41:14
2,chromatin_vs_heme,BRD4,FECH,CHOL_Tumor,spearman,success,./gepia_pdfs/ph2__chromatin_vs_heme__BRD4_vs_FECH__CHOL_Tumor__spearman.pdf,2026-09-11T13:41:19
2,chromatin_vs_heme,BRD2,ALAS1,CHOL_Tumor,spearman,success,./gepia_pdfs/ph2__chromatin_vs_heme__BRD2_vs_ALAS1__CHOL_Tumor__spearman.pdf,2026-09-11T13:41:24
2,chromatin_vs_heme,BRD2,ALAD,CHOL_Tumor,spearman,success,./gepia_pdfs/ph2__chromatin_vs_heme__BRD2_vs_ALAD__CHOL_Tumor__spearman.pdf,2026-09-11T13:41:27
2,chromatin_vs_heme,BRD2,HMBS,CHOL_Tumor,spearman,success,./gepia_pdfs/ph2__chromatin_vs_heme__BRD2_vs_HMBS__CHOL_Tumor__spearman.pdf,2026-09-11T13:41:30
2,chromatin_vs_heme,BRD2,UROS,CHOL_Tumor,spearman,success,./gepia_pdfs/ph2__chromatin_vs_heme__BRD2_vs_UROS__CHOL_Tumor__spearman.pdf,2026-09-11T13:41:35
2,chromatin_vs_heme,BRD2,UROD,CHOL_Tumor,spearman,success,./gepia_pdfs/ph2__chromatin_vs_heme__BRD2_vs_UROD__CHOL_Tumor__spearman.pdf,2026-09-11T13:41:39
2,chromatin_vs_heme,BRD2,CPOX,CHOL_Tumor,spearman,success,./gepia_pdfs/ph2__chromatin_vs_heme__BRD2_vs_CPOX__CHOL_Tumor__spearman.pdf,2026-09-11T13:41:41
2,chromatin_vs_heme,BRD2,PPOX,CHOL_Tumor,spearman,success,./gepia_pdfs/ph2__chromatin_vs_heme__BRD2_vs_PPOX__CHOL_Tumor__spearman.pdf,2026-09-11T13:41:44
2,chromatin_vs_heme,BRD2,FECH,CHOL_Tumor,spearman,success,./gepia_pdfs/ph2__chromatin_vs_heme__BRD2_vs_FECH__CHOL_Tumor__spearman.pdf,2026-09-11T13:41:46
2,positive_control,E2F1,CCNE1,CHOL_Tumor,spearman,success,./gepia_pdfs/ph2__positive_control__E2F1_vs_CCNE1__CHOL_Tumor__spearman.pdf,2026-09-11T13:41:48
2,positive_control,CDK2,CCNE1,CHOL_Tumor,spearman,success,./gepia_pdfs/ph2__positive_control__CDK2_vs_CCNE1__CHOL_Tumor__spearman.pdf,2026-09-11T13:41:52
2,heme_consecutive,ALAS1,ALAD,COAD_Tumor,spearman,success,./gepia_pdfs/ph2__heme_consecutive__ALAS1_vs_ALAD__COAD_Tumor__spearman.pdf,2026-09-11T13:41:56
2,heme_consecutive,ALAD,HMBS,COAD_Tumor,spearman,success,./gepia_pdfs/ph2__heme_consecutive__ALAD_vs_HMBS__COAD_Tumor__spearman.pdf,2026-09-11T13:42:01
2,heme_consecutive,HMBS,UROS,COAD_Tumor,spearman,success,./gepia_pdfs/ph2__heme_consecutive__HMBS_vs_UROS__COAD_Tumor__spearman.pdf,2026-09-11T13:42:05
2,heme_consecutive,UROS,UROD,COAD_Tumor,spearman,success,./gepia_pdfs/ph2__heme_consecutive__UROS_vs_UROD__COAD_Tumor__spearman.pdf,2026-09-11T13:42:08
2,heme_consecutive,UROD,CPOX,COAD_Tumor,spearman,success,./gepia_pdfs/ph2__heme_consecutive__UROD_vs_CPOX__COAD_Tumor__spearman.pdf,2026-09-11T13:42:10
2,heme_consecutive,CPOX,PPOX,COAD_Tumor,spearman,success,./gepia_pdfs/ph2__heme_consecutive__CPOX_vs_PPOX__COAD_Tumor__spearman.pdf,2026-09-11T13:42:13
2,heme_consecutive,PPOX,FECH,COAD_Tumor,spearman,success,./gepia_pdfs/ph2__heme_consecutive__PPOX_vs_FECH__COAD_Tumor__spearman.pdf,2026-09-11T13:42:15
2,heme_nonconsecutive,HMBS,FECH,COAD_Tumor,spearman,success,./gepia_pdfs/ph2__heme_nonconsecutive__HMBS_vs_FECH__COAD_Tumor__spearman.pdf,2026-09-11T13:42:17
2,heme_nonconsecutive,ALAS1,FECH,COAD_Tumor,spearman,success,./gepia_pdfs/ph2__heme_nonconsecutive__ALAS1_vs_FECH__COAD_Tumor__spearman.pdf,2026-09-11T13:42:22
2,heme_nonconsecutive,HMBS,PPOX,COAD_Tumor,spearman,success,./gepia_pdfs/ph2__heme_nonconsecutive__HMBS_vs_PPOX__COAD_Tumor__spearman.pdf,2026-09-11T13:42:26
2,chromatin_vs_heme,H2AFZ,ALAS1,COAD_Tumor,spearman,success,./gepia_pdfs/ph2__chromatin_vs_heme__H2AFZ_vs_ALAS1__COAD_Tumor__spearman.pdf,2026-09-11T13:42:31
2,chromatin_vs_heme,H2AFZ,ALAD,COAD_Tumor,spearman,success,./gepia_pdfs/ph2__chromatin_vs_heme__H2AFZ_vs_ALAD__COAD_Tumor__spearman.pdf,2026-09-11T13:42:34
2,chromatin_vs_heme,H2AFZ,HMBS,COAD_Tumor,spearman,success,./gepia_pdfs/ph2__chromatin_vs_heme__H2AFZ_vs_HMBS__COAD_Tumor__spearman.pdf,2026-09-11T13:42:38
2,chromatin_vs_heme,H2AFZ,UROS,COAD_Tumor,spearman,success,./gepia_pdfs/ph2__chromatin_vs_heme__H2AFZ_vs_UROS__COAD_Tumor__spearman.pdf,2026-09-11T13:42:42
2,chromatin_vs_heme,H2AFZ,UROD,COAD_Tumor,spearman,success,./gepia_pdfs/ph2__chromatin_vs_heme__H2AFZ_vs_UROD__COAD_Tumor__spearman.pdf,2026-09-11T13:42:46
2,chromatin_vs_heme,H2AFZ,CPOX,COAD_Tumor,spearman,success,./gepia_pdfs/ph2__chromatin_vs_heme__H2AFZ_vs_CPOX__COAD_Tumor__spearman.pdf,2026-09-11T13:42:50
2,chromatin_vs_heme,H2AFZ,PPOX,COAD_Tumor,spearman,success,./gepia_pdfs/ph2__chromatin_vs_heme__H2AFZ_vs_PPOX__COAD_Tumor__spearman.pdf,2026-09-11T13:42:54
2,chromatin_vs_heme,H2AFZ,FECH,COAD_Tumor,spearman,success,./gepia_pdfs/ph2__chromatin_vs_heme__H2AFZ_vs_FECH__COAD_Tumor__spearman.pdf,2026-09-11T13:42:59
2,chromatin_vs_heme,ATAD2,ALAS1,COAD_Tumor,spearman,success,./gepia_pdfs/ph2__chromatin_vs_heme__ATAD2_vs_ALAS1__COAD_Tumor__spearman.pdf,2026-09-11T13:43:02
2,chromatin_vs_heme,ATAD2,ALAD,COAD_Tumor,spearman,success,./gepia_pdfs/ph2__chromatin_vs_heme__ATAD2_vs_ALAD__COAD_Tumor__spearman.pdf,2026-09-11T13:43:05
2,chromatin_vs_heme,ATAD2,HMBS,COAD_Tumor,spearman,success,./gepia_pdfs/ph2__chromatin_vs_heme__ATAD2_vs_HMBS__COAD_Tumor__spearman.pdf,2026-09-11T13:43:10
2,chromatin_vs_heme,ATAD2,UROS,COAD_Tumor,spearman,success,./gepia_pdfs/ph2__chromatin_vs_heme__ATAD2_vs_UROS__COAD_Tumor__spearman.pdf,2026-09-11T13:43:14
2,chromatin_vs_heme,ATAD2,UROD,COAD_Tumor,spearman,success,./gepia_pdfs/ph2__chromatin_vs_heme__ATAD2_vs_UROD__COAD_Tumor__spearman.pdf,2026-09-11T13:43:17
2,chromatin_vs_heme,ATAD2,CPOX,COAD_Tumor,spearman,success,./gepia_pdfs/ph2__chromatin_vs_heme__ATAD2_vs_CPOX__COAD_Tumor__spearman.pdf,2026-09-11T13:43:20
2,chromatin_vs_heme,ATAD2,PPOX,COAD_Tumor,spearman,success,./gepia_pdfs/ph2__chromatin_vs_heme__ATAD2_vs_PPOX__COAD_Tumor__spearman.pdf,2026-09-11T13:43:24
2,chromatin_vs_heme,ATAD2,FECH,COAD_Tumor,spearman,success,./gepia_pdfs/ph2__chromatin_vs_heme__ATAD2_vs_FECH__COAD_Tumor__spearman.pdf,2026-09-11T13:43:28
2,chromatin_vs_heme,BRD4,ALAS1,COAD_Tumor,spearman,success,./gepia_pdfs/ph2__chromatin_vs_heme__BRD4_vs_ALAS1__COAD_Tumor__spearman.pdf,2026-09-11T13:43:31
2,chromatin_vs_heme,BRD4,ALAD,COAD_Tumor,spearman,success,./gepia_pdfs/ph2__chromatin_vs_heme__BRD4_vs_ALAD__COAD_Tumor__spearman.pdf,2026-09-11T13:43:36
2,chromatin_vs_heme,BRD4,HMBS,COAD_Tumor,spearman,success,./gepia_pdfs/ph2__chromatin_vs_heme__BRD4_vs_HMBS__COAD_Tumor__spearman.pdf,2026-09-11T13:43:41
2,chromatin_vs_heme,BRD4,UROS,COAD_Tumor,spearman,success,./gepia_pdfs/ph2__chromatin_vs_heme__BRD4_vs_UROS__COAD_Tumor__spearman.pdf,2026-09-11T13:43:46
2,chromatin_vs_heme,BRD4,UROD,COAD_Tumor,spearman,success,./gepia_pdfs/ph2__chromatin_vs_heme__BRD4_vs_UROD__COAD_Tumor__spearman.pdf,2026-09-11T13:43:51
2,chromatin_vs_heme,BRD4,CPOX,COAD_Tumor,spearman,success,./gepia_pdfs/ph2__chromatin_vs_heme__BRD4_vs_CPOX__COAD_Tumor__spearman.pdf,2026-09-11T13:43:55
2,chromatin_vs_heme,BRD4,PPOX,COAD_Tumor,spearman,success,./gepia_pdfs/ph2__chromatin_vs_heme__BRD4_vs_PPOX__COAD_Tumor__spearman.pdf,2026-09-11T13:43:59
2,chromatin_vs_heme,BRD4,FECH,COAD_Tumor,spearman,success,./gepia_pdfs/ph2__chromatin_vs_heme__BRD4_vs_FECH__COAD_Tumor__spearman.pdf,2026-09-11T13:44:04
2,chromatin_vs_heme,BRD2,ALAS1,COAD_Tumor,spearman,success,./gepia_pdfs/ph2__chromatin_vs_heme__BRD2_vs_ALAS1__COAD_Tumor__spearman.pdf,2026-09-11T13:44:07
2,chromatin_vs_heme,BRD2,ALAD,COAD_Tumor,spearman,success,./gepia_pdfs/ph2__chromatin_vs_heme__BRD2_vs_ALAD__COAD_Tumor__spearman.pdf,2026-09-11T13:44:10
2,chromatin_vs_heme,BRD2,HMBS,COAD_Tumor,spearman,success,./gepia_pdfs/ph2__chromatin_vs_heme__BRD2_vs_HMBS__COAD_Tumor__spearman.pdf,2026-09-11T13:44:14
2,chromatin_vs_heme,BRD2,UROS,COAD_Tumor,spearman,success,./gepia_pdfs/ph2__chromatin_vs_heme__BRD2_vs_UROS__COAD_Tumor__spearman.pdf,2026-09-11T13:44:17
2,chromatin_vs_heme,BRD2,UROD,COAD_Tumor,spearman,success,./gepia_pdfs/ph2__chromatin_vs_heme__BRD2_vs_UROD__COAD_Tumor__spearman.pdf,2026-09-11T13:44:22
2,chromatin_vs_heme,BRD2,CPOX,COAD_Tumor,spearman,success,./gepia_pdfs/ph2__chromatin_vs_heme__BRD2_vs_CPOX__COAD_Tumor__spearman.pdf,2026-09-11T13:44:24
2,chromatin_vs_heme,BRD2,PPOX,COAD_Tumor,spearman,success,./gepia_pdfs/ph2__chromatin_vs_heme__BRD2_vs_PPOX__COAD_Tumor__spearman.pdf,2026-09-11T13:44:28
2,chromatin_vs_heme,BRD2,FECH,COAD_Tumor,spearman,success,./gepia_pdfs/ph2__chromatin_vs_heme__BRD2_vs_FECH__COAD_Tumor__spearman.pdf,2026-09-11T13:44:33
2,positive_control,E2F1,CCNE1,COAD_Tumor,spearman,success,./gepia_pdfs/ph2__positive_control__E2F1_vs_CCNE1__COAD_Tumor__spearman.pdf,2026-09-11T13:44:37
2,positive_control,CDK2,CCNE1,COAD_Tumor,spearman,success,./gepia_pdfs/ph2__positive_control__CDK2_vs_CCNE1__COAD_Tumor__spearman.pdf,2026-09-11T13:44:42
2,heme_consecutive,ALAS1,ALAD,DLBC_Tumor,spearman,success,./gepia_pdfs/ph2__heme_consecutive__ALAS1_vs_ALAD__DLBC_Tumor__spearman.pdf,2026-09-11T13:44:47
2,heme_consecutive,ALAD,HMBS,DLBC_Tumor,spearman,success,./gepia_pdfs/ph2__heme_consecutive__ALAD_vs_HMBS__DLBC_Tumor__spearman.pdf,2026-09-11T13:44:51
2,heme_consecutive,HMBS,UROS,DLBC_Tumor,spearman,success,./gepia_pdfs/ph2__heme_consecutive__HMBS_vs_UROS__DLBC_Tumor__spearman.pdf,2026-09-11T13:44:53
2,heme_consecutive,UROS,UROD,DLBC_Tumor,spearman,success,./gepia_pdfs/ph2__heme_consecutive__UROS_vs_UROD__DLBC_Tumor__spearman.pdf,2026-09-11T13:44:58
2,heme_consecutive,UROD,CPOX,DLBC_Tumor,spearman,success,./gepia_pdfs/ph2__heme_consecutive__UROD_vs_CPOX__DLBC_Tumor__spearman.pdf,2026-09-11T13:45:02
2,heme_consecutive,CPOX,PPOX,DLBC_Tumor,spearman,success,./gepia_pdfs/ph2__heme_consecutive__CPOX_vs_PPOX__DLBC_Tumor__spearman.pdf,2026-09-11T13:45:05
2,heme_consecutive,PPOX,FECH,DLBC_Tumor,spearman,success,./gepia_pdfs/ph2__heme_consecutive__PPOX_vs_FECH__DLBC_Tumor__spearman.pdf,2026-09-11T13:45:10
2,heme_nonconsecutive,HMBS,FECH,DLBC_Tumor,spearman,success,./gepia_pdfs/ph2__heme_nonconsecutive__HMBS_vs_FECH__DLBC_Tumor__spearman.pdf,2026-09-11T13:45:14
2,heme_nonconsecutive,ALAS1,FECH,DLBC_Tumor,spearman,success,./gepia_pdfs/ph2__heme_nonconsecutive__ALAS1_vs_FECH__DLBC_Tumor__spearman.pdf,2026-09-11T13:45:17
2,heme_nonconsecutive,HMBS,PPOX,DLBC_Tumor,spearman,success,./gepia_pdfs/ph2__heme_nonconsecutive__HMBS_vs_PPOX__DLBC_Tumor__spearman.pdf,2026-09-11T13:45:22
2,chromatin_vs_heme,H2AFZ,ALAS1,DLBC_Tumor,spearman,success,./gepia_pdfs/ph2__chromatin_vs_heme__H2AFZ_vs_ALAS1__DLBC_Tumor__spearman.pdf,2026-09-11T13:45:24
2,chromatin_vs_heme,H2AFZ,ALAD,DLBC_Tumor,spearman,success,./gepia_pdfs/ph2__chromatin_vs_heme__H2AFZ_vs_ALAD__DLBC_Tumor__spearman.pdf,2026-09-11T13:45:28
2,chromatin_vs_heme,H2AFZ,HMBS,DLBC_Tumor,spearman,success,./gepia_pdfs/ph2__chromatin_vs_heme__H2AFZ_vs_HMBS__DLBC_Tumor__spearman.pdf,2026-09-11T13:45:31
2,chromatin_vs_heme,H2AFZ,UROS,DLBC_Tumor,spearman,success,./gepia_pdfs/ph2__chromatin_vs_heme__H2AFZ_vs_UROS__DLBC_Tumor__spearman.pdf,2026-09-11T13:45:36
2,chromatin_vs_heme,H2AFZ,UROD,DLBC_Tumor,spearman,success,./gepia_pdfs/ph2__chromatin_vs_heme__H2AFZ_vs_UROD__DLBC_Tumor__spearman.pdf,2026-09-11T13:45:41
2,chromatin_vs_heme,H2AFZ,CPOX,DLBC_Tumor,spearman,success,./gepia_pdfs/ph2__chromatin_vs_heme__H2AFZ_vs_CPOX__DLBC_Tumor__spearman.pdf,2026-09-11T13:45:45
2,chromatin_vs_heme,H2AFZ,PPOX,DLBC_Tumor,spearman,success,./gepia_pdfs/ph2__chromatin_vs_heme__H2AFZ_vs_PPOX__DLBC_Tumor__spearman.pdf,2026-09-11T13:45:50
2,chromatin_vs_heme,H2AFZ,FECH,DLBC_Tumor,spearman,success,./gepia_pdfs/ph2__chromatin_vs_heme__H2AFZ_vs_FECH__DLBC_Tumor__spearman.pdf,2026-09-11T13:45:54
2,chromatin_vs_heme,ATAD2,ALAS1,DLBC_Tumor,spearman,success,./gepia_pdfs/ph2__chromatin_vs_heme__ATAD2_vs_ALAS1__DLBC_Tumor__spearman.pdf,2026-09-11T13:45:59
2,chromatin_vs_heme,ATAD2,ALAD,DLBC_Tumor,spearman,success,./gepia_pdfs/ph2__chromatin_vs_heme__ATAD2_vs_ALAD__DLBC_Tumor__spearman.pdf,2026-09-11T13:46:02
2,chromatin_vs_heme,ATAD2,HMBS,DLBC_Tumor,spearman,success,./gepia_pdfs/ph2__chromatin_vs_heme__ATAD2_vs_HMBS__DLBC_Tumor__spearman.pdf,2026-09-11T13:46:08
2,chromatin_vs_heme,ATAD2,UROS,DLBC_Tumor,spearman,success,./gepia_pdfs/ph2__chromatin_vs_heme__ATAD2_vs_UROS__DLBC_Tumor__spearman.pdf,2026-09-11T13:46:12
2,chromatin_vs_heme,ATAD2,UROD,DLBC_Tumor,spearman,success,./gepia_pdfs/ph2__chromatin_vs_heme__ATAD2_vs_UROD__DLBC_Tumor__spearman.pdf,2026-09-11T13:46:15
2,chromatin_vs_heme,ATAD2,CPOX,DLBC_Tumor,spearman,success,./gepia_pdfs/ph2__chromatin_vs_heme__ATAD2_vs_CPOX__DLBC_Tumor__spearman.pdf,2026-09-11T13:46:18
2,chromatin_vs_heme,ATAD2,PPOX,DLBC_Tumor,spearman,success,./gepia_pdfs/ph2__chromatin_vs_heme__ATAD2_vs_PPOX__DLBC_Tumor__spearman.pdf,2026-09-11T13:46:21
2,chromatin_vs_heme,ATAD2,FECH,DLBC_Tumor,spearman,success,./gepia_pdfs/ph2__chromatin_vs_heme__ATAD2_vs_FECH__DLBC_Tumor__spearman.pdf,2026-09-11T13:46:24
2,chromatin_vs_heme,BRD4,ALAS1,DLBC_Tumor,spearman,success,./gepia_pdfs/ph2__chromatin_vs_heme__BRD4_vs_ALAS1__DLBC_Tumor__spearman.pdf,2026-09-11T13:46:27
2,chromatin_vs_heme,BRD4,ALAD,DLBC_Tumor,spearman,success,./gepia_pdfs/ph2__chromatin_vs_heme__BRD4_vs_ALAD__DLBC_Tumor__spearman.pdf,2026-09-11T13:46:30
2,chromatin_vs_heme,BRD4,HMBS,DLBC_Tumor,spearman,success,./gepia_pdfs/ph2__chromatin_vs_heme__BRD4_vs_HMBS__DLBC_Tumor__spearman.pdf,2026-09-11T13:46:35
2,chromatin_vs_heme,BRD4,UROS,DLBC_Tumor,spearman,success,./gepia_pdfs/ph2__chromatin_vs_heme__BRD4_vs_UROS__DLBC_Tumor__spearman.pdf,2026-09-11T13:46:37
2,chromatin_vs_heme,BRD4,UROD,DLBC_Tumor,spearman,success,./gepia_pdfs/ph2__chromatin_vs_heme__BRD4_vs_UROD__DLBC_Tumor__spearman.pdf,2026-09-11T13:46:42
2,chromatin_vs_heme,BRD4,CPOX,DLBC_Tumor,spearman,success,./gepia_pdfs/ph2__chromatin_vs_heme__BRD4_vs_CPOX__DLBC_Tumor__spearman.pdf,2026-09-11T13:46:47
2,chromatin_vs_heme,BRD4,PPOX,DLBC_Tumor,spearman,success,./gepia_pdfs/ph2__chromatin_vs_heme__BRD4_vs_PPOX__DLBC_Tumor__spearman.pdf,2026-09-11T13:46:51
2,chromatin_vs_heme,BRD4,FECH,DLBC_Tumor,spearman,success,./gepia_pdfs/ph2__chromatin_vs_heme__BRD4_vs_FECH__DLBC_Tumor__spearman.pdf,2026-09-11T13:46:54
2,chromatin_vs_heme,BRD2,ALAS1,DLBC_Tumor,spearman,success,./gepia_pdfs/ph2__chromatin_vs_heme__BRD2_vs_ALAS1__DLBC_Tumor__spearman.pdf,2026-09-11T13:46:58
2,chromatin_vs_heme,BRD2,ALAD,DLBC_Tumor,spearman,success,./gepia_pdfs/ph2__chromatin_vs_heme__BRD2_vs_ALAD__DLBC_Tumor__spearman.pdf,2026-09-11T13:47:01
2,chromatin_vs_heme,BRD2,HMBS,DLBC_Tumor,spearman,success,./gepia_pdfs/ph2__chromatin_vs_heme__BRD2_vs_HMBS__DLBC_Tumor__spearman.pdf,2026-09-11T13:47:06
2,chromatin_vs_heme,BRD2,UROS,DLBC_Tumor,spearman,success,./gepia_pdfs/ph2__chromatin_vs_heme__BRD2_vs_UROS__DLBC_Tumor__spearman.pdf,2026-09-11T13:47:10
2,chromatin_vs_heme,BRD2,UROD,DLBC_Tumor,spearman,success,./gepia_pdfs/ph2__chromatin_vs_heme__BRD2_vs_UROD__DLBC_Tumor__spearman.pdf,2026-09-11T13:47:13
2,chromatin_vs_heme,BRD2,CPOX,DLBC_Tumor,spearman,success,./gepia_pdfs/ph2__chromatin_vs_heme__BRD2_vs_CPOX__DLBC_Tumor__spearman.pdf,2026-09-11T13:47:17
2,chromatin_vs_heme,BRD2,PPOX,DLBC_Tumor,spearman,success,./gepia_pdfs/ph2__chromatin_vs_heme__BRD2_vs_PPOX__DLBC_Tumor__spearman.pdf,2026-09-11T13:47:19
2,chromatin_vs_heme,BRD2,FECH,DLBC_Tumor,spearman,success,./gepia_pdfs/ph2__chromatin_vs_heme__BRD2_vs_FECH__DLBC_Tumor__spearman.pdf,2026-09-11T13:47:22
2,positive_control,E2F1,CCNE1,DLBC_Tumor,spearman,success,./gepia_pdfs/ph2__positive_control__E2F1_vs_CCNE1__DLBC_Tumor__spearman.pdf,2026-09-11T13:47:25
2,positive_control,CDK2,CCNE1,DLBC_Tumor,spearman,success,./gepia_pdfs/ph2__positive_control__CDK2_vs_CCNE1__DLBC_Tumor__spearman.pdf,2026-09-11T13:47:30
2,heme_consecutive,ALAS1,ALAD,ESCA_Tumor,spearman,success,./gepia_pdfs/ph2__heme_consecutive__ALAS1_vs_ALAD__ESCA_Tumor__spearman.pdf,2026-09-11T13:47:33
2,heme_consecutive,ALAD,HMBS,ESCA_Tumor,spearman,success,./gepia_pdfs/ph2__heme_consecutive__ALAD_vs_HMBS__ESCA_Tumor__spearman.pdf,2026-09-11T13:47:38
2,heme_consecutive,HMBS,UROS,ESCA_Tumor,spearman,success,./gepia_pdfs/ph2__heme_consecutive__HMBS_vs_UROS__ESCA_Tumor__spearman.pdf,2026-09-11T13:47:40
2,heme_consecutive,UROS,UROD,ESCA_Tumor,spearman,success,./gepia_pdfs/ph2__heme_consecutive__UROS_vs_UROD__ESCA_Tumor__spearman.pdf,2026-09-11T13:47:43
2,heme_consecutive,UROD,CPOX,ESCA_Tumor,spearman,success,./gepia_pdfs/ph2__heme_consecutive__UROD_vs_CPOX__ESCA_Tumor__spearman.pdf,2026-09-11T13:47:46
2,heme_consecutive,CPOX,PPOX,ESCA_Tumor,spearman,success,./gepia_pdfs/ph2__heme_consecutive__CPOX_vs_PPOX__ESCA_Tumor__spearman.pdf,2026-09-11T13:47:49
2,heme_consecutive,PPOX,FECH,ESCA_Tumor,spearman,success,./gepia_pdfs/ph2__heme_consecutive__PPOX_vs_FECH__ESCA_Tumor__spearman.pdf,2026-09-11T13:47:52
2,heme_nonconsecutive,HMBS,FECH,ESCA_Tumor,spearman,success,./gepia_pdfs/ph2__heme_nonconsecutive__HMBS_vs_FECH__ESCA_Tumor__spearman.pdf,2026-09-11T13:47:55
2,heme_nonconsecutive,ALAS1,FECH,ESCA_Tumor,spearman,success,./gepia_pdfs/ph2__heme_nonconsecutive__ALAS1_vs_FECH__ESCA_Tumor__spearman.pdf,2026-09-11T13:47:58
2,heme_nonconsecutive,HMBS,PPOX,ESCA_Tumor,spearman,success,./gepia_pdfs/ph2__heme_nonconsecutive__HMBS_vs_PPOX__ESCA_Tumor__spearman.pdf,2026-09-11T13:48:01
2,chromatin_vs_heme,H2AFZ,ALAS1,ESCA_Tumor,spearman,success,./gepia_pdfs/ph2__chromatin_vs_heme__H2AFZ_vs_ALAS1__ESCA_Tumor__spearman.pdf,2026-09-11T13:48:03
2,chromatin_vs_heme,H2AFZ,ALAD,ESCA_Tumor,spearman,success,./gepia_pdfs/ph2__chromatin_vs_heme__H2AFZ_vs_ALAD__ESCA_Tumor__spearman.pdf,2026-09-11T13:48:07
2,chromatin_vs_heme,H2AFZ,HMBS,ESCA_Tumor,spearman,success,./gepia_pdfs/ph2__chromatin_vs_heme__H2AFZ_vs_HMBS__ESCA_Tumor__spearman.pdf,2026-09-11T13:48:10
2,chromatin_vs_heme,H2AFZ,UROS,ESCA_Tumor,spearman,success,./gepia_pdfs/ph2__chromatin_vs_heme__H2AFZ_vs_UROS__ESCA_Tumor__spearman.pdf,2026-09-11T13:48:13
2,chromatin_vs_heme,H2AFZ,UROD,ESCA_Tumor,spearman,success,./gepia_pdfs/ph2__chromatin_vs_heme__H2AFZ_vs_UROD__ESCA_Tumor__spearman.pdf,2026-09-11T13:48:16
2,chromatin_vs_heme,H2AFZ,CPOX,ESCA_Tumor,spearman,success,./gepia_pdfs/ph2__chromatin_vs_heme__H2AFZ_vs_CPOX__ESCA_Tumor__spearman.pdf,2026-09-11T13:48:18
2,chromatin_vs_heme,H2AFZ,PPOX,ESCA_Tumor,spearman,success,./gepia_pdfs/ph2__chromatin_vs_heme__H2AFZ_vs_PPOX__ESCA_Tumor__spearman.pdf,2026-09-11T13:48:22
2,chromatin_vs_heme,H2AFZ,FECH,ESCA_Tumor,spearman,success,./gepia_pdfs/ph2__chromatin_vs_heme__H2AFZ_vs_FECH__ESCA_Tumor__spearman.pdf,2026-09-11T13:48:25
2,chromatin_vs_heme,ATAD2,ALAS1,ESCA_Tumor,spearman,success,./gepia_pdfs/ph2__chromatin_vs_heme__ATAD2_vs_ALAS1__ESCA_Tumor__spearman.pdf,2026-09-11T13:48:28
2,chromatin_vs_heme,ATAD2,ALAD,ESCA_Tumor,spearman,success,./gepia_pdfs/ph2__chromatin_vs_heme__ATAD2_vs_ALAD__ESCA_Tumor__spearman.pdf,2026-09-11T13:48:32
2,chromatin_vs_heme,ATAD2,HMBS,ESCA_Tumor,spearman,success,./gepia_pdfs/ph2__chromatin_vs_heme__ATAD2_vs_HMBS__ESCA_Tumor__spearman.pdf,2026-09-11T13:48:34
2,chromatin_vs_heme,ATAD2,UROS,ESCA_Tumor,spearman,success,./gepia_pdfs/ph2__chromatin_vs_heme__ATAD2_vs_UROS__ESCA_Tumor__spearman.pdf,2026-09-11T13:48:37
2,chromatin_vs_heme,ATAD2,UROD,ESCA_Tumor,spearman,success,./gepia_pdfs/ph2__chromatin_vs_heme__ATAD2_vs_UROD__ESCA_Tumor__spearman.pdf,2026-09-11T13:48:40
2,chromatin_vs_heme,ATAD2,CPOX,ESCA_Tumor,spearman,success,./gepia_pdfs/ph2__chromatin_vs_heme__ATAD2_vs_CPOX__ESCA_Tumor__spearman.pdf,2026-09-11T13:48:45
2,chromatin_vs_heme,ATAD2,PPOX,ESCA_Tumor,spearman,success,./gepia_pdfs/ph2__chromatin_vs_heme__ATAD2_vs_PPOX__ESCA_Tumor__spearman.pdf,2026-09-11T13:48:47
2,chromatin_vs_heme,ATAD2,FECH,ESCA_Tumor,spearman,success,./gepia_pdfs/ph2__chromatin_vs_heme__ATAD2_vs_FECH__ESCA_Tumor__spearman.pdf,2026-09-11T13:48:50
2,chromatin_vs_heme,BRD4,ALAS1,ESCA_Tumor,spearman,success,./gepia_pdfs/ph2__chromatin_vs_heme__BRD4_vs_ALAS1__ESCA_Tumor__spearman.pdf,2026-09-11T13:48:55
2,chromatin_vs_heme,BRD4,ALAD,ESCA_Tumor,spearman,success,./gepia_pdfs/ph2__chromatin_vs_heme__BRD4_vs_ALAD__ESCA_Tumor__spearman.pdf,2026-09-11T13:48:59
2,chromatin_vs_heme,BRD4,HMBS,ESCA_Tumor,spearman,success,./gepia_pdfs/ph2__chromatin_vs_heme__BRD4_vs_HMBS__ESCA_Tumor__spearman.pdf,2026-09-11T13:49:04
2,chromatin_vs_heme,BRD4,UROS,ESCA_Tumor,spearman,success,./gepia_pdfs/ph2__chromatin_vs_heme__BRD4_vs_UROS__ESCA_Tumor__spearman.pdf,2026-09-11T13:49:08
2,chromatin_vs_heme,BRD4,UROD,ESCA_Tumor,spearman,success,./gepia_pdfs/ph2__chromatin_vs_heme__BRD4_vs_UROD__ESCA_Tumor__spearman.pdf,2026-09-11T13:49:11
2,chromatin_vs_heme,BRD4,CPOX,ESCA_Tumor,spearman,success,./gepia_pdfs/ph2__chromatin_vs_heme__BRD4_vs_CPOX__ESCA_Tumor__spearman.pdf,2026-09-11T13:49:15
2,chromatin_vs_heme,BRD4,PPOX,ESCA_Tumor,spearman,success,./gepia_pdfs/ph2__chromatin_vs_heme__BRD4_vs_PPOX__ESCA_Tumor__spearman.pdf,2026-09-11T13:49:20
2,chromatin_vs_heme,BRD4,FECH,ESCA_Tumor,spearman,success,./gepia_pdfs/ph2__chromatin_vs_heme__BRD4_vs_FECH__ESCA_Tumor__spearman.pdf,2026-09-11T13:49:25
2,chromatin_vs_heme,BRD2,ALAS1,ESCA_Tumor,spearman,success,./gepia_pdfs/ph2__chromatin_vs_heme__BRD2_vs_ALAS1__ESCA_Tumor__spearman.pdf,2026-09-11T13:49:28
2,chromatin_vs_heme,BRD2,ALAD,ESCA_Tumor,spearman,success,./gepia_pdfs/ph2__chromatin_vs_heme__BRD2_vs_ALAD__ESCA_Tumor__spearman.pdf,2026-09-11T13:49:31
2,chromatin_vs_heme,BRD2,HMBS,ESCA_Tumor,spearman,success,./gepia_pdfs/ph2__chromatin_vs_heme__BRD2_vs_HMBS__ESCA_Tumor__spearman.pdf,2026-09-11T13:49:34
2,chromatin_vs_heme,BRD2,UROS,ESCA_Tumor,spearman,success,./gepia_pdfs/ph2__chromatin_vs_heme__BRD2_vs_UROS__ESCA_Tumor__spearman.pdf,2026-09-11T13:49:38
2,chromatin_vs_heme,BRD2,UROD,ESCA_Tumor,spearman,success,./gepia_pdfs/ph2__chromatin_vs_heme__BRD2_vs_UROD__ESCA_Tumor__spearman.pdf,2026-09-11T13:49:43
2,chromatin_vs_heme,BRD2,CPOX,ESCA_Tumor,spearman,success,./gepia_pdfs/ph2__chromatin_vs_heme__BRD2_vs_CPOX__ESCA_Tumor__spearman.pdf,2026-09-11T13:49:46
2,chromatin_vs_heme,BRD2,PPOX,ESCA_Tumor,spearman,success,./gepia_pdfs/ph2__chromatin_vs_heme__BRD2_vs_PPOX__ESCA_Tumor__spearman.pdf,2026-09-11T13:49:51
2,chromatin_vs_heme,BRD2,FECH,ESCA_Tumor,spearman,success,./gepia_pdfs/ph2__chromatin_vs_heme__BRD2_vs_FECH__ESCA_Tumor__spearman.pdf,2026-09-11T13:49:55
2,positive_control,E2F1,CCNE1,ESCA_Tumor,spearman,success,./gepia_pdfs/ph2__positive_control__E2F1_vs_CCNE1__ESCA_Tumor__spearman.pdf,2026-09-11T13:49:58
2,positive_control,CDK2,CCNE1,ESCA_Tumor,spearman,success,./gepia_pdfs/ph2__positive_control__CDK2_vs_CCNE1__ESCA_Tumor__spearman.pdf,2026-09-11T13:50:03
2,heme_consecutive,ALAS1,ALAD,GBM_Tumor,spearman,success,./gepia_pdfs/ph2__heme_consecutive__ALAS1_vs_ALAD__GBM_Tumor__spearman.pdf,2026-09-11T13:50:08
2,heme_consecutive,ALAD,HMBS,GBM_Tumor,spearman,success,./gepia_pdfs/ph2__heme_consecutive__ALAD_vs_HMBS__GBM_Tumor__spearman.pdf,2026-09-11T13:50:10
2,heme_consecutive,HMBS,UROS,GBM_Tumor,spearman,success,./gepia_pdfs/ph2__heme_consecutive__HMBS_vs_UROS__GBM_Tumor__spearman.pdf,2026-09-11T13:50:14
2,heme_consecutive,UROS,UROD,GBM_Tumor,spearman,success,./gepia_pdfs/ph2__heme_consecutive__UROS_vs_UROD__GBM_Tumor__spearman.pdf,2026-09-11T13:50:16
2,heme_consecutive,UROD,CPOX,GBM_Tumor,spearman,success,./gepia_pdfs/ph2__heme_consecutive__UROD_vs_CPOX__GBM_Tumor__spearman.pdf,2026-09-11T13:50:21
2,heme_consecutive,CPOX,PPOX,GBM_Tumor,spearman,success,./gepia_pdfs/ph2__heme_consecutive__CPOX_vs_PPOX__GBM_Tumor__spearman.pdf,2026-09-11T13:50:25
2,heme_consecutive,PPOX,FECH,GBM_Tumor,spearman,success,./gepia_pdfs/ph2__heme_consecutive__PPOX_vs_FECH__GBM_Tumor__spearman.pdf,2026-09-11T13:50:31
2,heme_nonconsecutive,HMBS,FECH,GBM_Tumor,spearman,success,./gepia_pdfs/ph2__heme_nonconsecutive__HMBS_vs_FECH__GBM_Tumor__spearman.pdf,2026-09-11T13:50:35
2,heme_nonconsecutive,ALAS1,FECH,GBM_Tumor,spearman,success,./gepia_pdfs/ph2__heme_nonconsecutive__ALAS1_vs_FECH__GBM_Tumor__spearman.pdf,2026-09-11T13:50:40
2,heme_nonconsecutive,HMBS,PPOX,GBM_Tumor,spearman,success,./gepia_pdfs/ph2__heme_nonconsecutive__HMBS_vs_PPOX__GBM_Tumor__spearman.pdf,2026-09-11T13:50:45
2,chromatin_vs_heme,H2AFZ,ALAS1,GBM_Tumor,spearman,success,./gepia_pdfs/ph2__chromatin_vs_heme__H2AFZ_vs_ALAS1__GBM_Tumor__spearman.pdf,2026-09-11T13:50:50
2,chromatin_vs_heme,H2AFZ,ALAD,GBM_Tumor,spearman,success,./gepia_pdfs/ph2__chromatin_vs_heme__H2AFZ_vs_ALAD__GBM_Tumor__spearman.pdf,2026-09-11T13:50:53
2,chromatin_vs_heme,H2AFZ,HMBS,GBM_Tumor,spearman,success,./gepia_pdfs/ph2__chromatin_vs_heme__H2AFZ_vs_HMBS__GBM_Tumor__spearman.pdf,2026-09-11T13:50:55
2,chromatin_vs_heme,H2AFZ,UROS,GBM_Tumor,spearman,success,./gepia_pdfs/ph2__chromatin_vs_heme__H2AFZ_vs_UROS__GBM_Tumor__spearman.pdf,2026-09-11T13:51:00
2,chromatin_vs_heme,H2AFZ,UROD,GBM_Tumor,spearman,success,./gepia_pdfs/ph2__chromatin_vs_heme__H2AFZ_vs_UROD__GBM_Tumor__spearman.pdf,2026-09-11T13:51:04
2,chromatin_vs_heme,H2AFZ,CPOX,GBM_Tumor,spearman,success,./gepia_pdfs/ph2__chromatin_vs_heme__H2AFZ_vs_CPOX__GBM_Tumor__spearman.pdf,2026-09-11T13:51:08
2,chromatin_vs_heme,H2AFZ,PPOX,GBM_Tumor,spearman,success,./gepia_pdfs/ph2__chromatin_vs_heme__H2AFZ_vs_PPOX__GBM_Tumor__spearman.pdf,2026-09-11T13:51:13
2,chromatin_vs_heme,H2AFZ,FECH,GBM_Tumor,spearman,success,./gepia_pdfs/ph2__chromatin_vs_heme__H2AFZ_vs_FECH__GBM_Tumor__spearman.pdf,2026-09-11T13:51:17
2,chromatin_vs_heme,ATAD2,ALAS1,GBM_Tumor,spearman,success,./gepia_pdfs/ph2__chromatin_vs_heme__ATAD2_vs_ALAS1__GBM_Tumor__spearman.pdf,2026-09-11T13:51:20
2,chromatin_vs_heme,ATAD2,ALAD,GBM_Tumor,spearman,success,./gepia_pdfs/ph2__chromatin_vs_heme__ATAD2_vs_ALAD__GBM_Tumor__spearman.pdf,2026-09-11T13:51:25
2,chromatin_vs_heme,ATAD2,HMBS,GBM_Tumor,spearman,success,./gepia_pdfs/ph2__chromatin_vs_heme__ATAD2_vs_HMBS__GBM_Tumor__spearman.pdf,2026-09-11T13:51:29
2,chromatin_vs_heme,ATAD2,UROS,GBM_Tumor,spearman,success,./gepia_pdfs/ph2__chromatin_vs_heme__ATAD2_vs_UROS__GBM_Tumor__spearman.pdf,2026-09-11T13:51:34
2,chromatin_vs_heme,ATAD2,UROD,GBM_Tumor,spearman,success,./gepia_pdfs/ph2__chromatin_vs_heme__ATAD2_vs_UROD__GBM_Tumor__spearman.pdf,2026-09-11T13:51:39
2,chromatin_vs_heme,ATAD2,CPOX,GBM_Tumor,spearman,success,./gepia_pdfs/ph2__chromatin_vs_heme__ATAD2_vs_CPOX__GBM_Tumor__spearman.pdf,2026-09-11T13:51:42
2,chromatin_vs_heme,ATAD2,PPOX,GBM_Tumor,spearman,success,./gepia_pdfs/ph2__chromatin_vs_heme__ATAD2_vs_PPOX__GBM_Tumor__spearman.pdf,2026-09-11T13:51:46
2,chromatin_vs_heme,ATAD2,FECH,GBM_Tumor,spearman,success,./gepia_pdfs/ph2__chromatin_vs_heme__ATAD2_vs_FECH__GBM_Tumor__spearman.pdf,2026-09-11T13:51:50
2,chromatin_vs_heme,BRD4,ALAS1,GBM_Tumor,spearman,success,./gepia_pdfs/ph2__chromatin_vs_heme__BRD4_vs_ALAS1__GBM_Tumor__spearman.pdf,2026-09-11T13:51:54
2,chromatin_vs_heme,BRD4,ALAD,GBM_Tumor,spearman,success,./gepia_pdfs/ph2__chromatin_vs_heme__BRD4_vs_ALAD__GBM_Tumor__spearman.pdf,2026-09-11T13:51:57
2,chromatin_vs_heme,BRD4,HMBS,GBM_Tumor,spearman,success,./gepia_pdfs/ph2__chromatin_vs_heme__BRD4_vs_HMBS__GBM_Tumor__spearman.pdf,2026-09-11T13:52:01
2,chromatin_vs_heme,BRD4,UROS,GBM_Tumor,spearman,success,./gepia_pdfs/ph2__chromatin_vs_heme__BRD4_vs_UROS__GBM_Tumor__spearman.pdf,2026-09-11T13:52:03
2,chromatin_vs_heme,BRD4,UROD,GBM_Tumor,spearman,success,./gepia_pdfs/ph2__chromatin_vs_heme__BRD4_vs_UROD__GBM_Tumor__spearman.pdf,2026-09-11T13:52:05
2,chromatin_vs_heme,BRD4,CPOX,GBM_Tumor,spearman,success,./gepia_pdfs/ph2__chromatin_vs_heme__BRD4_vs_CPOX__GBM_Tumor__spearman.pdf,2026-09-11T13:52:08
2,chromatin_vs_heme,BRD4,PPOX,GBM_Tumor,spearman,success,./gepia_pdfs/ph2__chromatin_vs_heme__BRD4_vs_PPOX__GBM_Tumor__spearman.pdf,2026-09-11T13:52:11
2,chromatin_vs_heme,BRD4,FECH,GBM_Tumor,spearman,success,./gepia_pdfs/ph2__chromatin_vs_heme__BRD4_vs_FECH__GBM_Tumor__spearman.pdf,2026-09-11T13:52:13
2,chromatin_vs_heme,BRD2,ALAS1,GBM_Tumor,spearman,success,./gepia_pdfs/ph2__chromatin_vs_heme__BRD2_vs_ALAS1__GBM_Tumor__spearman.pdf,2026-09-11T13:52:19
2,chromatin_vs_heme,BRD2,ALAD,GBM_Tumor,spearman,success,./gepia_pdfs/ph2__chromatin_vs_heme__BRD2_vs_ALAD__GBM_Tumor__spearman.pdf,2026-09-11T13:52:23
2,chromatin_vs_heme,BRD2,HMBS,GBM_Tumor,spearman,success,./gepia_pdfs/ph2__chromatin_vs_heme__BRD2_vs_HMBS__GBM_Tumor__spearman.pdf,2026-09-11T13:52:26
2,chromatin_vs_heme,BRD2,UROS,GBM_Tumor,spearman,success,./gepia_pdfs/ph2__chromatin_vs_heme__BRD2_vs_UROS__GBM_Tumor__spearman.pdf,2026-09-11T13:52:30
2,chromatin_vs_heme,BRD2,UROD,GBM_Tumor,spearman,success,./gepia_pdfs/ph2__chromatin_vs_heme__BRD2_vs_UROD__GBM_Tumor__spearman.pdf,2026-09-11T13:52:32
2,chromatin_vs_heme,BRD2,CPOX,GBM_Tumor,spearman,success,./gepia_pdfs/ph2__chromatin_vs_heme__BRD2_vs_CPOX__GBM_Tumor__spearman.pdf,2026-09-11T13:52:37
2,chromatin_vs_heme,BRD2,PPOX,GBM_Tumor,spearman,success,./gepia_pdfs/ph2__chromatin_vs_heme__BRD2_vs_PPOX__GBM_Tumor__spearman.pdf,2026-09-11T13:52:39
2,chromatin_vs_heme,BRD2,FECH,GBM_Tumor,spearman,success,./gepia_pdfs/ph2__chromatin_vs_heme__BRD2_vs_FECH__GBM_Tumor__spearman.pdf,2026-09-11T13:52:45
2,positive_control,E2F1,CCNE1,GBM_Tumor,spearman,success,./gepia_pdfs/ph2__positive_control__E2F1_vs_CCNE1__GBM_Tumor__spearman.pdf,2026-09-11T13:52:48
2,positive_control,CDK2,CCNE1,GBM_Tumor,spearman,success,./gepia_pdfs/ph2__positive_control__CDK2_vs_CCNE1__GBM_Tumor__spearman.pdf,2026-09-11T13:52:52
2,heme_consecutive,ALAS1,ALAD,HNSC_Tumor,spearman,success,./gepia_pdfs/ph2__heme_consecutive__ALAS1_vs_ALAD__HNSC_Tumor__spearman.pdf,2026-09-11T13:52:54
2,heme_consecutive,ALAD,HMBS,HNSC_Tumor,spearman,success,./gepia_pdfs/ph2__heme_consecutive__ALAD_vs_HMBS__HNSC_Tumor__spearman.pdf,2026-09-11T13:52:57
2,heme_consecutive,HMBS,UROS,HNSC_Tumor,spearman,success,./gepia_pdfs/ph2__heme_consecutive__HMBS_vs_UROS__HNSC_Tumor__spearman.pdf,2026-09-11T13:53:01
2,heme_consecutive,UROS,UROD,HNSC_Tumor,spearman,success,./gepia_pdfs/ph2__heme_consecutive__UROS_vs_UROD__HNSC_Tumor__spearman.pdf,2026-09-11T13:53:05
2,heme_consecutive,UROD,CPOX,HNSC_Tumor,spearman,success,./gepia_pdfs/ph2__heme_consecutive__UROD_vs_CPOX__HNSC_Tumor__spearman.pdf,2026-09-11T13:53:07
2,heme_consecutive,CPOX,PPOX,HNSC_Tumor,spearman,success,./gepia_pdfs/ph2__heme_consecutive__CPOX_vs_PPOX__HNSC_Tumor__spearman.pdf,2026-09-11T13:53:11
2,heme_consecutive,PPOX,FECH,HNSC_Tumor,spearman,success,./gepia_pdfs/ph2__heme_consecutive__PPOX_vs_FECH__HNSC_Tumor__spearman.pdf,2026-09-11T13:53:13
2,heme_nonconsecutive,HMBS,FECH,HNSC_Tumor,spearman,success,./gepia_pdfs/ph2__heme_nonconsecutive__HMBS_vs_FECH__HNSC_Tumor__spearman.pdf,2026-09-11T13:53:16
2,heme_nonconsecutive,ALAS1,FECH,HNSC_Tumor,spearman,success,./gepia_pdfs/ph2__heme_nonconsecutive__ALAS1_vs_FECH__HNSC_Tumor__spearman.pdf,2026-09-11T13:53:21
2,heme_nonconsecutive,HMBS,PPOX,HNSC_Tumor,spearman,success,./gepia_pdfs/ph2__heme_nonconsecutive__HMBS_vs_PPOX__HNSC_Tumor__spearman.pdf,2026-09-11T13:53:24
2,chromatin_vs_heme,H2AFZ,ALAS1,HNSC_Tumor,spearman,success,./gepia_pdfs/ph2__chromatin_vs_heme__H2AFZ_vs_ALAS1__HNSC_Tumor__spearman.pdf,2026-09-11T13:53:28
2,chromatin_vs_heme,H2AFZ,ALAD,HNSC_Tumor,spearman,success,./gepia_pdfs/ph2__chromatin_vs_heme__H2AFZ_vs_ALAD__HNSC_Tumor__spearman.pdf,2026-09-11T13:53:33
2,chromatin_vs_heme,H2AFZ,HMBS,HNSC_Tumor,spearman,success,./gepia_pdfs/ph2__chromatin_vs_heme__H2AFZ_vs_HMBS__HNSC_Tumor__spearman.pdf,2026-09-11T13:53:37
2,chromatin_vs_heme,H2AFZ,UROS,HNSC_Tumor,spearman,success,./gepia_pdfs/ph2__chromatin_vs_heme__H2AFZ_vs_UROS__HNSC_Tumor__spearman.pdf,2026-09-11T13:53:42
2,chromatin_vs_heme,H2AFZ,UROD,HNSC_Tumor,spearman,success,./gepia_pdfs/ph2__chromatin_vs_heme__H2AFZ_vs_UROD__HNSC_Tumor__spearman.pdf,2026-09-11T13:53:44
2,chromatin_vs_heme,H2AFZ,CPOX,HNSC_Tumor,spearman,success,./gepia_pdfs/ph2__chromatin_vs_heme__H2AFZ_vs_CPOX__HNSC_Tumor__spearman.pdf,2026-09-11T13:53:47
2,chromatin_vs_heme,H2AFZ,PPOX,HNSC_Tumor,spearman,success,./gepia_pdfs/ph2__chromatin_vs_heme__H2AFZ_vs_PPOX__HNSC_Tumor__spearman.pdf,2026-09-11T13:53:50
2,chromatin_vs_heme,H2AFZ,FECH,HNSC_Tumor,spearman,success,./gepia_pdfs/ph2__chromatin_vs_heme__H2AFZ_vs_FECH__HNSC_Tumor__spearman.pdf,2026-09-11T13:53:53
2,chromatin_vs_heme,ATAD2,ALAS1,HNSC_Tumor,spearman,success,./gepia_pdfs/ph2__chromatin_vs_heme__ATAD2_vs_ALAS1__HNSC_Tumor__spearman.pdf,2026-09-11T13:53:55
2,chromatin_vs_heme,ATAD2,ALAD,HNSC_Tumor,spearman,success,./gepia_pdfs/ph2__chromatin_vs_heme__ATAD2_vs_ALAD__HNSC_Tumor__spearman.pdf,2026-09-11T13:54:00
2,chromatin_vs_heme,ATAD2,HMBS,HNSC_Tumor,spearman,success,./gepia_pdfs/ph2__chromatin_vs_heme__ATAD2_vs_HMBS__HNSC_Tumor__spearman.pdf,2026-09-11T13:54:03
2,chromatin_vs_heme,ATAD2,UROS,HNSC_Tumor,spearman,success,./gepia_pdfs/ph2__chromatin_vs_heme__ATAD2_vs_UROS__HNSC_Tumor__spearman.pdf,2026-09-11T13:54:07
2,chromatin_vs_heme,ATAD2,UROD,HNSC_Tumor,spearman,success,./gepia_pdfs/ph2__chromatin_vs_heme__ATAD2_vs_UROD__HNSC_Tumor__spearman.pdf,2026-09-11T13:54:11
2,chromatin_vs_heme,ATAD2,CPOX,HNSC_Tumor,spearman,success,./gepia_pdfs/ph2__chromatin_vs_heme__ATAD2_vs_CPOX__HNSC_Tumor__spearman.pdf,2026-09-11T13:54:15
2,chromatin_vs_heme,ATAD2,PPOX,HNSC_Tumor,spearman,success,./gepia_pdfs/ph2__chromatin_vs_heme__ATAD2_vs_PPOX__HNSC_Tumor__spearman.pdf,2026-09-11T13:54:19
2,chromatin_vs_heme,ATAD2,FECH,HNSC_Tumor,spearman,success,./gepia_pdfs/ph2__chromatin_vs_heme__ATAD2_vs_FECH__HNSC_Tumor__spearman.pdf,2026-09-11T13:54:24
2,chromatin_vs_heme,BRD4,ALAS1,HNSC_Tumor,spearman,success,./gepia_pdfs/ph2__chromatin_vs_heme__BRD4_vs_ALAS1__HNSC_Tumor__spearman.pdf,2026-09-11T13:54:28
2,chromatin_vs_heme,BRD4,ALAD,HNSC_Tumor,spearman,success,./gepia_pdfs/ph2__chromatin_vs_heme__BRD4_vs_ALAD__HNSC_Tumor__spearman.pdf,2026-09-11T13:54:32
2,chromatin_vs_heme,BRD4,HMBS,HNSC_Tumor,spearman,success,./gepia_pdfs/ph2__chromatin_vs_heme__BRD4_vs_HMBS__HNSC_Tumor__spearman.pdf,2026-09-11T13:54:37
2,chromatin_vs_heme,BRD4,UROS,HNSC_Tumor,spearman,success,./gepia_pdfs/ph2__chromatin_vs_heme__BRD4_vs_UROS__HNSC_Tumor__spearman.pdf,2026-09-11T13:54:42
2,chromatin_vs_heme,BRD4,UROD,HNSC_Tumor,spearman,success,./gepia_pdfs/ph2__chromatin_vs_heme__BRD4_vs_UROD__HNSC_Tumor__spearman.pdf,2026-09-11T13:54:45
2,chromatin_vs_heme,BRD4,CPOX,HNSC_Tumor,spearman,success,./gepia_pdfs/ph2__chromatin_vs_heme__BRD4_vs_CPOX__HNSC_Tumor__spearman.pdf,2026-09-11T13:54:49
2,chromatin_vs_heme,BRD4,PPOX,HNSC_Tumor,spearman,success,./gepia_pdfs/ph2__chromatin_vs_heme__BRD4_vs_PPOX__HNSC_Tumor__spearman.pdf,2026-09-11T13:54:54
2,chromatin_vs_heme,BRD4,FECH,HNSC_Tumor,spearman,success,./gepia_pdfs/ph2__chromatin_vs_heme__BRD4_vs_FECH__HNSC_Tumor__spearman.pdf,2026-09-11T13:54:57
2,chromatin_vs_heme,BRD2,ALAS1,HNSC_Tumor,spearman,success,./gepia_pdfs/ph2__chromatin_vs_heme__BRD2_vs_ALAS1__HNSC_Tumor__spearman.pdf,2026-09-11T13:55:02
2,chromatin_vs_heme,BRD2,ALAD,HNSC_Tumor,spearman,success,./gepia_pdfs/ph2__chromatin_vs_heme__BRD2_vs_ALAD__HNSC_Tumor__spearman.pdf,2026-09-11T13:55:07
2,chromatin_vs_heme,BRD2,HMBS,HNSC_Tumor,spearman,success,./gepia_pdfs/ph2__chromatin_vs_heme__BRD2_vs_HMBS__HNSC_Tumor__spearman.pdf,2026-09-11T13:55:10
2,chromatin_vs_heme,BRD2,UROS,HNSC_Tumor,spearman,success,./gepia_pdfs/ph2__chromatin_vs_heme__BRD2_vs_UROS__HNSC_Tumor__spearman.pdf,2026-09-11T13:55:14
2,chromatin_vs_heme,BRD2,UROD,HNSC_Tumor,spearman,success,./gepia_pdfs/ph2__chromatin_vs_heme__BRD2_vs_UROD__HNSC_Tumor__spearman.pdf,2026-09-11T13:55:17
2,chromatin_vs_heme,BRD2,CPOX,HNSC_Tumor,spearman,success,./gepia_pdfs/ph2__chromatin_vs_heme__BRD2_vs_CPOX__HNSC_Tumor__spearman.pdf,2026-09-11T13:55:20
2,chromatin_vs_heme,BRD2,PPOX,HNSC_Tumor,spearman,success,./gepia_pdfs/ph2__chromatin_vs_heme__BRD2_vs_PPOX__HNSC_Tumor__spearman.pdf,2026-09-11T13:55:23
2,chromatin_vs_heme,BRD2,FECH,HNSC_Tumor,spearman,success,./gepia_pdfs/ph2__chromatin_vs_heme__BRD2_vs_FECH__HNSC_Tumor__spearman.pdf,2026-09-11T13:55:27
2,positive_control,E2F1,CCNE1,HNSC_Tumor,spearman,success,./gepia_pdfs/ph2__positive_control__E2F1_vs_CCNE1__HNSC_Tumor__spearman.pdf,2026-09-11T13:55:32
2,positive_control,CDK2,CCNE1,HNSC_Tumor,spearman,success,./gepia_pdfs/ph2__positive_control__CDK2_vs_CCNE1__HNSC_Tumor__spearman.pdf,2026-09-11T13:55:38
2,heme_consecutive,ALAS1,ALAD,KICH_Tumor,spearman,success,./gepia_pdfs/ph2__heme_consecutive__ALAS1_vs_ALAD__KICH_Tumor__spearman.pdf,2026-09-11T13:55:43
2,heme_consecutive,ALAD,HMBS,KICH_Tumor,spearman,success,./gepia_pdfs/ph2__heme_consecutive__ALAD_vs_HMBS__KICH_Tumor__spearman.pdf,2026-09-11T13:55:46
2,heme_consecutive,HMBS,UROS,KICH_Tumor,spearman,success,./gepia_pdfs/ph2__heme_consecutive__HMBS_vs_UROS__KICH_Tumor__spearman.pdf,2026-09-11T13:55:49
2,heme_consecutive,UROS,UROD,KICH_Tumor,spearman,success,./gepia_pdfs/ph2__heme_consecutive__UROS_vs_UROD__KICH_Tumor__spearman.pdf,2026-09-11T13:55:52
2,heme_consecutive,UROD,CPOX,KICH_Tumor,spearman,success,./gepia_pdfs/ph2__heme_consecutive__UROD_vs_CPOX__KICH_Tumor__spearman.pdf,2026-09-11T13:55:57
2,heme_consecutive,CPOX,PPOX,KICH_Tumor,spearman,success,./gepia_pdfs/ph2__heme_consecutive__CPOX_vs_PPOX__KICH_Tumor__spearman.pdf,2026-09-11T13:56:02
2,heme_consecutive,PPOX,FECH,KICH_Tumor,spearman,success,./gepia_pdfs/ph2__heme_consecutive__PPOX_vs_FECH__KICH_Tumor__spearman.pdf,2026-09-11T13:56:06
2,heme_nonconsecutive,HMBS,FECH,KICH_Tumor,spearman,success,./gepia_pdfs/ph2__heme_nonconsecutive__HMBS_vs_FECH__KICH_Tumor__spearman.pdf,2026-09-11T13:56:10
2,heme_nonconsecutive,ALAS1,FECH,KICH_Tumor,spearman,success,./gepia_pdfs/ph2__heme_nonconsecutive__ALAS1_vs_FECH__KICH_Tumor__spearman.pdf,2026-09-11T13:56:14
2,heme_nonconsecutive,HMBS,PPOX,KICH_Tumor,spearman,success,./gepia_pdfs/ph2__heme_nonconsecutive__HMBS_vs_PPOX__KICH_Tumor__spearman.pdf,2026-09-11T13:56:19
2,chromatin_vs_heme,H2AFZ,ALAS1,KICH_Tumor,spearman,success,./gepia_pdfs/ph2__chromatin_vs_heme__H2AFZ_vs_ALAS1__KICH_Tumor__spearman.pdf,2026-09-11T13:56:22
2,chromatin_vs_heme,H2AFZ,ALAD,KICH_Tumor,spearman,success,./gepia_pdfs/ph2__chromatin_vs_heme__H2AFZ_vs_ALAD__KICH_Tumor__spearman.pdf,2026-09-11T13:56:27
2,chromatin_vs_heme,H2AFZ,HMBS,KICH_Tumor,spearman,success,./gepia_pdfs/ph2__chromatin_vs_heme__H2AFZ_vs_HMBS__KICH_Tumor__spearman.pdf,2026-09-11T13:56:29
2,chromatin_vs_heme,H2AFZ,UROS,KICH_Tumor,spearman,success,./gepia_pdfs/ph2__chromatin_vs_heme__H2AFZ_vs_UROS__KICH_Tumor__spearman.pdf,2026-09-11T13:56:33
2,chromatin_vs_heme,H2AFZ,UROD,KICH_Tumor,spearman,success,./gepia_pdfs/ph2__chromatin_vs_heme__H2AFZ_vs_UROD__KICH_Tumor__spearman.pdf,2026-09-11T13:56:38
2,chromatin_vs_heme,H2AFZ,CPOX,KICH_Tumor,spearman,success,./gepia_pdfs/ph2__chromatin_vs_heme__H2AFZ_vs_CPOX__KICH_Tumor__spearman.pdf,2026-09-11T13:56:41
2,chromatin_vs_heme,H2AFZ,PPOX,KICH_Tumor,spearman,success,./gepia_pdfs/ph2__chromatin_vs_heme__H2AFZ_vs_PPOX__KICH_Tumor__spearman.pdf,2026-09-11T13:56:45
2,chromatin_vs_heme,H2AFZ,FECH,KICH_Tumor,spearman,success,./gepia_pdfs/ph2__chromatin_vs_heme__H2AFZ_vs_FECH__KICH_Tumor__spearman.pdf,2026-09-11T13:56:50
2,chromatin_vs_heme,ATAD2,ALAS1,KICH_Tumor,spearman,success,./gepia_pdfs/ph2__chromatin_vs_heme__ATAD2_vs_ALAS1__KICH_Tumor__spearman.pdf,2026-09-11T13:56:55
2,chromatin_vs_heme,ATAD2,ALAD,KICH_Tumor,spearman,success,./gepia_pdfs/ph2__chromatin_vs_heme__ATAD2_vs_ALAD__KICH_Tumor__spearman.pdf,2026-09-11T13:56:59
2,chromatin_vs_heme,ATAD2,HMBS,KICH_Tumor,spearman,success,./gepia_pdfs/ph2__chromatin_vs_heme__ATAD2_vs_HMBS__KICH_Tumor__spearman.pdf,2026-09-11T13:57:02
2,chromatin_vs_heme,ATAD2,UROS,KICH_Tumor,spearman,success,./gepia_pdfs/ph2__chromatin_vs_heme__ATAD2_vs_UROS__KICH_Tumor__spearman.pdf,2026-09-11T13:57:05
2,chromatin_vs_heme,ATAD2,UROD,KICH_Tumor,spearman,success,./gepia_pdfs/ph2__chromatin_vs_heme__ATAD2_vs_UROD__KICH_Tumor__spearman.pdf,2026-09-11T13:57:09
2,chromatin_vs_heme,ATAD2,CPOX,KICH_Tumor,spearman,success,./gepia_pdfs/ph2__chromatin_vs_heme__ATAD2_vs_CPOX__KICH_Tumor__spearman.pdf,2026-09-11T13:57:11
2,chromatin_vs_heme,ATAD2,PPOX,KICH_Tumor,spearman,success,./gepia_pdfs/ph2__chromatin_vs_heme__ATAD2_vs_PPOX__KICH_Tumor__spearman.pdf,2026-09-11T13:57:16
2,chromatin_vs_heme,ATAD2,FECH,KICH_Tumor,spearman,success,./gepia_pdfs/ph2__chromatin_vs_heme__ATAD2_vs_FECH__KICH_Tumor__spearman.pdf,2026-09-11T13:57:20
2,chromatin_vs_heme,BRD4,ALAS1,KICH_Tumor,spearman,success,./gepia_pdfs/ph2__chromatin_vs_heme__BRD4_vs_ALAS1__KICH_Tumor__spearman.pdf,2026-09-11T13:57:24
2,chromatin_vs_heme,BRD4,ALAD,KICH_Tumor,spearman,success,./gepia_pdfs/ph2__chromatin_vs_heme__BRD4_vs_ALAD__KICH_Tumor__spearman.pdf,2026-09-11T13:57:29
2,chromatin_vs_heme,BRD4,HMBS,KICH_Tumor,spearman,success,./gepia_pdfs/ph2__chromatin_vs_heme__BRD4_vs_HMBS__KICH_Tumor__spearman.pdf,2026-09-11T13:57:34
2,chromatin_vs_heme,BRD4,UROS,KICH_Tumor,spearman,success,./gepia_pdfs/ph2__chromatin_vs_heme__BRD4_vs_UROS__KICH_Tumor__spearman.pdf,2026-09-11T13:57:38
2,chromatin_vs_heme,BRD4,UROD,KICH_Tumor,spearman,success,./gepia_pdfs/ph2__chromatin_vs_heme__BRD4_vs_UROD__KICH_Tumor__spearman.pdf,2026-09-11T13:57:43
2,chromatin_vs_heme,BRD4,CPOX,KICH_Tumor,spearman,success,./gepia_pdfs/ph2__chromatin_vs_heme__BRD4_vs_CPOX__KICH_Tumor__spearman.pdf,2026-09-11T13:57:47
2,chromatin_vs_heme,BRD4,PPOX,KICH_Tumor,spearman,success,./gepia_pdfs/ph2__chromatin_vs_heme__BRD4_vs_PPOX__KICH_Tumor__spearman.pdf,2026-09-11T13:57:51
2,chromatin_vs_heme,BRD4,FECH,KICH_Tumor,spearman,success,./gepia_pdfs/ph2__chromatin_vs_heme__BRD4_vs_FECH__KICH_Tumor__spearman.pdf,2026-09-11T13:57:55
2,chromatin_vs_heme,BRD2,ALAS1,KICH_Tumor,spearman,success,./gepia_pdfs/ph2__chromatin_vs_heme__BRD2_vs_ALAS1__KICH_Tumor__spearman.pdf,2026-09-11T13:57:59
2,chromatin_vs_heme,BRD2,ALAD,KICH_Tumor,spearman,success,./gepia_pdfs/ph2__chromatin_vs_heme__BRD2_vs_ALAD__KICH_Tumor__spearman.pdf,2026-09-11T13:58:02
2,chromatin_vs_heme,BRD2,HMBS,KICH_Tumor,spearman,success,./gepia_pdfs/ph2__chromatin_vs_heme__BRD2_vs_HMBS__KICH_Tumor__spearman.pdf,2026-09-11T13:58:04
2,chromatin_vs_heme,BRD2,UROS,KICH_Tumor,spearman,success,./gepia_pdfs/ph2__chromatin_vs_heme__BRD2_vs_UROS__KICH_Tumor__spearman.pdf,2026-09-11T13:58:09
2,chromatin_vs_heme,BRD2,UROD,KICH_Tumor,spearman,success,./gepia_pdfs/ph2__chromatin_vs_heme__BRD2_vs_UROD__KICH_Tumor__spearman.pdf,2026-09-11T13:58:12
2,chromatin_vs_heme,BRD2,CPOX,KICH_Tumor,spearman,success,./gepia_pdfs/ph2__chromatin_vs_heme__BRD2_vs_CPOX__KICH_Tumor__spearman.pdf,2026-09-11T13:58:17
2,chromatin_vs_heme,BRD2,PPOX,KICH_Tumor,spearman,success,./gepia_pdfs/ph2__chromatin_vs_heme__BRD2_vs_PPOX__KICH_Tumor__spearman.pdf,2026-09-11T13:58:20
2,chromatin_vs_heme,BRD2,FECH,KICH_Tumor,spearman,success,./gepia_pdfs/ph2__chromatin_vs_heme__BRD2_vs_FECH__KICH_Tumor__spearman.pdf,2026-09-11T13:58:26
2,positive_control,E2F1,CCNE1,KICH_Tumor,spearman,success,./gepia_pdfs/ph2__positive_control__E2F1_vs_CCNE1__KICH_Tumor__spearman.pdf,2026-09-11T13:58:30
2,positive_control,CDK2,CCNE1,KICH_Tumor,spearman,success,./gepia_pdfs/ph2__positive_control__CDK2_vs_CCNE1__KICH_Tumor__spearman.pdf,2026-09-11T13:58:33
2,heme_consecutive,ALAS1,ALAD,KIRC_Tumor,spearman,success,./gepia_pdfs/ph2__heme_consecutive__ALAS1_vs_ALAD__KIRC_Tumor__spearman.pdf,2026-09-11T13:58:36
2,heme_consecutive,ALAD,HMBS,KIRC_Tumor,spearman,success,./gepia_pdfs/ph2__heme_consecutive__ALAD_vs_HMBS__KIRC_Tumor__spearman.pdf,2026-09-11T13:58:39
2,heme_consecutive,HMBS,UROS,KIRC_Tumor,spearman,success,./gepia_pdfs/ph2__heme_consecutive__HMBS_vs_UROS__KIRC_Tumor__spearman.pdf,2026-09-11T13:58:43
2,heme_consecutive,UROS,UROD,KIRC_Tumor,spearman,success,./gepia_pdfs/ph2__heme_consecutive__UROS_vs_UROD__KIRC_Tumor__spearman.pdf,2026-09-11T13:58:47
2,heme_consecutive,UROD,CPOX,KIRC_Tumor,spearman,success,./gepia_pdfs/ph2__heme_consecutive__UROD_vs_CPOX__KIRC_Tumor__spearman.pdf,2026-09-11T13:58:52
2,heme_consecutive,CPOX,PPOX,KIRC_Tumor,spearman,success,./gepia_pdfs/ph2__heme_consecutive__CPOX_vs_PPOX__KIRC_Tumor__spearman.pdf,2026-09-11T13:58:55
2,heme_consecutive,PPOX,FECH,KIRC_Tumor,spearman,success,./gepia_pdfs/ph2__heme_consecutive__PPOX_vs_FECH__KIRC_Tumor__spearman.pdf,2026-09-11T13:58:58
2,heme_nonconsecutive,HMBS,FECH,KIRC_Tumor,spearman,success,./gepia_pdfs/ph2__heme_nonconsecutive__HMBS_vs_FECH__KIRC_Tumor__spearman.pdf,2026-09-11T13:59:01
2,heme_nonconsecutive,ALAS1,FECH,KIRC_Tumor,spearman,success,./gepia_pdfs/ph2__heme_nonconsecutive__ALAS1_vs_FECH__KIRC_Tumor__spearman.pdf,2026-09-11T13:59:04
2,heme_nonconsecutive,HMBS,PPOX,KIRC_Tumor,spearman,success,./gepia_pdfs/ph2__heme_nonconsecutive__HMBS_vs_PPOX__KIRC_Tumor__spearman.pdf,2026-09-11T13:59:06
2,chromatin_vs_heme,H2AFZ,ALAS1,KIRC_Tumor,spearman,success,./gepia_pdfs/ph2__chromatin_vs_heme__H2AFZ_vs_ALAS1__KIRC_Tumor__spearman.pdf,2026-09-11T13:59:11
2,chromatin_vs_heme,H2AFZ,ALAD,KIRC_Tumor,spearman,success,./gepia_pdfs/ph2__chromatin_vs_heme__H2AFZ_vs_ALAD__KIRC_Tumor__spearman.pdf,2026-09-11T13:59:13
2,chromatin_vs_heme,H2AFZ,HMBS,KIRC_Tumor,spearman,success,./gepia_pdfs/ph2__chromatin_vs_heme__H2AFZ_vs_HMBS__KIRC_Tumor__spearman.pdf,2026-09-11T13:59:16
2,chromatin_vs_heme,H2AFZ,UROS,KIRC_Tumor,spearman,success,./gepia_pdfs/ph2__chromatin_vs_heme__H2AFZ_vs_UROS__KIRC_Tumor__spearman.pdf,2026-09-11T13:59:20
2,chromatin_vs_heme,H2AFZ,UROD,KIRC_Tumor,spearman,success,./gepia_pdfs/ph2__chromatin_vs_heme__H2AFZ_vs_UROD__KIRC_Tumor__spearman.pdf,2026-09-11T13:59:26
2,chromatin_vs_heme,H2AFZ,CPOX,KIRC_Tumor,spearman,success,./gepia_pdfs/ph2__chromatin_vs_heme__H2AFZ_vs_CPOX__KIRC_Tumor__spearman.pdf,2026-09-11T13:59:29
2,chromatin_vs_heme,H2AFZ,PPOX,KIRC_Tumor,spearman,success,./gepia_pdfs/ph2__chromatin_vs_heme__H2AFZ_vs_PPOX__KIRC_Tumor__spearman.pdf,2026-09-11T13:59:31
2,chromatin_vs_heme,H2AFZ,FECH,KIRC_Tumor,spearman,success,./gepia_pdfs/ph2__chromatin_vs_heme__H2AFZ_vs_FECH__KIRC_Tumor__spearman.pdf,2026-09-11T13:59:37
2,chromatin_vs_heme,ATAD2,ALAS1,KIRC_Tumor,spearman,success,./gepia_pdfs/ph2__chromatin_vs_heme__ATAD2_vs_ALAS1__KIRC_Tumor__spearman.pdf,2026-09-11T13:59:41
2,chromatin_vs_heme,ATAD2,ALAD,KIRC_Tumor,spearman,success,./gepia_pdfs/ph2__chromatin_vs_heme__ATAD2_vs_ALAD__KIRC_Tumor__spearman.pdf,2026-09-11T13:59:45
2,chromatin_vs_heme,ATAD2,HMBS,KIRC_Tumor,spearman,success,./gepia_pdfs/ph2__chromatin_vs_heme__ATAD2_vs_HMBS__KIRC_Tumor__spearman.pdf,2026-09-11T13:59:51
2,chromatin_vs_heme,ATAD2,UROS,KIRC_Tumor,spearman,success,./gepia_pdfs/ph2__chromatin_vs_heme__ATAD2_vs_UROS__KIRC_Tumor__spearman.pdf,2026-09-11T13:59:54
2,chromatin_vs_heme,ATAD2,UROD,KIRC_Tumor,spearman,success,./gepia_pdfs/ph2__chromatin_vs_heme__ATAD2_vs_UROD__KIRC_Tumor__spearman.pdf,2026-09-11T13:59:59
2,chromatin_vs_heme,ATAD2,CPOX,KIRC_Tumor,spearman,success,./gepia_pdfs/ph2__chromatin_vs_heme__ATAD2_vs_CPOX__KIRC_Tumor__spearman.pdf,2026-09-11T14:00:03
2,chromatin_vs_heme,ATAD2,PPOX,KIRC_Tumor,spearman,success,./gepia_pdfs/ph2__chromatin_vs_heme__ATAD2_vs_PPOX__KIRC_Tumor__spearman.pdf,2026-09-11T14:00:07
2,chromatin_vs_heme,ATAD2,FECH,KIRC_Tumor,spearman,success,./gepia_pdfs/ph2__chromatin_vs_heme__ATAD2_vs_FECH__KIRC_Tumor__spearman.pdf,2026-09-11T14:00:12
2,chromatin_vs_heme,BRD4,ALAS1,KIRC_Tumor,spearman,success,./gepia_pdfs/ph2__chromatin_vs_heme__BRD4_vs_ALAS1__KIRC_Tumor__spearman.pdf,2026-09-11T14:00:15
2,chromatin_vs_heme,BRD4,ALAD,KIRC_Tumor,spearman,success,./gepia_pdfs/ph2__chromatin_vs_heme__BRD4_vs_ALAD__KIRC_Tumor__spearman.pdf,2026-09-11T14:00:19
2,chromatin_vs_heme,BRD4,HMBS,KIRC_Tumor,spearman,success,./gepia_pdfs/ph2__chromatin_vs_heme__BRD4_vs_HMBS__KIRC_Tumor__spearman.pdf,2026-09-11T14:00:23
2,chromatin_vs_heme,BRD4,UROS,KIRC_Tumor,spearman,success,./gepia_pdfs/ph2__chromatin_vs_heme__BRD4_vs_UROS__KIRC_Tumor__spearman.pdf,2026-09-11T14:00:26
2,chromatin_vs_heme,BRD4,UROD,KIRC_Tumor,spearman,success,./gepia_pdfs/ph2__chromatin_vs_heme__BRD4_vs_UROD__KIRC_Tumor__spearman.pdf,2026-09-11T14:00:29
2,chromatin_vs_heme,BRD4,CPOX,KIRC_Tumor,spearman,success,./gepia_pdfs/ph2__chromatin_vs_heme__BRD4_vs_CPOX__KIRC_Tumor__spearman.pdf,2026-09-11T14:00:33
2,chromatin_vs_heme,BRD4,PPOX,KIRC_Tumor,spearman,success,./gepia_pdfs/ph2__chromatin_vs_heme__BRD4_vs_PPOX__KIRC_Tumor__spearman.pdf,2026-09-11T14:00:38
2,chromatin_vs_heme,BRD4,FECH,KIRC_Tumor,spearman,success,./gepia_pdfs/ph2__chromatin_vs_heme__BRD4_vs_FECH__KIRC_Tumor__spearman.pdf,2026-09-11T14:00:43
2,chromatin_vs_heme,BRD2,ALAS1,KIRC_Tumor,spearman,success,./gepia_pdfs/ph2__chromatin_vs_heme__BRD2_vs_ALAS1__KIRC_Tumor__spearman.pdf,2026-09-11T14:00:46
2,chromatin_vs_heme,BRD2,ALAD,KIRC_Tumor,spearman,success,./gepia_pdfs/ph2__chromatin_vs_heme__BRD2_vs_ALAD__KIRC_Tumor__spearman.pdf,2026-09-11T14:00:50
2,chromatin_vs_heme,BRD2,HMBS,KIRC_Tumor,spearman,success,./gepia_pdfs/ph2__chromatin_vs_heme__BRD2_vs_HMBS__KIRC_Tumor__spearman.pdf,2026-09-11T14:00:53
2,chromatin_vs_heme,BRD2,UROS,KIRC_Tumor,spearman,success,./gepia_pdfs/ph2__chromatin_vs_heme__BRD2_vs_UROS__KIRC_Tumor__spearman.pdf,2026-09-11T14:00:57
2,chromatin_vs_heme,BRD2,UROD,KIRC_Tumor,spearman,success,./gepia_pdfs/ph2__chromatin_vs_heme__BRD2_vs_UROD__KIRC_Tumor__spearman.pdf,2026-09-11T14:01:00
2,chromatin_vs_heme,BRD2,CPOX,KIRC_Tumor,spearman,success,./gepia_pdfs/ph2__chromatin_vs_heme__BRD2_vs_CPOX__KIRC_Tumor__spearman.pdf,2026-09-11T14:01:04
2,chromatin_vs_heme,BRD2,PPOX,KIRC_Tumor,spearman,success,./gepia_pdfs/ph2__chromatin_vs_heme__BRD2_vs_PPOX__KIRC_Tumor__spearman.pdf,2026-09-11T14:01:08
2,chromatin_vs_heme,BRD2,FECH,KIRC_Tumor,spearman,success,./gepia_pdfs/ph2__chromatin_vs_heme__BRD2_vs_FECH__KIRC_Tumor__spearman.pdf,2026-09-11T14:01:13
2,positive_control,E2F1,CCNE1,KIRC_Tumor,spearman,success,./gepia_pdfs/ph2__positive_control__E2F1_vs_CCNE1__KIRC_Tumor__spearman.pdf,2026-09-11T14:01:16
2,positive_control,CDK2,CCNE1,KIRC_Tumor,spearman,success,./gepia_pdfs/ph2__positive_control__CDK2_vs_CCNE1__KIRC_Tumor__spearman.pdf,2026-09-11T14:01:19
2,heme_consecutive,ALAS1,ALAD,KIRP_Tumor,spearman,success,./gepia_pdfs/ph2__heme_consecutive__ALAS1_vs_ALAD__KIRP_Tumor__spearman.pdf,2026-09-11T14:01:22
2,heme_consecutive,ALAD,HMBS,KIRP_Tumor,spearman,success,./gepia_pdfs/ph2__heme_consecutive__ALAD_vs_HMBS__KIRP_Tumor__spearman.pdf,2026-09-11T14:01:24
2,heme_consecutive,HMBS,UROS,KIRP_Tumor,spearman,success,./gepia_pdfs/ph2__heme_consecutive__HMBS_vs_UROS__KIRP_Tumor__spearman.pdf,2026-09-11T14:01:28
2,heme_consecutive,UROS,UROD,KIRP_Tumor,spearman,success,./gepia_pdfs/ph2__heme_consecutive__UROS_vs_UROD__KIRP_Tumor__spearman.pdf,2026-09-11T14:01:32
2,heme_consecutive,UROD,CPOX,KIRP_Tumor,spearman,success,./gepia_pdfs/ph2__heme_consecutive__UROD_vs_CPOX__KIRP_Tumor__spearman.pdf,2026-09-11T14:01:35
2,heme_consecutive,CPOX,PPOX,KIRP_Tumor,spearman,success,./gepia_pdfs/ph2__heme_consecutive__CPOX_vs_PPOX__KIRP_Tumor__spearman.pdf,2026-09-11T14:01:39
2,heme_consecutive,PPOX,FECH,KIRP_Tumor,spearman,success,./gepia_pdfs/ph2__heme_consecutive__PPOX_vs_FECH__KIRP_Tumor__spearman.pdf,2026-09-11T14:01:44
2,heme_nonconsecutive,HMBS,FECH,KIRP_Tumor,spearman,success,./gepia_pdfs/ph2__heme_nonconsecutive__HMBS_vs_FECH__KIRP_Tumor__spearman.pdf,2026-09-11T14:01:49
2,heme_nonconsecutive,ALAS1,FECH,KIRP_Tumor,spearman,success,./gepia_pdfs/ph2__heme_nonconsecutive__ALAS1_vs_FECH__KIRP_Tumor__spearman.pdf,2026-09-11T14:01:54
2,heme_nonconsecutive,HMBS,PPOX,KIRP_Tumor,spearman,success,./gepia_pdfs/ph2__heme_nonconsecutive__HMBS_vs_PPOX__KIRP_Tumor__spearman.pdf,2026-09-11T14:01:59
2,chromatin_vs_heme,H2AFZ,ALAS1,KIRP_Tumor,spearman,success,./gepia_pdfs/ph2__chromatin_vs_heme__H2AFZ_vs_ALAS1__KIRP_Tumor__spearman.pdf,2026-09-11T14:02:04
2,chromatin_vs_heme,H2AFZ,ALAD,KIRP_Tumor,spearman,success,./gepia_pdfs/ph2__chromatin_vs_heme__H2AFZ_vs_ALAD__KIRP_Tumor__spearman.pdf,2026-09-11T14:02:08
2,chromatin_vs_heme,H2AFZ,HMBS,KIRP_Tumor,spearman,success,./gepia_pdfs/ph2__chromatin_vs_heme__H2AFZ_vs_HMBS__KIRP_Tumor__spearman.pdf,2026-09-11T14:02:11
2,chromatin_vs_heme,H2AFZ,UROS,KIRP_Tumor,spearman,success,./gepia_pdfs/ph2__chromatin_vs_heme__H2AFZ_vs_UROS__KIRP_Tumor__spearman.pdf,2026-09-11T14:02:16
2,chromatin_vs_heme,H2AFZ,UROD,KIRP_Tumor,spearman,success,./gepia_pdfs/ph2__chromatin_vs_heme__H2AFZ_vs_UROD__KIRP_Tumor__spearman.pdf,2026-09-11T14:02:20
2,chromatin_vs_heme,H2AFZ,CPOX,KIRP_Tumor,spearman,success,./gepia_pdfs/ph2__chromatin_vs_heme__H2AFZ_vs_CPOX__KIRP_Tumor__spearman.pdf,2026-09-11T14:02:24
2,chromatin_vs_heme,H2AFZ,PPOX,KIRP_Tumor,spearman,success,./gepia_pdfs/ph2__chromatin_vs_heme__H2AFZ_vs_PPOX__KIRP_Tumor__spearman.pdf,2026-09-11T14:02:28
2,chromatin_vs_heme,H2AFZ,FECH,KIRP_Tumor,spearman,success,./gepia_pdfs/ph2__chromatin_vs_heme__H2AFZ_vs_FECH__KIRP_Tumor__spearman.pdf,2026-09-11T14:02:31
2,chromatin_vs_heme,ATAD2,ALAS1,KIRP_Tumor,spearman,success,./gepia_pdfs/ph2__chromatin_vs_heme__ATAD2_vs_ALAS1__KIRP_Tumor__spearman.pdf,2026-09-11T14:02:35
2,chromatin_vs_heme,ATAD2,ALAD,KIRP_Tumor,spearman,success,./gepia_pdfs/ph2__chromatin_vs_heme__ATAD2_vs_ALAD__KIRP_Tumor__spearman.pdf,2026-09-11T14:02:38
2,chromatin_vs_heme,ATAD2,HMBS,KIRP_Tumor,spearman,success,./gepia_pdfs/ph2__chromatin_vs_heme__ATAD2_vs_HMBS__KIRP_Tumor__spearman.pdf,2026-09-11T14:02:42
2,chromatin_vs_heme,ATAD2,UROS,KIRP_Tumor,spearman,success,./gepia_pdfs/ph2__chromatin_vs_heme__ATAD2_vs_UROS__KIRP_Tumor__spearman.pdf,2026-09-11T14:02:44
2,chromatin_vs_heme,ATAD2,UROD,KIRP_Tumor,spearman,success,./gepia_pdfs/ph2__chromatin_vs_heme__ATAD2_vs_UROD__KIRP_Tumor__spearman.pdf,2026-09-11T14:02:47
2,chromatin_vs_heme,ATAD2,CPOX,KIRP_Tumor,spearman,success,./gepia_pdfs/ph2__chromatin_vs_heme__ATAD2_vs_CPOX__KIRP_Tumor__spearman.pdf,2026-09-11T14:02:52
2,chromatin_vs_heme,ATAD2,PPOX,KIRP_Tumor,spearman,success,./gepia_pdfs/ph2__chromatin_vs_heme__ATAD2_vs_PPOX__KIRP_Tumor__spearman.pdf,2026-09-11T14:02:54
2,chromatin_vs_heme,ATAD2,FECH,KIRP_Tumor,spearman,success,./gepia_pdfs/ph2__chromatin_vs_heme__ATAD2_vs_FECH__KIRP_Tumor__spearman.pdf,2026-09-11T14:02:58
2,chromatin_vs_heme,BRD4,ALAS1,KIRP_Tumor,spearman,success,./gepia_pdfs/ph2__chromatin_vs_heme__BRD4_vs_ALAS1__KIRP_Tumor__spearman.pdf,2026-09-11T14:03:02
2,chromatin_vs_heme,BRD4,ALAD,KIRP_Tumor,spearman,success,./gepia_pdfs/ph2__chromatin_vs_heme__BRD4_vs_ALAD__KIRP_Tumor__spearman.pdf,2026-09-11T14:03:07
2,chromatin_vs_heme,BRD4,HMBS,KIRP_Tumor,spearman,success,./gepia_pdfs/ph2__chromatin_vs_heme__BRD4_vs_HMBS__KIRP_Tumor__spearman.pdf,2026-09-11T14:03:10
2,chromatin_vs_heme,BRD4,UROS,KIRP_Tumor,spearman,success,./gepia_pdfs/ph2__chromatin_vs_heme__BRD4_vs_UROS__KIRP_Tumor__spearman.pdf,2026-09-11T14:03:14
2,chromatin_vs_heme,BRD4,UROD,KIRP_Tumor,spearman,success,./gepia_pdfs/ph2__chromatin_vs_heme__BRD4_vs_UROD__KIRP_Tumor__spearman.pdf,2026-09-11T14:03:19
2,chromatin_vs_heme,BRD4,CPOX,KIRP_Tumor,spearman,success,./gepia_pdfs/ph2__chromatin_vs_heme__BRD4_vs_CPOX__KIRP_Tumor__spearman.pdf,2026-09-11T14:03:21
2,chromatin_vs_heme,BRD4,PPOX,KIRP_Tumor,spearman,success,./gepia_pdfs/ph2__chromatin_vs_heme__BRD4_vs_PPOX__KIRP_Tumor__spearman.pdf,2026-09-11T14:03:25
2,chromatin_vs_heme,BRD4,FECH,KIRP_Tumor,spearman,success,./gepia_pdfs/ph2__chromatin_vs_heme__BRD4_vs_FECH__KIRP_Tumor__spearman.pdf,2026-09-11T14:03:29
2,chromatin_vs_heme,BRD2,ALAS1,KIRP_Tumor,spearman,success,./gepia_pdfs/ph2__chromatin_vs_heme__BRD2_vs_ALAS1__KIRP_Tumor__spearman.pdf,2026-09-11T14:03:33
2,chromatin_vs_heme,BRD2,ALAD,KIRP_Tumor,spearman,success,./gepia_pdfs/ph2__chromatin_vs_heme__BRD2_vs_ALAD__KIRP_Tumor__spearman.pdf,2026-09-11T14:03:36
2,chromatin_vs_heme,BRD2,HMBS,KIRP_Tumor,spearman,success,./gepia_pdfs/ph2__chromatin_vs_heme__BRD2_vs_HMBS__KIRP_Tumor__spearman.pdf,2026-09-11T14:03:41
2,chromatin_vs_heme,BRD2,UROS,KIRP_Tumor,spearman,success,./gepia_pdfs/ph2__chromatin_vs_heme__BRD2_vs_UROS__KIRP_Tumor__spearman.pdf,2026-09-11T14:03:44
2,chromatin_vs_heme,BRD2,UROD,KIRP_Tumor,spearman,success,./gepia_pdfs/ph2__chromatin_vs_heme__BRD2_vs_UROD__KIRP_Tumor__spearman.pdf,2026-09-11T14:03:49
2,chromatin_vs_heme,BRD2,CPOX,KIRP_Tumor,spearman,success,./gepia_pdfs/ph2__chromatin_vs_heme__BRD2_vs_CPOX__KIRP_Tumor__spearman.pdf,2026-09-11T14:03:54
2,chromatin_vs_heme,BRD2,PPOX,KIRP_Tumor,spearman,success,./gepia_pdfs/ph2__chromatin_vs_heme__BRD2_vs_PPOX__KIRP_Tumor__spearman.pdf,2026-09-11T14:03:57
2,chromatin_vs_heme,BRD2,FECH,KIRP_Tumor,spearman,success,./gepia_pdfs/ph2__chromatin_vs_heme__BRD2_vs_FECH__KIRP_Tumor__spearman.pdf,2026-09-11T14:04:00
2,positive_control,E2F1,CCNE1,KIRP_Tumor,spearman,success,./gepia_pdfs/ph2__positive_control__E2F1_vs_CCNE1__KIRP_Tumor__spearman.pdf,2026-09-11T14:04:04
2,positive_control,CDK2,CCNE1,KIRP_Tumor,spearman,success,./gepia_pdfs/ph2__positive_control__CDK2_vs_CCNE1__KIRP_Tumor__spearman.pdf,2026-09-11T14:04:09
2,heme_consecutive,ALAS1,ALAD,LAML_Tumor,spearman,success,./gepia_pdfs/ph2__heme_consecutive__ALAS1_vs_ALAD__LAML_Tumor__spearman.pdf,2026-09-11T14:04:13
2,heme_consecutive,ALAD,HMBS,LAML_Tumor,spearman,success,./gepia_pdfs/ph2__heme_consecutive__ALAD_vs_HMBS__LAML_Tumor__spearman.pdf,2026-09-11T14:04:17
2,heme_consecutive,HMBS,UROS,LAML_Tumor,spearman,success,./gepia_pdfs/ph2__heme_consecutive__HMBS_vs_UROS__LAML_Tumor__spearman.pdf,2026-09-11T14:04:20
2,heme_consecutive,UROS,UROD,LAML_Tumor,spearman,success,./gepia_pdfs/ph2__heme_consecutive__UROS_vs_UROD__LAML_Tumor__spearman.pdf,2026-09-11T14:04:26
2,heme_consecutive,UROD,CPOX,LAML_Tumor,spearman,success,./gepia_pdfs/ph2__heme_consecutive__UROD_vs_CPOX__LAML_Tumor__spearman.pdf,2026-09-11T14:04:30
2,heme_consecutive,CPOX,PPOX,LAML_Tumor,spearman,success,./gepia_pdfs/ph2__heme_consecutive__CPOX_vs_PPOX__LAML_Tumor__spearman.pdf,2026-09-11T14:04:34
2,heme_consecutive,PPOX,FECH,LAML_Tumor,spearman,success,./gepia_pdfs/ph2__heme_consecutive__PPOX_vs_FECH__LAML_Tumor__spearman.pdf,2026-09-11T14:04:38
2,heme_nonconsecutive,HMBS,FECH,LAML_Tumor,spearman,success,./gepia_pdfs/ph2__heme_nonconsecutive__HMBS_vs_FECH__LAML_Tumor__spearman.pdf,2026-09-11T14:04:43
2,heme_nonconsecutive,ALAS1,FECH,LAML_Tumor,spearman,success,./gepia_pdfs/ph2__heme_nonconsecutive__ALAS1_vs_FECH__LAML_Tumor__spearman.pdf,2026-09-11T14:04:46
2,heme_nonconsecutive,HMBS,PPOX,LAML_Tumor,spearman,success,./gepia_pdfs/ph2__heme_nonconsecutive__HMBS_vs_PPOX__LAML_Tumor__spearman.pdf,2026-09-11T14:04:49
2,chromatin_vs_heme,H2AFZ,ALAS1,LAML_Tumor,spearman,success,./gepia_pdfs/ph2__chromatin_vs_heme__H2AFZ_vs_ALAS1__LAML_Tumor__spearman.pdf,2026-09-11T14:04:52
2,chromatin_vs_heme,H2AFZ,ALAD,LAML_Tumor,spearman,success,./gepia_pdfs/ph2__chromatin_vs_heme__H2AFZ_vs_ALAD__LAML_Tumor__spearman.pdf,2026-09-11T14:04:55
2,chromatin_vs_heme,H2AFZ,HMBS,LAML_Tumor,spearman,success,./gepia_pdfs/ph2__chromatin_vs_heme__H2AFZ_vs_HMBS__LAML_Tumor__spearman.pdf,2026-09-11T14:05:00
2,chromatin_vs_heme,H2AFZ,UROS,LAML_Tumor,spearman,success,./gepia_pdfs/ph2__chromatin_vs_heme__H2AFZ_vs_UROS__LAML_Tumor__spearman.pdf,2026-09-11T14:05:03
2,chromatin_vs_heme,H2AFZ,UROD,LAML_Tumor,spearman,success,./gepia_pdfs/ph2__chromatin_vs_heme__H2AFZ_vs_UROD__LAML_Tumor__spearman.pdf,2026-09-11T14:05:05
2,chromatin_vs_heme,H2AFZ,CPOX,LAML_Tumor,spearman,success,./gepia_pdfs/ph2__chromatin_vs_heme__H2AFZ_vs_CPOX__LAML_Tumor__spearman.pdf,2026-09-11T14:05:10
2,chromatin_vs_heme,H2AFZ,PPOX,LAML_Tumor,spearman,success,./gepia_pdfs/ph2__chromatin_vs_heme__H2AFZ_vs_PPOX__LAML_Tumor__spearman.pdf,2026-09-11T14:05:13
2,chromatin_vs_heme,H2AFZ,FECH,LAML_Tumor,spearman,success,./gepia_pdfs/ph2__chromatin_vs_heme__H2AFZ_vs_FECH__LAML_Tumor__spearman.pdf,2026-09-11T14:05:16
2,chromatin_vs_heme,ATAD2,ALAS1,LAML_Tumor,spearman,success,./gepia_pdfs/ph2__chromatin_vs_heme__ATAD2_vs_ALAS1__LAML_Tumor__spearman.pdf,2026-09-11T14:05:19
2,chromatin_vs_heme,ATAD2,ALAD,LAML_Tumor,spearman,success,./gepia_pdfs/ph2__chromatin_vs_heme__ATAD2_vs_ALAD__LAML_Tumor__spearman.pdf,2026-09-11T14:05:21
2,chromatin_vs_heme,ATAD2,HMBS,LAML_Tumor,spearman,success,./gepia_pdfs/ph2__chromatin_vs_heme__ATAD2_vs_HMBS__LAML_Tumor__spearman.pdf,2026-09-11T14:05:24
2,chromatin_vs_heme,ATAD2,UROS,LAML_Tumor,spearman,success,./gepia_pdfs/ph2__chromatin_vs_heme__ATAD2_vs_UROS__LAML_Tumor__spearman.pdf,2026-09-11T14:05:27
2,chromatin_vs_heme,ATAD2,UROD,LAML_Tumor,spearman,success,./gepia_pdfs/ph2__chromatin_vs_heme__ATAD2_vs_UROD__LAML_Tumor__spearman.pdf,2026-09-11T14:05:31
2,chromatin_vs_heme,ATAD2,CPOX,LAML_Tumor,spearman,success,./gepia_pdfs/ph2__chromatin_vs_heme__ATAD2_vs_CPOX__LAML_Tumor__spearman.pdf,2026-09-11T14:05:34
2,chromatin_vs_heme,ATAD2,PPOX,LAML_Tumor,spearman,success,./gepia_pdfs/ph2__chromatin_vs_heme__ATAD2_vs_PPOX__LAML_Tumor__spearman.pdf,2026-09-11T14:05:38
2,chromatin_vs_heme,ATAD2,FECH,LAML_Tumor,spearman,success,./gepia_pdfs/ph2__chromatin_vs_heme__ATAD2_vs_FECH__LAML_Tumor__spearman.pdf,2026-09-11T14:05:40
2,chromatin_vs_heme,BRD4,ALAS1,LAML_Tumor,spearman,success,./gepia_pdfs/ph2__chromatin_vs_heme__BRD4_vs_ALAS1__LAML_Tumor__spearman.pdf,2026-09-11T14:05:45
2,chromatin_vs_heme,BRD4,ALAD,LAML_Tumor,spearman,success,./gepia_pdfs/ph2__chromatin_vs_heme__BRD4_vs_ALAD__LAML_Tumor__spearman.pdf,2026-09-11T14:05:49
2,chromatin_vs_heme,BRD4,HMBS,LAML_Tumor,spearman,success,./gepia_pdfs/ph2__chromatin_vs_heme__BRD4_vs_HMBS__LAML_Tumor__spearman.pdf,2026-09-11T14:05:54
2,chromatin_vs_heme,BRD4,UROS,LAML_Tumor,spearman,success,./gepia_pdfs/ph2__chromatin_vs_heme__BRD4_vs_UROS__LAML_Tumor__spearman.pdf,2026-09-11T14:06:00
2,chromatin_vs_heme,BRD4,UROD,LAML_Tumor,spearman,success,./gepia_pdfs/ph2__chromatin_vs_heme__BRD4_vs_UROD__LAML_Tumor__spearman.pdf,2026-09-11T14:06:06
2,chromatin_vs_heme,BRD4,CPOX,LAML_Tumor,spearman,success,./gepia_pdfs/ph2__chromatin_vs_heme__BRD4_vs_CPOX__LAML_Tumor__spearman.pdf,2026-09-11T14:06:08
2,chromatin_vs_heme,BRD4,PPOX,LAML_Tumor,spearman,success,./gepia_pdfs/ph2__chromatin_vs_heme__BRD4_vs_PPOX__LAML_Tumor__spearman.pdf,2026-09-11T14:06:11
2,chromatin_vs_heme,BRD4,FECH,LAML_Tumor,spearman,success,./gepia_pdfs/ph2__chromatin_vs_heme__BRD4_vs_FECH__LAML_Tumor__spearman.pdf,2026-09-11T14:06:16
2,chromatin_vs_heme,BRD2,ALAS1,LAML_Tumor,spearman,success,./gepia_pdfs/ph2__chromatin_vs_heme__BRD2_vs_ALAS1__LAML_Tumor__spearman.pdf,2026-09-11T14:06:19
2,chromatin_vs_heme,BRD2,ALAD,LAML_Tumor,spearman,success,./gepia_pdfs/ph2__chromatin_vs_heme__BRD2_vs_ALAD__LAML_Tumor__spearman.pdf,2026-09-11T14:06:24
2,chromatin_vs_heme,BRD2,HMBS,LAML_Tumor,spearman,success,./gepia_pdfs/ph2__chromatin_vs_heme__BRD2_vs_HMBS__LAML_Tumor__spearman.pdf,2026-09-11T14:06:28
2,chromatin_vs_heme,BRD2,UROS,LAML_Tumor,spearman,success,./gepia_pdfs/ph2__chromatin_vs_heme__BRD2_vs_UROS__LAML_Tumor__spearman.pdf,2026-09-11T14:06:33
2,chromatin_vs_heme,BRD2,UROD,LAML_Tumor,spearman,success,./gepia_pdfs/ph2__chromatin_vs_heme__BRD2_vs_UROD__LAML_Tumor__spearman.pdf,2026-09-11T14:06:35
2,chromatin_vs_heme,BRD2,CPOX,LAML_Tumor,spearman,success,./gepia_pdfs/ph2__chromatin_vs_heme__BRD2_vs_CPOX__LAML_Tumor__spearman.pdf,2026-09-11T14:06:37
2,chromatin_vs_heme,BRD2,PPOX,LAML_Tumor,spearman,success,./gepia_pdfs/ph2__chromatin_vs_heme__BRD2_vs_PPOX__LAML_Tumor__spearman.pdf,2026-09-11T14:06:41
2,chromatin_vs_heme,BRD2,FECH,LAML_Tumor,spearman,success,./gepia_pdfs/ph2__chromatin_vs_heme__BRD2_vs_FECH__LAML_Tumor__spearman.pdf,2026-09-11T14:06:43
2,positive_control,E2F1,CCNE1,LAML_Tumor,spearman,success,./gepia_pdfs/ph2__positive_control__E2F1_vs_CCNE1__LAML_Tumor__spearman.pdf,2026-09-11T14:06:49
2,positive_control,CDK2,CCNE1,LAML_Tumor,spearman,success,./gepia_pdfs/ph2__positive_control__CDK2_vs_CCNE1__LAML_Tumor__spearman.pdf,2026-09-11T14:06:54
2,heme_consecutive,ALAS1,ALAD,LGG_Tumor,spearman,success,./gepia_pdfs/ph2__heme_consecutive__ALAS1_vs_ALAD__LGG_Tumor__spearman.pdf,2026-09-11T14:06:59
2,heme_consecutive,ALAD,HMBS,LGG_Tumor,spearman,success,./gepia_pdfs/ph2__heme_consecutive__ALAD_vs_HMBS__LGG_Tumor__spearman.pdf,2026-09-11T14:07:02
2,heme_consecutive,HMBS,UROS,LGG_Tumor,spearman,success,./gepia_pdfs/ph2__heme_consecutive__HMBS_vs_UROS__LGG_Tumor__spearman.pdf,2026-09-11T14:07:05
2,heme_consecutive,UROS,UROD,LGG_Tumor,spearman,success,./gepia_pdfs/ph2__heme_consecutive__UROS_vs_UROD__LGG_Tumor__spearman.pdf,2026-09-11T14:07:10
2,heme_consecutive,UROD,CPOX,LGG_Tumor,spearman,success,./gepia_pdfs/ph2__heme_consecutive__UROD_vs_CPOX__LGG_Tumor__spearman.pdf,2026-09-11T14:07:14
2,heme_consecutive,CPOX,PPOX,LGG_Tumor,spearman,success,./gepia_pdfs/ph2__heme_consecutive__CPOX_vs_PPOX__LGG_Tumor__spearman.pdf,2026-09-11T14:07:18
2,heme_consecutive,PPOX,FECH,LGG_Tumor,spearman,success,./gepia_pdfs/ph2__heme_consecutive__PPOX_vs_FECH__LGG_Tumor__spearman.pdf,2026-09-11T14:07:21
2,heme_nonconsecutive,HMBS,FECH,LGG_Tumor,spearman,success,./gepia_pdfs/ph2__heme_nonconsecutive__HMBS_vs_FECH__LGG_Tumor__spearman.pdf,2026-09-11T14:07:26
2,heme_nonconsecutive,ALAS1,FECH,LGG_Tumor,spearman,success,./gepia_pdfs/ph2__heme_nonconsecutive__ALAS1_vs_FECH__LGG_Tumor__spearman.pdf,2026-09-11T14:07:29
2,heme_nonconsecutive,HMBS,PPOX,LGG_Tumor,spearman,success,./gepia_pdfs/ph2__heme_nonconsecutive__HMBS_vs_PPOX__LGG_Tumor__spearman.pdf,2026-09-11T14:07:34
2,chromatin_vs_heme,H2AFZ,ALAS1,LGG_Tumor,spearman,success,./gepia_pdfs/ph2__chromatin_vs_heme__H2AFZ_vs_ALAS1__LGG_Tumor__spearman.pdf,2026-09-11T14:07:39
2,chromatin_vs_heme,H2AFZ,ALAD,LGG_Tumor,spearman,success,./gepia_pdfs/ph2__chromatin_vs_heme__H2AFZ_vs_ALAD__LGG_Tumor__spearman.pdf,2026-09-11T14:07:41
2,chromatin_vs_heme,H2AFZ,HMBS,LGG_Tumor,spearman,success,./gepia_pdfs/ph2__chromatin_vs_heme__H2AFZ_vs_HMBS__LGG_Tumor__spearman.pdf,2026-09-11T14:07:44
2,chromatin_vs_heme,H2AFZ,UROS,LGG_Tumor,spearman,success,./gepia_pdfs/ph2__chromatin_vs_heme__H2AFZ_vs_UROS__LGG_Tumor__spearman.pdf,2026-09-11T14:07:48
2,chromatin_vs_heme,H2AFZ,UROD,LGG_Tumor,spearman,success,./gepia_pdfs/ph2__chromatin_vs_heme__H2AFZ_vs_UROD__LGG_Tumor__spearman.pdf,2026-09-11T14:07:52
2,chromatin_vs_heme,H2AFZ,CPOX,LGG_Tumor,spearman,success,./gepia_pdfs/ph2__chromatin_vs_heme__H2AFZ_vs_CPOX__LGG_Tumor__spearman.pdf,2026-09-11T14:07:58
2,chromatin_vs_heme,H2AFZ,PPOX,LGG_Tumor,spearman,success,./gepia_pdfs/ph2__chromatin_vs_heme__H2AFZ_vs_PPOX__LGG_Tumor__spearman.pdf,2026-09-11T14:08:02
2,chromatin_vs_heme,H2AFZ,FECH,LGG_Tumor,spearman,success,./gepia_pdfs/ph2__chromatin_vs_heme__H2AFZ_vs_FECH__LGG_Tumor__spearman.pdf,2026-09-11T14:08:05
2,chromatin_vs_heme,ATAD2,ALAS1,LGG_Tumor,spearman,success,./gepia_pdfs/ph2__chromatin_vs_heme__ATAD2_vs_ALAS1__LGG_Tumor__spearman.pdf,2026-09-11T14:08:08
2,chromatin_vs_heme,ATAD2,ALAD,LGG_Tumor,spearman,success,./gepia_pdfs/ph2__chromatin_vs_heme__ATAD2_vs_ALAD__LGG_Tumor__spearman.pdf,2026-09-11T14:08:12
2,chromatin_vs_heme,ATAD2,HMBS,LGG_Tumor,spearman,success,./gepia_pdfs/ph2__chromatin_vs_heme__ATAD2_vs_HMBS__LGG_Tumor__spearman.pdf,2026-09-11T14:08:17
2,chromatin_vs_heme,ATAD2,UROS,LGG_Tumor,spearman,success,./gepia_pdfs/ph2__chromatin_vs_heme__ATAD2_vs_UROS__LGG_Tumor__spearman.pdf,2026-09-11T14:08:22
2,chromatin_vs_heme,ATAD2,UROD,LGG_Tumor,spearman,success,./gepia_pdfs/ph2__chromatin_vs_heme__ATAD2_vs_UROD__LGG_Tumor__spearman.pdf,2026-09-11T14:08:24
2,chromatin_vs_heme,ATAD2,CPOX,LGG_Tumor,spearman,success,./gepia_pdfs/ph2__chromatin_vs_heme__ATAD2_vs_CPOX__LGG_Tumor__spearman.pdf,2026-09-11T14:08:28
2,chromatin_vs_heme,ATAD2,PPOX,LGG_Tumor,spearman,success,./gepia_pdfs/ph2__chromatin_vs_heme__ATAD2_vs_PPOX__LGG_Tumor__spearman.pdf,2026-09-11T14:08:33
2,chromatin_vs_heme,ATAD2,FECH,LGG_Tumor,spearman,success,./gepia_pdfs/ph2__chromatin_vs_heme__ATAD2_vs_FECH__LGG_Tumor__spearman.pdf,2026-09-11T14:08:37
2,chromatin_vs_heme,BRD4,ALAS1,LGG_Tumor,spearman,success,./gepia_pdfs/ph2__chromatin_vs_heme__BRD4_vs_ALAS1__LGG_Tumor__spearman.pdf,2026-09-11T14:08:40
2,chromatin_vs_heme,BRD4,ALAD,LGG_Tumor,spearman,success,./gepia_pdfs/ph2__chromatin_vs_heme__BRD4_vs_ALAD__LGG_Tumor__spearman.pdf,2026-09-11T14:08:43
2,chromatin_vs_heme,BRD4,HMBS,LGG_Tumor,spearman,success,./gepia_pdfs/ph2__chromatin_vs_heme__BRD4_vs_HMBS__LGG_Tumor__spearman.pdf,2026-09-11T14:08:47
2,chromatin_vs_heme,BRD4,UROS,LGG_Tumor,spearman,success,./gepia_pdfs/ph2__chromatin_vs_heme__BRD4_vs_UROS__LGG_Tumor__spearman.pdf,2026-09-11T14:08:49
2,chromatin_vs_heme,BRD4,UROD,LGG_Tumor,spearman,success,./gepia_pdfs/ph2__chromatin_vs_heme__BRD4_vs_UROD__LGG_Tumor__spearman.pdf,2026-09-11T14:08:53
2,chromatin_vs_heme,BRD4,CPOX,LGG_Tumor,spearman,success,./gepia_pdfs/ph2__chromatin_vs_heme__BRD4_vs_CPOX__LGG_Tumor__spearman.pdf,2026-09-11T14:08:58
2,chromatin_vs_heme,BRD4,PPOX,LGG_Tumor,spearman,success,./gepia_pdfs/ph2__chromatin_vs_heme__BRD4_vs_PPOX__LGG_Tumor__spearman.pdf,2026-09-11T14:09:02
2,chromatin_vs_heme,BRD4,FECH,LGG_Tumor,spearman,success,./gepia_pdfs/ph2__chromatin_vs_heme__BRD4_vs_FECH__LGG_Tumor__spearman.pdf,2026-09-11T14:09:05
2,chromatin_vs_heme,BRD2,ALAS1,LGG_Tumor,spearman,success,./gepia_pdfs/ph2__chromatin_vs_heme__BRD2_vs_ALAS1__LGG_Tumor__spearman.pdf,2026-09-11T14:09:10
2,chromatin_vs_heme,BRD2,ALAD,LGG_Tumor,spearman,success,./gepia_pdfs/ph2__chromatin_vs_heme__BRD2_vs_ALAD__LGG_Tumor__spearman.pdf,2026-09-11T14:09:14
2,chromatin_vs_heme,BRD2,HMBS,LGG_Tumor,spearman,success,./gepia_pdfs/ph2__chromatin_vs_heme__BRD2_vs_HMBS__LGG_Tumor__spearman.pdf,2026-09-11T14:09:19
2,chromatin_vs_heme,BRD2,UROS,LGG_Tumor,spearman,success,./gepia_pdfs/ph2__chromatin_vs_heme__BRD2_vs_UROS__LGG_Tumor__spearman.pdf,2026-09-11T14:09:24
2,chromatin_vs_heme,BRD2,UROD,LGG_Tumor,spearman,success,./gepia_pdfs/ph2__chromatin_vs_heme__BRD2_vs_UROD__LGG_Tumor__spearman.pdf,2026-09-11T14:09:26
2,chromatin_vs_heme,BRD2,CPOX,LGG_Tumor,spearman,success,./gepia_pdfs/ph2__chromatin_vs_heme__BRD2_vs_CPOX__LGG_Tumor__spearman.pdf,2026-09-11T14:09:31
2,chromatin_vs_heme,BRD2,PPOX,LGG_Tumor,spearman,success,./gepia_pdfs/ph2__chromatin_vs_heme__BRD2_vs_PPOX__LGG_Tumor__spearman.pdf,2026-09-11T14:09:36
2,chromatin_vs_heme,BRD2,FECH,LGG_Tumor,spearman,success,./gepia_pdfs/ph2__chromatin_vs_heme__BRD2_vs_FECH__LGG_Tumor__spearman.pdf,2026-09-11T14:09:39
2,positive_control,E2F1,CCNE1,LGG_Tumor,spearman,success,./gepia_pdfs/ph2__positive_control__E2F1_vs_CCNE1__LGG_Tumor__spearman.pdf,2026-09-11T14:09:42
2,positive_control,CDK2,CCNE1,LGG_Tumor,spearman,success,./gepia_pdfs/ph2__positive_control__CDK2_vs_CCNE1__LGG_Tumor__spearman.pdf,2026-09-11T14:09:46
2,heme_consecutive,ALAS1,ALAD,LIHC_Tumor,spearman,success,./gepia_pdfs/ph2__heme_consecutive__ALAS1_vs_ALAD__LIHC_Tumor__spearman.pdf,2026-09-11T14:09:50
2,heme_consecutive,ALAD,HMBS,LIHC_Tumor,spearman,success,./gepia_pdfs/ph2__heme_consecutive__ALAD_vs_HMBS__LIHC_Tumor__spearman.pdf,2026-09-11T14:09:55
2,heme_consecutive,HMBS,UROS,LIHC_Tumor,spearman,success,./gepia_pdfs/ph2__heme_consecutive__HMBS_vs_UROS__LIHC_Tumor__spearman.pdf,2026-09-11T14:09:57
2,heme_consecutive,UROS,UROD,LIHC_Tumor,spearman,success,./gepia_pdfs/ph2__heme_consecutive__UROS_vs_UROD__LIHC_Tumor__spearman.pdf,2026-09-11T14:10:02
2,heme_consecutive,UROD,CPOX,LIHC_Tumor,spearman,success,./gepia_pdfs/ph2__heme_consecutive__UROD_vs_CPOX__LIHC_Tumor__spearman.pdf,2026-09-11T14:10:07
2,heme_consecutive,CPOX,PPOX,LIHC_Tumor,spearman,success,./gepia_pdfs/ph2__heme_consecutive__CPOX_vs_PPOX__LIHC_Tumor__spearman.pdf,2026-09-11T14:10:12
2,heme_consecutive,PPOX,FECH,LIHC_Tumor,spearman,success,./gepia_pdfs/ph2__heme_consecutive__PPOX_vs_FECH__LIHC_Tumor__spearman.pdf,2026-09-11T14:10:14
2,heme_nonconsecutive,HMBS,FECH,LIHC_Tumor,spearman,success,./gepia_pdfs/ph2__heme_nonconsecutive__HMBS_vs_FECH__LIHC_Tumor__spearman.pdf,2026-09-11T14:10:17
2,heme_nonconsecutive,ALAS1,FECH,LIHC_Tumor,spearman,success,./gepia_pdfs/ph2__heme_nonconsecutive__ALAS1_vs_FECH__LIHC_Tumor__spearman.pdf,2026-09-11T14:10:21
2,heme_nonconsecutive,HMBS,PPOX,LIHC_Tumor,spearman,success,./gepia_pdfs/ph2__heme_nonconsecutive__HMBS_vs_PPOX__LIHC_Tumor__spearman.pdf,2026-09-11T14:10:24
2,chromatin_vs_heme,H2AFZ,ALAS1,LIHC_Tumor,spearman,success,./gepia_pdfs/ph2__chromatin_vs_heme__H2AFZ_vs_ALAS1__LIHC_Tumor__spearman.pdf,2026-09-11T14:10:29
2,chromatin_vs_heme,H2AFZ,ALAD,LIHC_Tumor,spearman,success,./gepia_pdfs/ph2__chromatin_vs_heme__H2AFZ_vs_ALAD__LIHC_Tumor__spearman.pdf,2026-09-11T14:10:33
2,chromatin_vs_heme,H2AFZ,HMBS,LIHC_Tumor,spearman,success,./gepia_pdfs/ph2__chromatin_vs_heme__H2AFZ_vs_HMBS__LIHC_Tumor__spearman.pdf,2026-09-11T14:10:38
2,chromatin_vs_heme,H2AFZ,UROS,LIHC_Tumor,spearman,success,./gepia_pdfs/ph2__chromatin_vs_heme__H2AFZ_vs_UROS__LIHC_Tumor__spearman.pdf,2026-09-11T14:10:43
2,chromatin_vs_heme,H2AFZ,UROD,LIHC_Tumor,spearman,success,./gepia_pdfs/ph2__chromatin_vs_heme__H2AFZ_vs_UROD__LIHC_Tumor__spearman.pdf,2026-09-11T14:10:46
2,chromatin_vs_heme,H2AFZ,CPOX,LIHC_Tumor,spearman,success,./gepia_pdfs/ph2__chromatin_vs_heme__H2AFZ_vs_CPOX__LIHC_Tumor__spearman.pdf,2026-09-11T14:10:51
2,chromatin_vs_heme,H2AFZ,PPOX,LIHC_Tumor,spearman,success,./gepia_pdfs/ph2__chromatin_vs_heme__H2AFZ_vs_PPOX__LIHC_Tumor__spearman.pdf,2026-09-11T14:10:53
2,chromatin_vs_heme,H2AFZ,FECH,LIHC_Tumor,spearman,success,./gepia_pdfs/ph2__chromatin_vs_heme__H2AFZ_vs_FECH__LIHC_Tumor__spearman.pdf,2026-09-11T14:10:55
2,chromatin_vs_heme,ATAD2,ALAS1,LIHC_Tumor,spearman,success,./gepia_pdfs/ph2__chromatin_vs_heme__ATAD2_vs_ALAS1__LIHC_Tumor__spearman.pdf,2026-09-11T14:10:57
2,chromatin_vs_heme,ATAD2,ALAD,LIHC_Tumor,spearman,success,./gepia_pdfs/ph2__chromatin_vs_heme__ATAD2_vs_ALAD__LIHC_Tumor__spearman.pdf,2026-09-11T14:11:02
2,chromatin_vs_heme,ATAD2,HMBS,LIHC_Tumor,spearman,success,./gepia_pdfs/ph2__chromatin_vs_heme__ATAD2_vs_HMBS__LIHC_Tumor__spearman.pdf,2026-09-11T14:11:06
2,chromatin_vs_heme,ATAD2,UROS,LIHC_Tumor,spearman,success,./gepia_pdfs/ph2__chromatin_vs_heme__ATAD2_vs_UROS__LIHC_Tumor__spearman.pdf,2026-09-11T14:11:13
2,chromatin_vs_heme,ATAD2,UROD,LIHC_Tumor,spearman,success,./gepia_pdfs/ph2__chromatin_vs_heme__ATAD2_vs_UROD__LIHC_Tumor__spearman.pdf,2026-09-11T14:11:16
2,chromatin_vs_heme,ATAD2,CPOX,LIHC_Tumor,spearman,success,./gepia_pdfs/ph2__chromatin_vs_heme__ATAD2_vs_CPOX__LIHC_Tumor__spearman.pdf,2026-09-11T14:11:20
2,chromatin_vs_heme,ATAD2,PPOX,LIHC_Tumor,spearman,success,./gepia_pdfs/ph2__chromatin_vs_heme__ATAD2_vs_PPOX__LIHC_Tumor__spearman.pdf,2026-09-11T14:11:25
2,chromatin_vs_heme,ATAD2,FECH,LIHC_Tumor,spearman,success,./gepia_pdfs/ph2__chromatin_vs_heme__ATAD2_vs_FECH__LIHC_Tumor__spearman.pdf,2026-09-11T14:11:30
2,chromatin_vs_heme,BRD4,ALAS1,LIHC_Tumor,spearman,success,./gepia_pdfs/ph2__chromatin_vs_heme__BRD4_vs_ALAS1__LIHC_Tumor__spearman.pdf,2026-09-11T14:11:32
2,chromatin_vs_heme,BRD4,ALAD,LIHC_Tumor,spearman,success,./gepia_pdfs/ph2__chromatin_vs_heme__BRD4_vs_ALAD__LIHC_Tumor__spearman.pdf,2026-09-11T14:11:35
2,chromatin_vs_heme,BRD4,HMBS,LIHC_Tumor,spearman,success,./gepia_pdfs/ph2__chromatin_vs_heme__BRD4_vs_HMBS__LIHC_Tumor__spearman.pdf,2026-09-11T14:11:38
2,chromatin_vs_heme,BRD4,UROS,LIHC_Tumor,spearman,success,./gepia_pdfs/ph2__chromatin_vs_heme__BRD4_vs_UROS__LIHC_Tumor__spearman.pdf,2026-09-11T14:11:41
2,chromatin_vs_heme,BRD4,UROD,LIHC_Tumor,spearman,success,./gepia_pdfs/ph2__chromatin_vs_heme__BRD4_vs_UROD__LIHC_Tumor__spearman.pdf,2026-09-11T14:11:45
2,chromatin_vs_heme,BRD4,CPOX,LIHC_Tumor,spearman,success,./gepia_pdfs/ph2__chromatin_vs_heme__BRD4_vs_CPOX__LIHC_Tumor__spearman.pdf,2026-09-11T14:11:48
2,chromatin_vs_heme,BRD4,PPOX,LIHC_Tumor,spearman,success,./gepia_pdfs/ph2__chromatin_vs_heme__BRD4_vs_PPOX__LIHC_Tumor__spearman.pdf,2026-09-11T14:11:51
2,chromatin_vs_heme,BRD4,FECH,LIHC_Tumor,spearman,success,./gepia_pdfs/ph2__chromatin_vs_heme__BRD4_vs_FECH__LIHC_Tumor__spearman.pdf,2026-09-11T14:11:55
2,chromatin_vs_heme,BRD2,ALAS1,LIHC_Tumor,spearman,success,./gepia_pdfs/ph2__chromatin_vs_heme__BRD2_vs_ALAS1__LIHC_Tumor__spearman.pdf,2026-09-11T14:11:59
2,chromatin_vs_heme,BRD2,ALAD,LIHC_Tumor,spearman,success,./gepia_pdfs/ph2__chromatin_vs_heme__BRD2_vs_ALAD__LIHC_Tumor__spearman.pdf,2026-09-11T14:12:02
2,chromatin_vs_heme,BRD2,HMBS,LIHC_Tumor,spearman,success,./gepia_pdfs/ph2__chromatin_vs_heme__BRD2_vs_HMBS__LIHC_Tumor__spearman.pdf,2026-09-11T14:12:04
2,chromatin_vs_heme,BRD2,UROS,LIHC_Tumor,spearman,success,./gepia_pdfs/ph2__chromatin_vs_heme__BRD2_vs_UROS__LIHC_Tumor__spearman.pdf,2026-09-11T14:12:10
2,chromatin_vs_heme,BRD2,UROD,LIHC_Tumor,spearman,success,./gepia_pdfs/ph2__chromatin_vs_heme__BRD2_vs_UROD__LIHC_Tumor__spearman.pdf,2026-09-11T14:12:15
2,chromatin_vs_heme,BRD2,CPOX,LIHC_Tumor,spearman,success,./gepia_pdfs/ph2__chromatin_vs_heme__BRD2_vs_CPOX__LIHC_Tumor__spearman.pdf,2026-09-11T14:12:18
2,chromatin_vs_heme,BRD2,PPOX,LIHC_Tumor,spearman,success,./gepia_pdfs/ph2__chromatin_vs_heme__BRD2_vs_PPOX__LIHC_Tumor__spearman.pdf,2026-09-11T14:12:22
2,chromatin_vs_heme,BRD2,FECH,LIHC_Tumor,spearman,success,./gepia_pdfs/ph2__chromatin_vs_heme__BRD2_vs_FECH__LIHC_Tumor__spearman.pdf,2026-09-11T14:12:26
2,positive_control,E2F1,CCNE1,LIHC_Tumor,spearman,success,./gepia_pdfs/ph2__positive_control__E2F1_vs_CCNE1__LIHC_Tumor__spearman.pdf,2026-09-11T14:12:29
2,positive_control,CDK2,CCNE1,LIHC_Tumor,spearman,success,./gepia_pdfs/ph2__positive_control__CDK2_vs_CCNE1__LIHC_Tumor__spearman.pdf,2026-09-11T14:12:32
2,heme_consecutive,ALAS1,ALAD,LUAD_Tumor,spearman,success,./gepia_pdfs/ph2__heme_consecutive__ALAS1_vs_ALAD__LUAD_Tumor__spearman.pdf,2026-09-11T14:12:36
2,heme_consecutive,ALAD,HMBS,LUAD_Tumor,spearman,success,./gepia_pdfs/ph2__heme_consecutive__ALAD_vs_HMBS__LUAD_Tumor__spearman.pdf,2026-09-11T14:12:41
2,heme_consecutive,HMBS,UROS,LUAD_Tumor,spearman,success,./gepia_pdfs/ph2__heme_consecutive__HMBS_vs_UROS__LUAD_Tumor__spearman.pdf,2026-09-11T14:12:43
2,heme_consecutive,UROS,UROD,LUAD_Tumor,spearman,success,./gepia_pdfs/ph2__heme_consecutive__UROS_vs_UROD__LUAD_Tumor__spearman.pdf,2026-09-11T14:12:47
2,heme_consecutive,UROD,CPOX,LUAD_Tumor,spearman,success,./gepia_pdfs/ph2__heme_consecutive__UROD_vs_CPOX__LUAD_Tumor__spearman.pdf,2026-09-11T14:12:51
2,heme_consecutive,CPOX,PPOX,LUAD_Tumor,spearman,success,./gepia_pdfs/ph2__heme_consecutive__CPOX_vs_PPOX__LUAD_Tumor__spearman.pdf,2026-09-11T14:12:55
2,heme_consecutive,PPOX,FECH,LUAD_Tumor,spearman,success,./gepia_pdfs/ph2__heme_consecutive__PPOX_vs_FECH__LUAD_Tumor__spearman.pdf,2026-09-11T14:12:58
2,heme_nonconsecutive,HMBS,FECH,LUAD_Tumor,spearman,success,./gepia_pdfs/ph2__heme_nonconsecutive__HMBS_vs_FECH__LUAD_Tumor__spearman.pdf,2026-09-11T14:13:01
2,heme_nonconsecutive,ALAS1,FECH,LUAD_Tumor,spearman,success,./gepia_pdfs/ph2__heme_nonconsecutive__ALAS1_vs_FECH__LUAD_Tumor__spearman.pdf,2026-09-11T14:13:06
2,heme_nonconsecutive,HMBS,PPOX,LUAD_Tumor,spearman,success,./gepia_pdfs/ph2__heme_nonconsecutive__HMBS_vs_PPOX__LUAD_Tumor__spearman.pdf,2026-09-11T14:13:09
2,chromatin_vs_heme,H2AFZ,ALAS1,LUAD_Tumor,spearman,success,./gepia_pdfs/ph2__chromatin_vs_heme__H2AFZ_vs_ALAS1__LUAD_Tumor__spearman.pdf,2026-09-11T14:13:13
2,chromatin_vs_heme,H2AFZ,ALAD,LUAD_Tumor,spearman,success,./gepia_pdfs/ph2__chromatin_vs_heme__H2AFZ_vs_ALAD__LUAD_Tumor__spearman.pdf,2026-09-11T14:13:18
2,chromatin_vs_heme,H2AFZ,HMBS,LUAD_Tumor,spearman,success,./gepia_pdfs/ph2__chromatin_vs_heme__H2AFZ_vs_HMBS__LUAD_Tumor__spearman.pdf,2026-09-11T14:13:20
2,chromatin_vs_heme,H2AFZ,UROS,LUAD_Tumor,spearman,success,./gepia_pdfs/ph2__chromatin_vs_heme__H2AFZ_vs_UROS__LUAD_Tumor__spearman.pdf,2026-09-11T14:13:24
2,chromatin_vs_heme,H2AFZ,UROD,LUAD_Tumor,spearman,success,./gepia_pdfs/ph2__chromatin_vs_heme__H2AFZ_vs_UROD__LUAD_Tumor__spearman.pdf,2026-09-11T14:13:28
2,chromatin_vs_heme,H2AFZ,CPOX,LUAD_Tumor,spearman,success,./gepia_pdfs/ph2__chromatin_vs_heme__H2AFZ_vs_CPOX__LUAD_Tumor__spearman.pdf,2026-09-11T14:13:32
2,chromatin_vs_heme,H2AFZ,PPOX,LUAD_Tumor,spearman,success,./gepia_pdfs/ph2__chromatin_vs_heme__H2AFZ_vs_PPOX__LUAD_Tumor__spearman.pdf,2026-09-11T14:13:37
2,chromatin_vs_heme,H2AFZ,FECH,LUAD_Tumor,spearman,success,./gepia_pdfs/ph2__chromatin_vs_heme__H2AFZ_vs_FECH__LUAD_Tumor__spearman.pdf,2026-09-11T14:13:40
2,chromatin_vs_heme,ATAD2,ALAS1,LUAD_Tumor,spearman,success,./gepia_pdfs/ph2__chromatin_vs_heme__ATAD2_vs_ALAS1__LUAD_Tumor__spearman.pdf,2026-09-11T14:13:42
2,chromatin_vs_heme,ATAD2,ALAD,LUAD_Tumor,spearman,success,./gepia_pdfs/ph2__chromatin_vs_heme__ATAD2_vs_ALAD__LUAD_Tumor__spearman.pdf,2026-09-11T14:13:45
2,chromatin_vs_heme,ATAD2,HMBS,LUAD_Tumor,spearman,success,./gepia_pdfs/ph2__chromatin_vs_heme__ATAD2_vs_HMBS__LUAD_Tumor__spearman.pdf,2026-09-11T14:13:49
2,chromatin_vs_heme,ATAD2,UROS,LUAD_Tumor,spearman,success,./gepia_pdfs/ph2__chromatin_vs_heme__ATAD2_vs_UROS__LUAD_Tumor__spearman.pdf,2026-09-11T14:13:53
2,chromatin_vs_heme,ATAD2,UROD,LUAD_Tumor,spearman,success,./gepia_pdfs/ph2__chromatin_vs_heme__ATAD2_vs_UROD__LUAD_Tumor__spearman.pdf,2026-09-11T14:13:55
2,chromatin_vs_heme,ATAD2,CPOX,LUAD_Tumor,spearman,success,./gepia_pdfs/ph2__chromatin_vs_heme__ATAD2_vs_CPOX__LUAD_Tumor__spearman.pdf,2026-09-11T14:14:00
2,chromatin_vs_heme,ATAD2,PPOX,LUAD_Tumor,spearman,success,./gepia_pdfs/ph2__chromatin_vs_heme__ATAD2_vs_PPOX__LUAD_Tumor__spearman.pdf,2026-09-11T14:14:03
2,chromatin_vs_heme,ATAD2,FECH,LUAD_Tumor,spearman,success,./gepia_pdfs/ph2__chromatin_vs_heme__ATAD2_vs_FECH__LUAD_Tumor__spearman.pdf,2026-09-11T14:14:06
2,chromatin_vs_heme,BRD4,ALAS1,LUAD_Tumor,spearman,success,./gepia_pdfs/ph2__chromatin_vs_heme__BRD4_vs_ALAS1__LUAD_Tumor__spearman.pdf,2026-09-11T14:14:11
2,chromatin_vs_heme,BRD4,ALAD,LUAD_Tumor,spearman,success,./gepia_pdfs/ph2__chromatin_vs_heme__BRD4_vs_ALAD__LUAD_Tumor__spearman.pdf,2026-09-11T14:14:14
2,chromatin_vs_heme,BRD4,HMBS,LUAD_Tumor,spearman,success,./gepia_pdfs/ph2__chromatin_vs_heme__BRD4_vs_HMBS__LUAD_Tumor__spearman.pdf,2026-09-11T14:14:18
2,chromatin_vs_heme,BRD4,UROS,LUAD_Tumor,spearman,success,./gepia_pdfs/ph2__chromatin_vs_heme__BRD4_vs_UROS__LUAD_Tumor__spearman.pdf,2026-09-11T14:14:22
2,chromatin_vs_heme,BRD4,UROD,LUAD_Tumor,spearman,success,./gepia_pdfs/ph2__chromatin_vs_heme__BRD4_vs_UROD__LUAD_Tumor__spearman.pdf,2026-09-11T14:14:25
2,chromatin_vs_heme,BRD4,CPOX,LUAD_Tumor,spearman,success,./gepia_pdfs/ph2__chromatin_vs_heme__BRD4_vs_CPOX__LUAD_Tumor__spearman.pdf,2026-09-11T14:14:29
2,chromatin_vs_heme,BRD4,PPOX,LUAD_Tumor,spearman,success,./gepia_pdfs/ph2__chromatin_vs_heme__BRD4_vs_PPOX__LUAD_Tumor__spearman.pdf,2026-09-11T14:14:32
2,chromatin_vs_heme,BRD4,FECH,LUAD_Tumor,spearman,success,./gepia_pdfs/ph2__chromatin_vs_heme__BRD4_vs_FECH__LUAD_Tumor__spearman.pdf,2026-09-11T14:14:37
2,chromatin_vs_heme,BRD2,ALAS1,LUAD_Tumor,spearman,success,./gepia_pdfs/ph2__chromatin_vs_heme__BRD2_vs_ALAS1__LUAD_Tumor__spearman.pdf,2026-09-11T14:14:41
2,chromatin_vs_heme,BRD2,ALAD,LUAD_Tumor,spearman,success,./gepia_pdfs/ph2__chromatin_vs_heme__BRD2_vs_ALAD__LUAD_Tumor__spearman.pdf,2026-09-11T14:14:44
2,chromatin_vs_heme,BRD2,HMBS,LUAD_Tumor,spearman,success,./gepia_pdfs/ph2__chromatin_vs_heme__BRD2_vs_HMBS__LUAD_Tumor__spearman.pdf,2026-09-11T14:14:50
2,chromatin_vs_heme,BRD2,UROS,LUAD_Tumor,spearman,success,./gepia_pdfs/ph2__chromatin_vs_heme__BRD2_vs_UROS__LUAD_Tumor__spearman.pdf,2026-09-11T14:14:54
2,chromatin_vs_heme,BRD2,UROD,LUAD_Tumor,spearman,success,./gepia_pdfs/ph2__chromatin_vs_heme__BRD2_vs_UROD__LUAD_Tumor__spearman.pdf,2026-09-11T14:14:57
2,chromatin_vs_heme,BRD2,CPOX,LUAD_Tumor,spearman,success,./gepia_pdfs/ph2__chromatin_vs_heme__BRD2_vs_CPOX__LUAD_Tumor__spearman.pdf,2026-09-11T14:15:01
2,chromatin_vs_heme,BRD2,PPOX,LUAD_Tumor,spearman,success,./gepia_pdfs/ph2__chromatin_vs_heme__BRD2_vs_PPOX__LUAD_Tumor__spearman.pdf,2026-09-11T14:15:04
2,chromatin_vs_heme,BRD2,FECH,LUAD_Tumor,spearman,success,./gepia_pdfs/ph2__chromatin_vs_heme__BRD2_vs_FECH__LUAD_Tumor__spearman.pdf,2026-09-11T14:15:08
2,positive_control,E2F1,CCNE1,LUAD_Tumor,spearman,success,./gepia_pdfs/ph2__positive_control__E2F1_vs_CCNE1__LUAD_Tumor__spearman.pdf,2026-09-11T14:15:13
2,positive_control,CDK2,CCNE1,LUAD_Tumor,spearman,success,./gepia_pdfs/ph2__positive_control__CDK2_vs_CCNE1__LUAD_Tumor__spearman.pdf,2026-09-11T14:15:17
2,heme_consecutive,ALAS1,ALAD,LUSC_Tumor,spearman,success,./gepia_pdfs/ph2__heme_consecutive__ALAS1_vs_ALAD__LUSC_Tumor__spearman.pdf,2026-09-11T14:15:21
2,heme_consecutive,ALAD,HMBS,LUSC_Tumor,spearman,success,./gepia_pdfs/ph2__heme_consecutive__ALAD_vs_HMBS__LUSC_Tumor__spearman.pdf,2026-09-11T14:15:25
2,heme_consecutive,HMBS,UROS,LUSC_Tumor,spearman,success,./gepia_pdfs/ph2__heme_consecutive__HMBS_vs_UROS__LUSC_Tumor__spearman.pdf,2026-09-11T14:15:30
2,heme_consecutive,UROS,UROD,LUSC_Tumor,spearman,success,./gepia_pdfs/ph2__heme_consecutive__UROS_vs_UROD__LUSC_Tumor__spearman.pdf,2026-09-11T14:15:33
2,heme_consecutive,UROD,CPOX,LUSC_Tumor,spearman,success,./gepia_pdfs/ph2__heme_consecutive__UROD_vs_CPOX__LUSC_Tumor__spearman.pdf,2026-09-11T14:15:36
2,heme_consecutive,CPOX,PPOX,LUSC_Tumor,spearman,success,./gepia_pdfs/ph2__heme_consecutive__CPOX_vs_PPOX__LUSC_Tumor__spearman.pdf,2026-09-11T14:15:41
2,heme_consecutive,PPOX,FECH,LUSC_Tumor,spearman,success,./gepia_pdfs/ph2__heme_consecutive__PPOX_vs_FECH__LUSC_Tumor__spearman.pdf,2026-09-11T14:15:45
2,heme_nonconsecutive,HMBS,FECH,LUSC_Tumor,spearman,success,./gepia_pdfs/ph2__heme_nonconsecutive__HMBS_vs_FECH__LUSC_Tumor__spearman.pdf,2026-09-11T14:15:50
2,heme_nonconsecutive,ALAS1,FECH,LUSC_Tumor,spearman,success,./gepia_pdfs/ph2__heme_nonconsecutive__ALAS1_vs_FECH__LUSC_Tumor__spearman.pdf,2026-09-11T14:15:54
2,heme_nonconsecutive,HMBS,PPOX,LUSC_Tumor,spearman,success,./gepia_pdfs/ph2__heme_nonconsecutive__HMBS_vs_PPOX__LUSC_Tumor__spearman.pdf,2026-09-11T14:15:58
2,chromatin_vs_heme,H2AFZ,ALAS1,LUSC_Tumor,spearman,success,./gepia_pdfs/ph2__chromatin_vs_heme__H2AFZ_vs_ALAS1__LUSC_Tumor__spearman.pdf,2026-09-11T14:16:02
2,chromatin_vs_heme,H2AFZ,ALAD,LUSC_Tumor,spearman,success,./gepia_pdfs/ph2__chromatin_vs_heme__H2AFZ_vs_ALAD__LUSC_Tumor__spearman.pdf,2026-09-11T14:16:05
2,chromatin_vs_heme,H2AFZ,HMBS,LUSC_Tumor,spearman,success,./gepia_pdfs/ph2__chromatin_vs_heme__H2AFZ_vs_HMBS__LUSC_Tumor__spearman.pdf,2026-09-11T14:16:08
2,chromatin_vs_heme,H2AFZ,UROS,LUSC_Tumor,spearman,success,./gepia_pdfs/ph2__chromatin_vs_heme__H2AFZ_vs_UROS__LUSC_Tumor__spearman.pdf,2026-09-11T14:16:12
2,chromatin_vs_heme,H2AFZ,UROD,LUSC_Tumor,spearman,success,./gepia_pdfs/ph2__chromatin_vs_heme__H2AFZ_vs_UROD__LUSC_Tumor__spearman.pdf,2026-09-11T14:16:15
2,chromatin_vs_heme,H2AFZ,CPOX,LUSC_Tumor,spearman,success,./gepia_pdfs/ph2__chromatin_vs_heme__H2AFZ_vs_CPOX__LUSC_Tumor__spearman.pdf,2026-09-11T14:16:20
2,chromatin_vs_heme,H2AFZ,PPOX,LUSC_Tumor,spearman,success,./gepia_pdfs/ph2__chromatin_vs_heme__H2AFZ_vs_PPOX__LUSC_Tumor__spearman.pdf,2026-09-11T14:16:25
2,chromatin_vs_heme,H2AFZ,FECH,LUSC_Tumor,spearman,success,./gepia_pdfs/ph2__chromatin_vs_heme__H2AFZ_vs_FECH__LUSC_Tumor__spearman.pdf,2026-09-11T14:16:29
2,chromatin_vs_heme,ATAD2,ALAS1,LUSC_Tumor,spearman,success,./gepia_pdfs/ph2__chromatin_vs_heme__ATAD2_vs_ALAS1__LUSC_Tumor__spearman.pdf,2026-09-11T14:16:34
2,chromatin_vs_heme,ATAD2,ALAD,LUSC_Tumor,spearman,success,./gepia_pdfs/ph2__chromatin_vs_heme__ATAD2_vs_ALAD__LUSC_Tumor__spearman.pdf,2026-09-11T14:16:38
2,chromatin_vs_heme,ATAD2,HMBS,LUSC_Tumor,spearman,success,./gepia_pdfs/ph2__chromatin_vs_heme__ATAD2_vs_HMBS__LUSC_Tumor__spearman.pdf,2026-09-11T14:16:41
2,chromatin_vs_heme,ATAD2,UROS,LUSC_Tumor,spearman,success,./gepia_pdfs/ph2__chromatin_vs_heme__ATAD2_vs_UROS__LUSC_Tumor__spearman.pdf,2026-09-11T14:16:44
2,chromatin_vs_heme,ATAD2,UROD,LUSC_Tumor,spearman,success,./gepia_pdfs/ph2__chromatin_vs_heme__ATAD2_vs_UROD__LUSC_Tumor__spearman.pdf,2026-09-11T14:16:50
2,chromatin_vs_heme,ATAD2,CPOX,LUSC_Tumor,spearman,success,./gepia_pdfs/ph2__chromatin_vs_heme__ATAD2_vs_CPOX__LUSC_Tumor__spearman.pdf,2026-09-11T14:16:52
2,chromatin_vs_heme,ATAD2,PPOX,LUSC_Tumor,spearman,success,./gepia_pdfs/ph2__chromatin_vs_heme__ATAD2_vs_PPOX__LUSC_Tumor__spearman.pdf,2026-09-11T14:16:55
2,chromatin_vs_heme,ATAD2,FECH,LUSC_Tumor,spearman,success,./gepia_pdfs/ph2__chromatin_vs_heme__ATAD2_vs_FECH__LUSC_Tumor__spearman.pdf,2026-09-11T14:16:58
2,chromatin_vs_heme,BRD4,ALAS1,LUSC_Tumor,spearman,success,./gepia_pdfs/ph2__chromatin_vs_heme__BRD4_vs_ALAS1__LUSC_Tumor__spearman.pdf,2026-09-11T14:17:02
2,chromatin_vs_heme,BRD4,ALAD,LUSC_Tumor,spearman,success,./gepia_pdfs/ph2__chromatin_vs_heme__BRD4_vs_ALAD__LUSC_Tumor__spearman.pdf,2026-09-11T14:17:07
2,chromatin_vs_heme,BRD4,HMBS,LUSC_Tumor,spearman,success,./gepia_pdfs/ph2__chromatin_vs_heme__BRD4_vs_HMBS__LUSC_Tumor__spearman.pdf,2026-09-11T14:17:10
2,chromatin_vs_heme,BRD4,UROS,LUSC_Tumor,spearman,success,./gepia_pdfs/ph2__chromatin_vs_heme__BRD4_vs_UROS__LUSC_Tumor__spearman.pdf,2026-09-11T14:17:14
2,chromatin_vs_heme,BRD4,UROD,LUSC_Tumor,spearman,success,./gepia_pdfs/ph2__chromatin_vs_heme__BRD4_vs_UROD__LUSC_Tumor__spearman.pdf,2026-09-11T14:17:16
2,chromatin_vs_heme,BRD4,CPOX,LUSC_Tumor,spearman,success,./gepia_pdfs/ph2__chromatin_vs_heme__BRD4_vs_CPOX__LUSC_Tumor__spearman.pdf,2026-09-11T14:17:19
2,chromatin_vs_heme,BRD4,PPOX,LUSC_Tumor,spearman,success,./gepia_pdfs/ph2__chromatin_vs_heme__BRD4_vs_PPOX__LUSC_Tumor__spearman.pdf,2026-09-11T14:17:21
2,chromatin_vs_heme,BRD4,FECH,LUSC_Tumor,spearman,success,./gepia_pdfs/ph2__chromatin_vs_heme__BRD4_vs_FECH__LUSC_Tumor__spearman.pdf,2026-09-11T14:17:27
2,chromatin_vs_heme,BRD2,ALAS1,LUSC_Tumor,spearman,success,./gepia_pdfs/ph2__chromatin_vs_heme__BRD2_vs_ALAS1__LUSC_Tumor__spearman.pdf,2026-09-11T14:17:32
2,chromatin_vs_heme,BRD2,ALAD,LUSC_Tumor,spearman,success,./gepia_pdfs/ph2__chromatin_vs_heme__BRD2_vs_ALAD__LUSC_Tumor__spearman.pdf,2026-09-11T14:17:36
2,chromatin_vs_heme,BRD2,HMBS,LUSC_Tumor,spearman,success,./gepia_pdfs/ph2__chromatin_vs_heme__BRD2_vs_HMBS__LUSC_Tumor__spearman.pdf,2026-09-11T14:17:40
2,chromatin_vs_heme,BRD2,UROS,LUSC_Tumor,spearman,success,./gepia_pdfs/ph2__chromatin_vs_heme__BRD2_vs_UROS__LUSC_Tumor__spearman.pdf,2026-09-11T14:17:42
2,chromatin_vs_heme,BRD2,UROD,LUSC_Tumor,spearman,success,./gepia_pdfs/ph2__chromatin_vs_heme__BRD2_vs_UROD__LUSC_Tumor__spearman.pdf,2026-09-11T14:17:48
2,chromatin_vs_heme,BRD2,CPOX,LUSC_Tumor,spearman,success,./gepia_pdfs/ph2__chromatin_vs_heme__BRD2_vs_CPOX__LUSC_Tumor__spearman.pdf,2026-09-11T14:17:52
2,chromatin_vs_heme,BRD2,PPOX,LUSC_Tumor,spearman,success,./gepia_pdfs/ph2__chromatin_vs_heme__BRD2_vs_PPOX__LUSC_Tumor__spearman.pdf,2026-09-11T14:17:55
2,chromatin_vs_heme,BRD2,FECH,LUSC_Tumor,spearman,success,./gepia_pdfs/ph2__chromatin_vs_heme__BRD2_vs_FECH__LUSC_Tumor__spearman.pdf,2026-09-11T14:17:59
2,positive_control,E2F1,CCNE1,LUSC_Tumor,spearman,success,./gepia_pdfs/ph2__positive_control__E2F1_vs_CCNE1__LUSC_Tumor__spearman.pdf,2026-09-11T14:18:03
2,positive_control,CDK2,CCNE1,LUSC_Tumor,spearman,success,./gepia_pdfs/ph2__positive_control__CDK2_vs_CCNE1__LUSC_Tumor__spearman.pdf,2026-09-11T14:18:07
2,heme_consecutive,ALAS1,ALAD,MESO_Tumor,spearman,success,./gepia_pdfs/ph2__heme_consecutive__ALAS1_vs_ALAD__MESO_Tumor__spearman.pdf,2026-09-11T14:18:12
2,heme_consecutive,ALAD,HMBS,MESO_Tumor,spearman,success,./gepia_pdfs/ph2__heme_consecutive__ALAD_vs_HMBS__MESO_Tumor__spearman.pdf,2026-09-11T14:18:17
2,heme_consecutive,HMBS,UROS,MESO_Tumor,spearman,success,./gepia_pdfs/ph2__heme_consecutive__HMBS_vs_UROS__MESO_Tumor__spearman.pdf,2026-09-11T14:18:22
2,heme_consecutive,UROS,UROD,MESO_Tumor,spearman,success,./gepia_pdfs/ph2__heme_consecutive__UROS_vs_UROD__MESO_Tumor__spearman.pdf,2026-09-11T14:18:26
2,heme_consecutive,UROD,CPOX,MESO_Tumor,spearman,success,./gepia_pdfs/ph2__heme_consecutive__UROD_vs_CPOX__MESO_Tumor__spearman.pdf,2026-09-11T14:18:29
2,heme_consecutive,CPOX,PPOX,MESO_Tumor,spearman,success,./gepia_pdfs/ph2__heme_consecutive__CPOX_vs_PPOX__MESO_Tumor__spearman.pdf,2026-09-11T14:18:32
2,heme_consecutive,PPOX,FECH,MESO_Tumor,spearman,success,./gepia_pdfs/ph2__heme_consecutive__PPOX_vs_FECH__MESO_Tumor__spearman.pdf,2026-09-11T14:18:37
2,heme_nonconsecutive,HMBS,FECH,MESO_Tumor,spearman,success,./gepia_pdfs/ph2__heme_nonconsecutive__HMBS_vs_FECH__MESO_Tumor__spearman.pdf,2026-09-11T14:18:39
2,heme_nonconsecutive,ALAS1,FECH,MESO_Tumor,spearman,success,./gepia_pdfs/ph2__heme_nonconsecutive__ALAS1_vs_FECH__MESO_Tumor__spearman.pdf,2026-09-11T14:18:42
2,heme_nonconsecutive,HMBS,PPOX,MESO_Tumor,spearman,success,./gepia_pdfs/ph2__heme_nonconsecutive__HMBS_vs_PPOX__MESO_Tumor__spearman.pdf,2026-09-11T14:18:44
2,chromatin_vs_heme,H2AFZ,ALAS1,MESO_Tumor,spearman,success,./gepia_pdfs/ph2__chromatin_vs_heme__H2AFZ_vs_ALAS1__MESO_Tumor__spearman.pdf,2026-09-11T14:18:48
2,chromatin_vs_heme,H2AFZ,ALAD,MESO_Tumor,spearman,success,./gepia_pdfs/ph2__chromatin_vs_heme__H2AFZ_vs_ALAD__MESO_Tumor__spearman.pdf,2026-09-11T14:18:53
2,chromatin_vs_heme,H2AFZ,HMBS,MESO_Tumor,spearman,success,./gepia_pdfs/ph2__chromatin_vs_heme__H2AFZ_vs_HMBS__MESO_Tumor__spearman.pdf,2026-09-11T14:18:57
2,chromatin_vs_heme,H2AFZ,UROS,MESO_Tumor,spearman,success,./gepia_pdfs/ph2__chromatin_vs_heme__H2AFZ_vs_UROS__MESO_Tumor__spearman.pdf,2026-09-11T14:19:00
2,chromatin_vs_heme,H2AFZ,UROD,MESO_Tumor,spearman,success,./gepia_pdfs/ph2__chromatin_vs_heme__H2AFZ_vs_UROD__MESO_Tumor__spearman.pdf,2026-09-11T14:19:02
2,chromatin_vs_heme,H2AFZ,CPOX,MESO_Tumor,spearman,success,./gepia_pdfs/ph2__chromatin_vs_heme__H2AFZ_vs_CPOX__MESO_Tumor__spearman.pdf,2026-09-11T14:19:06
2,chromatin_vs_heme,H2AFZ,PPOX,MESO_Tumor,spearman,success,./gepia_pdfs/ph2__chromatin_vs_heme__H2AFZ_vs_PPOX__MESO_Tumor__spearman.pdf,2026-09-11T14:19:10
2,chromatin_vs_heme,H2AFZ,FECH,MESO_Tumor,spearman,success,./gepia_pdfs/ph2__chromatin_vs_heme__H2AFZ_vs_FECH__MESO_Tumor__spearman.pdf,2026-09-11T14:19:13
2,chromatin_vs_heme,ATAD2,ALAS1,MESO_Tumor,spearman,success,./gepia_pdfs/ph2__chromatin_vs_heme__ATAD2_vs_ALAS1__MESO_Tumor__spearman.pdf,2026-09-11T14:19:16
2,chromatin_vs_heme,ATAD2,ALAD,MESO_Tumor,spearman,success,./gepia_pdfs/ph2__chromatin_vs_heme__ATAD2_vs_ALAD__MESO_Tumor__spearman.pdf,2026-09-11T14:19:20
2,chromatin_vs_heme,ATAD2,HMBS,MESO_Tumor,spearman,success,./gepia_pdfs/ph2__chromatin_vs_heme__ATAD2_vs_HMBS__MESO_Tumor__spearman.pdf,2026-09-11T14:19:24
2,chromatin_vs_heme,ATAD2,UROS,MESO_Tumor,spearman,success,./gepia_pdfs/ph2__chromatin_vs_heme__ATAD2_vs_UROS__MESO_Tumor__spearman.pdf,2026-09-11T14:19:27
2,chromatin_vs_heme,ATAD2,UROD,MESO_Tumor,spearman,success,./gepia_pdfs/ph2__chromatin_vs_heme__ATAD2_vs_UROD__MESO_Tumor__spearman.pdf,2026-09-11T14:19:29
2,chromatin_vs_heme,ATAD2,CPOX,MESO_Tumor,spearman,success,./gepia_pdfs/ph2__chromatin_vs_heme__ATAD2_vs_CPOX__MESO_Tumor__spearman.pdf,2026-09-11T14:19:32
2,chromatin_vs_heme,ATAD2,PPOX,MESO_Tumor,spearman,success,./gepia_pdfs/ph2__chromatin_vs_heme__ATAD2_vs_PPOX__MESO_Tumor__spearman.pdf,2026-09-11T14:19:34
2,chromatin_vs_heme,ATAD2,FECH,MESO_Tumor,spearman,success,./gepia_pdfs/ph2__chromatin_vs_heme__ATAD2_vs_FECH__MESO_Tumor__spearman.pdf,2026-09-11T14:19:39
2,chromatin_vs_heme,BRD4,ALAS1,MESO_Tumor,spearman,success,./gepia_pdfs/ph2__chromatin_vs_heme__BRD4_vs_ALAS1__MESO_Tumor__spearman.pdf,2026-09-11T14:19:42
2,chromatin_vs_heme,BRD4,ALAD,MESO_Tumor,spearman,success,./gepia_pdfs/ph2__chromatin_vs_heme__BRD4_vs_ALAD__MESO_Tumor__spearman.pdf,2026-09-11T14:19:46
2,chromatin_vs_heme,BRD4,HMBS,MESO_Tumor,spearman,success,./gepia_pdfs/ph2__chromatin_vs_heme__BRD4_vs_HMBS__MESO_Tumor__spearman.pdf,2026-09-11T14:19:50
2,chromatin_vs_heme,BRD4,UROS,MESO_Tumor,spearman,success,./gepia_pdfs/ph2__chromatin_vs_heme__BRD4_vs_UROS__MESO_Tumor__spearman.pdf,2026-09-11T14:19:55
2,chromatin_vs_heme,BRD4,UROD,MESO_Tumor,spearman,success,./gepia_pdfs/ph2__chromatin_vs_heme__BRD4_vs_UROD__MESO_Tumor__spearman.pdf,2026-09-11T14:19:58
2,chromatin_vs_heme,BRD4,CPOX,MESO_Tumor,spearman,success,./gepia_pdfs/ph2__chromatin_vs_heme__BRD4_vs_CPOX__MESO_Tumor__spearman.pdf,2026-09-11T14:20:01
2,chromatin_vs_heme,BRD4,PPOX,MESO_Tumor,spearman,success,./gepia_pdfs/ph2__chromatin_vs_heme__BRD4_vs_PPOX__MESO_Tumor__spearman.pdf,2026-09-11T14:20:05
2,chromatin_vs_heme,BRD4,FECH,MESO_Tumor,spearman,success,./gepia_pdfs/ph2__chromatin_vs_heme__BRD4_vs_FECH__MESO_Tumor__spearman.pdf,2026-09-11T14:20:09
2,chromatin_vs_heme,BRD2,ALAS1,MESO_Tumor,spearman,success,./gepia_pdfs/ph2__chromatin_vs_heme__BRD2_vs_ALAS1__MESO_Tumor__spearman.pdf,2026-09-11T14:20:12
2,chromatin_vs_heme,BRD2,ALAD,MESO_Tumor,spearman,success,./gepia_pdfs/ph2__chromatin_vs_heme__BRD2_vs_ALAD__MESO_Tumor__spearman.pdf,2026-09-11T14:20:17
2,chromatin_vs_heme,BRD2,HMBS,MESO_Tumor,spearman,success,./gepia_pdfs/ph2__chromatin_vs_heme__BRD2_vs_HMBS__MESO_Tumor__spearman.pdf,2026-09-11T14:20:19
2,chromatin_vs_heme,BRD2,UROS,MESO_Tumor,spearman,success,./gepia_pdfs/ph2__chromatin_vs_heme__BRD2_vs_UROS__MESO_Tumor__spearman.pdf,2026-09-11T14:20:22
2,chromatin_vs_heme,BRD2,UROD,MESO_Tumor,spearman,success,./gepia_pdfs/ph2__chromatin_vs_heme__BRD2_vs_UROD__MESO_Tumor__spearman.pdf,2026-09-11T14:20:27
2,chromatin_vs_heme,BRD2,CPOX,MESO_Tumor,spearman,success,./gepia_pdfs/ph2__chromatin_vs_heme__BRD2_vs_CPOX__MESO_Tumor__spearman.pdf,2026-09-11T14:20:31
2,chromatin_vs_heme,BRD2,PPOX,MESO_Tumor,spearman,success,./gepia_pdfs/ph2__chromatin_vs_heme__BRD2_vs_PPOX__MESO_Tumor__spearman.pdf,2026-09-11T14:20:34
2,chromatin_vs_heme,BRD2,FECH,MESO_Tumor,spearman,success,./gepia_pdfs/ph2__chromatin_vs_heme__BRD2_vs_FECH__MESO_Tumor__spearman.pdf,2026-09-11T14:20:39
2,positive_control,E2F1,CCNE1,MESO_Tumor,spearman,success,./gepia_pdfs/ph2__positive_control__E2F1_vs_CCNE1__MESO_Tumor__spearman.pdf,2026-09-11T14:20:41
2,positive_control,CDK2,CCNE1,MESO_Tumor,spearman,success,./gepia_pdfs/ph2__positive_control__CDK2_vs_CCNE1__MESO_Tumor__spearman.pdf,2026-09-11T14:20:45
2,heme_consecutive,ALAS1,ALAD,OV_Tumor,spearman,success,./gepia_pdfs/ph2__heme_consecutive__ALAS1_vs_ALAD__OV_Tumor__spearman.pdf,2026-09-11T14:20:48
2,heme_consecutive,ALAD,HMBS,OV_Tumor,spearman,success,./gepia_pdfs/ph2__heme_consecutive__ALAD_vs_HMBS__OV_Tumor__spearman.pdf,2026-09-11T14:20:51
2,heme_consecutive,HMBS,UROS,OV_Tumor,spearman,success,./gepia_pdfs/ph2__heme_consecutive__HMBS_vs_UROS__OV_Tumor__spearman.pdf,2026-09-11T14:20:56
2,heme_consecutive,UROS,UROD,OV_Tumor,spearman,success,./gepia_pdfs/ph2__heme_consecutive__UROS_vs_UROD__OV_Tumor__spearman.pdf,2026-09-11T14:20:59
2,heme_consecutive,UROD,CPOX,OV_Tumor,spearman,success,./gepia_pdfs/ph2__heme_consecutive__UROD_vs_CPOX__OV_Tumor__spearman.pdf,2026-09-11T14:21:03
2,heme_consecutive,CPOX,PPOX,OV_Tumor,spearman,success,./gepia_pdfs/ph2__heme_consecutive__CPOX_vs_PPOX__OV_Tumor__spearman.pdf,2026-09-11T14:21:07
2,heme_consecutive,PPOX,FECH,OV_Tumor,spearman,success,./gepia_pdfs/ph2__heme_consecutive__PPOX_vs_FECH__OV_Tumor__spearman.pdf,2026-09-11T14:21:12
2,heme_nonconsecutive,HMBS,FECH,OV_Tumor,spearman,success,./gepia_pdfs/ph2__heme_nonconsecutive__HMBS_vs_FECH__OV_Tumor__spearman.pdf,2026-09-11T14:21:17
2,heme_nonconsecutive,ALAS1,FECH,OV_Tumor,spearman,success,./gepia_pdfs/ph2__heme_nonconsecutive__ALAS1_vs_FECH__OV_Tumor__spearman.pdf,2026-09-11T14:21:22
2,heme_nonconsecutive,HMBS,PPOX,OV_Tumor,spearman,success,./gepia_pdfs/ph2__heme_nonconsecutive__HMBS_vs_PPOX__OV_Tumor__spearman.pdf,2026-09-11T14:21:25
2,chromatin_vs_heme,H2AFZ,ALAS1,OV_Tumor,spearman,success,./gepia_pdfs/ph2__chromatin_vs_heme__H2AFZ_vs_ALAS1__OV_Tumor__spearman.pdf,2026-09-11T14:21:30
2,chromatin_vs_heme,H2AFZ,ALAD,OV_Tumor,spearman,success,./gepia_pdfs/ph2__chromatin_vs_heme__H2AFZ_vs_ALAD__OV_Tumor__spearman.pdf,2026-09-11T14:21:35
2,chromatin_vs_heme,H2AFZ,HMBS,OV_Tumor,spearman,success,./gepia_pdfs/ph2__chromatin_vs_heme__H2AFZ_vs_HMBS__OV_Tumor__spearman.pdf,2026-09-11T14:21:38
2,chromatin_vs_heme,H2AFZ,UROS,OV_Tumor,spearman,success,./gepia_pdfs/ph2__chromatin_vs_heme__H2AFZ_vs_UROS__OV_Tumor__spearman.pdf,2026-09-11T14:21:42
2,chromatin_vs_heme,H2AFZ,UROD,OV_Tumor,spearman,success,./gepia_pdfs/ph2__chromatin_vs_heme__H2AFZ_vs_UROD__OV_Tumor__spearman.pdf,2026-09-11T14:21:46
2,chromatin_vs_heme,H2AFZ,CPOX,OV_Tumor,spearman,success,./gepia_pdfs/ph2__chromatin_vs_heme__H2AFZ_vs_CPOX__OV_Tumor__spearman.pdf,2026-09-11T14:21:52
2,chromatin_vs_heme,H2AFZ,PPOX,OV_Tumor,spearman,success,./gepia_pdfs/ph2__chromatin_vs_heme__H2AFZ_vs_PPOX__OV_Tumor__spearman.pdf,2026-09-11T14:21:57
2,chromatin_vs_heme,H2AFZ,FECH,OV_Tumor,spearman,success,./gepia_pdfs/ph2__chromatin_vs_heme__H2AFZ_vs_FECH__OV_Tumor__spearman.pdf,2026-09-11T14:22:02
2,chromatin_vs_heme,ATAD2,ALAS1,OV_Tumor,spearman,success,./gepia_pdfs/ph2__chromatin_vs_heme__ATAD2_vs_ALAS1__OV_Tumor__spearman.pdf,2026-09-11T14:22:05
2,chromatin_vs_heme,ATAD2,ALAD,OV_Tumor,spearman,success,./gepia_pdfs/ph2__chromatin_vs_heme__ATAD2_vs_ALAD__OV_Tumor__spearman.pdf,2026-09-11T14:22:08
2,chromatin_vs_heme,ATAD2,HMBS,OV_Tumor,spearman,success,./gepia_pdfs/ph2__chromatin_vs_heme__ATAD2_vs_HMBS__OV_Tumor__spearman.pdf,2026-09-11T14:22:13
2,chromatin_vs_heme,ATAD2,UROS,OV_Tumor,spearman,success,./gepia_pdfs/ph2__chromatin_vs_heme__ATAD2_vs_UROS__OV_Tumor__spearman.pdf,2026-09-11T14:22:15
2,chromatin_vs_heme,ATAD2,UROD,OV_Tumor,spearman,success,./gepia_pdfs/ph2__chromatin_vs_heme__ATAD2_vs_UROD__OV_Tumor__spearman.pdf,2026-09-11T14:22:19
2,chromatin_vs_heme,ATAD2,CPOX,OV_Tumor,spearman,success,./gepia_pdfs/ph2__chromatin_vs_heme__ATAD2_vs_CPOX__OV_Tumor__spearman.pdf,2026-09-11T14:22:23
2,chromatin_vs_heme,ATAD2,PPOX,OV_Tumor,spearman,success,./gepia_pdfs/ph2__chromatin_vs_heme__ATAD2_vs_PPOX__OV_Tumor__spearman.pdf,2026-09-11T14:22:27
2,chromatin_vs_heme,ATAD2,FECH,OV_Tumor,spearman,success,./gepia_pdfs/ph2__chromatin_vs_heme__ATAD2_vs_FECH__OV_Tumor__spearman.pdf,2026-09-11T14:22:31
2,chromatin_vs_heme,BRD4,ALAS1,OV_Tumor,spearman,success,./gepia_pdfs/ph2__chromatin_vs_heme__BRD4_vs_ALAS1__OV_Tumor__spearman.pdf,2026-09-11T14:22:34
2,chromatin_vs_heme,BRD4,ALAD,OV_Tumor,spearman,success,./gepia_pdfs/ph2__chromatin_vs_heme__BRD4_vs_ALAD__OV_Tumor__spearman.pdf,2026-09-11T14:22:37
2,chromatin_vs_heme,BRD4,HMBS,OV_Tumor,spearman,success,./gepia_pdfs/ph2__chromatin_vs_heme__BRD4_vs_HMBS__OV_Tumor__spearman.pdf,2026-09-11T14:22:40
2,chromatin_vs_heme,BRD4,UROS,OV_Tumor,spearman,success,./gepia_pdfs/ph2__chromatin_vs_heme__BRD4_vs_UROS__OV_Tumor__spearman.pdf,2026-09-11T14:22:45
2,chromatin_vs_heme,BRD4,UROD,OV_Tumor,spearman,success,./gepia_pdfs/ph2__chromatin_vs_heme__BRD4_vs_UROD__OV_Tumor__spearman.pdf,2026-09-11T14:22:49
2,chromatin_vs_heme,BRD4,CPOX,OV_Tumor,spearman,success,./gepia_pdfs/ph2__chromatin_vs_heme__BRD4_vs_CPOX__OV_Tumor__spearman.pdf,2026-09-11T14:22:54
2,chromatin_vs_heme,BRD4,PPOX,OV_Tumor,spearman,success,./gepia_pdfs/ph2__chromatin_vs_heme__BRD4_vs_PPOX__OV_Tumor__spearman.pdf,2026-09-11T14:22:59
2,chromatin_vs_heme,BRD4,FECH,OV_Tumor,spearman,success,./gepia_pdfs/ph2__chromatin_vs_heme__BRD4_vs_FECH__OV_Tumor__spearman.pdf,2026-09-11T14:23:03
2,chromatin_vs_heme,BRD2,ALAS1,OV_Tumor,spearman,success,./gepia_pdfs/ph2__chromatin_vs_heme__BRD2_vs_ALAS1__OV_Tumor__spearman.pdf,2026-09-11T14:23:07
2,chromatin_vs_heme,BRD2,ALAD,OV_Tumor,spearman,success,./gepia_pdfs/ph2__chromatin_vs_heme__BRD2_vs_ALAD__OV_Tumor__spearman.pdf,2026-09-11T14:23:11
2,chromatin_vs_heme,BRD2,HMBS,OV_Tumor,spearman,success,./gepia_pdfs/ph2__chromatin_vs_heme__BRD2_vs_HMBS__OV_Tumor__spearman.pdf,2026-09-11T14:23:16
2,chromatin_vs_heme,BRD2,UROS,OV_Tumor,spearman,success,./gepia_pdfs/ph2__chromatin_vs_heme__BRD2_vs_UROS__OV_Tumor__spearman.pdf,2026-09-11T14:23:21
2,chromatin_vs_heme,BRD2,UROD,OV_Tumor,spearman,success,./gepia_pdfs/ph2__chromatin_vs_heme__BRD2_vs_UROD__OV_Tumor__spearman.pdf,2026-09-11T14:23:24
2,chromatin_vs_heme,BRD2,CPOX,OV_Tumor,spearman,success,./gepia_pdfs/ph2__chromatin_vs_heme__BRD2_vs_CPOX__OV_Tumor__spearman.pdf,2026-09-11T14:23:29
2,chromatin_vs_heme,BRD2,PPOX,OV_Tumor,spearman,success,./gepia_pdfs/ph2__chromatin_vs_heme__BRD2_vs_PPOX__OV_Tumor__spearman.pdf,2026-09-11T14:23:32
2,chromatin_vs_heme,BRD2,FECH,OV_Tumor,spearman,success,./gepia_pdfs/ph2__chromatin_vs_heme__BRD2_vs_FECH__OV_Tumor__spearman.pdf,2026-09-11T14:23:36
2,positive_control,E2F1,CCNE1,OV_Tumor,spearman,success,./gepia_pdfs/ph2__positive_control__E2F1_vs_CCNE1__OV_Tumor__spearman.pdf,2026-09-11T14:23:40
2,positive_control,CDK2,CCNE1,OV_Tumor,spearman,success,./gepia_pdfs/ph2__positive_control__CDK2_vs_CCNE1__OV_Tumor__spearman.pdf,2026-09-11T14:23:45
2,heme_consecutive,ALAS1,ALAD,PAAD_Tumor,spearman,success,./gepia_pdfs/ph2__heme_consecutive__ALAS1_vs_ALAD__PAAD_Tumor__spearman.pdf,2026-09-11T14:23:47
2,heme_consecutive,ALAD,HMBS,PAAD_Tumor,spearman,success,./gepia_pdfs/ph2__heme_consecutive__ALAD_vs_HMBS__PAAD_Tumor__spearman.pdf,2026-09-11T14:23:52
2,heme_consecutive,HMBS,UROS,PAAD_Tumor,spearman,success,./gepia_pdfs/ph2__heme_consecutive__HMBS_vs_UROS__PAAD_Tumor__spearman.pdf,2026-09-11T14:23:56
2,heme_consecutive,UROS,UROD,PAAD_Tumor,spearman,success,./gepia_pdfs/ph2__heme_consecutive__UROS_vs_UROD__PAAD_Tumor__spearman.pdf,2026-09-11T14:24:01
2,heme_consecutive,UROD,CPOX,PAAD_Tumor,spearman,success,./gepia_pdfs/ph2__heme_consecutive__UROD_vs_CPOX__PAAD_Tumor__spearman.pdf,2026-09-11T14:24:03
2,heme_consecutive,CPOX,PPOX,PAAD_Tumor,spearman,success,./gepia_pdfs/ph2__heme_consecutive__CPOX_vs_PPOX__PAAD_Tumor__spearman.pdf,2026-09-11T14:24:05
2,heme_consecutive,PPOX,FECH,PAAD_Tumor,spearman,success,./gepia_pdfs/ph2__heme_consecutive__PPOX_vs_FECH__PAAD_Tumor__spearman.pdf,2026-09-11T14:24:10
2,heme_nonconsecutive,HMBS,FECH,PAAD_Tumor,spearman,success,./gepia_pdfs/ph2__heme_nonconsecutive__HMBS_vs_FECH__PAAD_Tumor__spearman.pdf,2026-09-11T14:24:15
2,heme_nonconsecutive,ALAS1,FECH,PAAD_Tumor,spearman,success,./gepia_pdfs/ph2__heme_nonconsecutive__ALAS1_vs_FECH__PAAD_Tumor__spearman.pdf,2026-09-11T14:24:17
2,heme_nonconsecutive,HMBS,PPOX,PAAD_Tumor,spearman,success,./gepia_pdfs/ph2__heme_nonconsecutive__HMBS_vs_PPOX__PAAD_Tumor__spearman.pdf,2026-09-11T14:24:21
2,chromatin_vs_heme,H2AFZ,ALAS1,PAAD_Tumor,spearman,success,./gepia_pdfs/ph2__chromatin_vs_heme__H2AFZ_vs_ALAS1__PAAD_Tumor__spearman.pdf,2026-09-11T14:24:25
2,chromatin_vs_heme,H2AFZ,ALAD,PAAD_Tumor,spearman,success,./gepia_pdfs/ph2__chromatin_vs_heme__H2AFZ_vs_ALAD__PAAD_Tumor__spearman.pdf,2026-09-11T14:24:28
2,chromatin_vs_heme,H2AFZ,HMBS,PAAD_Tumor,spearman,success,./gepia_pdfs/ph2__chromatin_vs_heme__H2AFZ_vs_HMBS__PAAD_Tumor__spearman.pdf,2026-09-11T14:24:31
2,chromatin_vs_heme,H2AFZ,UROS,PAAD_Tumor,spearman,success,./gepia_pdfs/ph2__chromatin_vs_heme__H2AFZ_vs_UROS__PAAD_Tumor__spearman.pdf,2026-09-11T14:24:34
2,chromatin_vs_heme,H2AFZ,UROD,PAAD_Tumor,spearman,success,./gepia_pdfs/ph2__chromatin_vs_heme__H2AFZ_vs_UROD__PAAD_Tumor__spearman.pdf,2026-09-11T14:24:36
2,chromatin_vs_heme,H2AFZ,CPOX,PAAD_Tumor,spearman,success,./gepia_pdfs/ph2__chromatin_vs_heme__H2AFZ_vs_CPOX__PAAD_Tumor__spearman.pdf,2026-09-11T14:24:40
2,chromatin_vs_heme,H2AFZ,PPOX,PAAD_Tumor,spearman,success,./gepia_pdfs/ph2__chromatin_vs_heme__H2AFZ_vs_PPOX__PAAD_Tumor__spearman.pdf,2026-09-11T14:24:44
2,chromatin_vs_heme,H2AFZ,FECH,PAAD_Tumor,spearman,success,./gepia_pdfs/ph2__chromatin_vs_heme__H2AFZ_vs_FECH__PAAD_Tumor__spearman.pdf,2026-09-11T14:24:49
2,chromatin_vs_heme,ATAD2,ALAS1,PAAD_Tumor,spearman,success,./gepia_pdfs/ph2__chromatin_vs_heme__ATAD2_vs_ALAS1__PAAD_Tumor__spearman.pdf,2026-09-11T14:24:51
2,chromatin_vs_heme,ATAD2,ALAD,PAAD_Tumor,spearman,success,./gepia_pdfs/ph2__chromatin_vs_heme__ATAD2_vs_ALAD__PAAD_Tumor__spearman.pdf,2026-09-11T14:24:54
2,chromatin_vs_heme,ATAD2,HMBS,PAAD_Tumor,spearman,success,./gepia_pdfs/ph2__chromatin_vs_heme__ATAD2_vs_HMBS__PAAD_Tumor__spearman.pdf,2026-09-11T14:24:57
2,chromatin_vs_heme,ATAD2,UROS,PAAD_Tumor,spearman,success,./gepia_pdfs/ph2__chromatin_vs_heme__ATAD2_vs_UROS__PAAD_Tumor__spearman.pdf,2026-09-11T14:25:01
2,chromatin_vs_heme,ATAD2,UROD,PAAD_Tumor,spearman,success,./gepia_pdfs/ph2__chromatin_vs_heme__ATAD2_vs_UROD__PAAD_Tumor__spearman.pdf,2026-09-11T14:25:06
2,chromatin_vs_heme,ATAD2,CPOX,PAAD_Tumor,spearman,success,./gepia_pdfs/ph2__chromatin_vs_heme__ATAD2_vs_CPOX__PAAD_Tumor__spearman.pdf,2026-09-11T14:25:10
2,chromatin_vs_heme,ATAD2,PPOX,PAAD_Tumor,spearman,success,./gepia_pdfs/ph2__chromatin_vs_heme__ATAD2_vs_PPOX__PAAD_Tumor__spearman.pdf,2026-09-11T14:25:13
2,chromatin_vs_heme,ATAD2,FECH,PAAD_Tumor,spearman,success,./gepia_pdfs/ph2__chromatin_vs_heme__ATAD2_vs_FECH__PAAD_Tumor__spearman.pdf,2026-09-11T14:25:18
2,chromatin_vs_heme,BRD4,ALAS1,PAAD_Tumor,spearman,success,./gepia_pdfs/ph2__chromatin_vs_heme__BRD4_vs_ALAS1__PAAD_Tumor__spearman.pdf,2026-09-11T14:25:20
2,chromatin_vs_heme,BRD4,ALAD,PAAD_Tumor,spearman,success,./gepia_pdfs/ph2__chromatin_vs_heme__BRD4_vs_ALAD__PAAD_Tumor__spearman.pdf,2026-09-11T14:25:24
2,chromatin_vs_heme,BRD4,HMBS,PAAD_Tumor,spearman,success,./gepia_pdfs/ph2__chromatin_vs_heme__BRD4_vs_HMBS__PAAD_Tumor__spearman.pdf,2026-09-11T14:25:26
2,chromatin_vs_heme,BRD4,UROS,PAAD_Tumor,spearman,success,./gepia_pdfs/ph2__chromatin_vs_heme__BRD4_vs_UROS__PAAD_Tumor__spearman.pdf,2026-09-11T14:25:30
2,chromatin_vs_heme,BRD4,UROD,PAAD_Tumor,spearman,success,./gepia_pdfs/ph2__chromatin_vs_heme__BRD4_vs_UROD__PAAD_Tumor__spearman.pdf,2026-09-11T14:25:35
2,chromatin_vs_heme,BRD4,CPOX,PAAD_Tumor,spearman,success,./gepia_pdfs/ph2__chromatin_vs_heme__BRD4_vs_CPOX__PAAD_Tumor__spearman.pdf,2026-09-11T14:25:38
2,chromatin_vs_heme,BRD4,PPOX,PAAD_Tumor,spearman,success,./gepia_pdfs/ph2__chromatin_vs_heme__BRD4_vs_PPOX__PAAD_Tumor__spearman.pdf,2026-09-11T14:25:42
2,chromatin_vs_heme,BRD4,FECH,PAAD_Tumor,spearman,success,./gepia_pdfs/ph2__chromatin_vs_heme__BRD4_vs_FECH__PAAD_Tumor__spearman.pdf,2026-09-11T14:25:46
2,chromatin_vs_heme,BRD2,ALAS1,PAAD_Tumor,spearman,success,./gepia_pdfs/ph2__chromatin_vs_heme__BRD2_vs_ALAS1__PAAD_Tumor__spearman.pdf,2026-09-11T14:25:50
2,chromatin_vs_heme,BRD2,ALAD,PAAD_Tumor,spearman,success,./gepia_pdfs/ph2__chromatin_vs_heme__BRD2_vs_ALAD__PAAD_Tumor__spearman.pdf,2026-09-11T14:25:54
2,chromatin_vs_heme,BRD2,HMBS,PAAD_Tumor,spearman,success,./gepia_pdfs/ph2__chromatin_vs_heme__BRD2_vs_HMBS__PAAD_Tumor__spearman.pdf,2026-09-11T14:25:58
2,chromatin_vs_heme,BRD2,UROS,PAAD_Tumor,spearman,success,./gepia_pdfs/ph2__chromatin_vs_heme__BRD2_vs_UROS__PAAD_Tumor__spearman.pdf,2026-09-11T14:26:00
2,chromatin_vs_heme,BRD2,UROD,PAAD_Tumor,spearman,success,./gepia_pdfs/ph2__chromatin_vs_heme__BRD2_vs_UROD__PAAD_Tumor__spearman.pdf,2026-09-11T14:26:04
2,chromatin_vs_heme,BRD2,CPOX,PAAD_Tumor,spearman,success,./gepia_pdfs/ph2__chromatin_vs_heme__BRD2_vs_CPOX__PAAD_Tumor__spearman.pdf,2026-09-11T14:26:06
2,chromatin_vs_heme,BRD2,PPOX,PAAD_Tumor,spearman,success,./gepia_pdfs/ph2__chromatin_vs_heme__BRD2_vs_PPOX__PAAD_Tumor__spearman.pdf,2026-09-11T14:26:09
2,chromatin_vs_heme,BRD2,FECH,PAAD_Tumor,spearman,success,./gepia_pdfs/ph2__chromatin_vs_heme__BRD2_vs_FECH__PAAD_Tumor__spearman.pdf,2026-09-11T14:26:13
2,positive_control,E2F1,CCNE1,PAAD_Tumor,spearman,success,./gepia_pdfs/ph2__positive_control__E2F1_vs_CCNE1__PAAD_Tumor__spearman.pdf,2026-09-11T14:26:16
2,positive_control,CDK2,CCNE1,PAAD_Tumor,spearman,success,./gepia_pdfs/ph2__positive_control__CDK2_vs_CCNE1__PAAD_Tumor__spearman.pdf,2026-09-11T14:26:20
2,heme_consecutive,ALAS1,ALAD,PCPG_Tumor,spearman,success,./gepia_pdfs/ph2__heme_consecutive__ALAS1_vs_ALAD__PCPG_Tumor__spearman.pdf,2026-09-11T14:26:23
2,heme_consecutive,ALAD,HMBS,PCPG_Tumor,spearman,success,./gepia_pdfs/ph2__heme_consecutive__ALAD_vs_HMBS__PCPG_Tumor__spearman.pdf,2026-09-11T14:26:27
2,heme_consecutive,HMBS,UROS,PCPG_Tumor,spearman,success,./gepia_pdfs/ph2__heme_consecutive__HMBS_vs_UROS__PCPG_Tumor__spearman.pdf,2026-09-11T14:26:31
2,heme_consecutive,UROS,UROD,PCPG_Tumor,spearman,success,./gepia_pdfs/ph2__heme_consecutive__UROS_vs_UROD__PCPG_Tumor__spearman.pdf,2026-09-11T14:26:33
2,heme_consecutive,UROD,CPOX,PCPG_Tumor,spearman,success,./gepia_pdfs/ph2__heme_consecutive__UROD_vs_CPOX__PCPG_Tumor__spearman.pdf,2026-09-11T14:26:40
2,heme_consecutive,CPOX,PPOX,PCPG_Tumor,spearman,success,./gepia_pdfs/ph2__heme_consecutive__CPOX_vs_PPOX__PCPG_Tumor__spearman.pdf,2026-09-11T14:26:42
2,heme_consecutive,PPOX,FECH,PCPG_Tumor,spearman,success,./gepia_pdfs/ph2__heme_consecutive__PPOX_vs_FECH__PCPG_Tumor__spearman.pdf,2026-09-11T14:26:45
2,heme_nonconsecutive,HMBS,FECH,PCPG_Tumor,spearman,success,./gepia_pdfs/ph2__heme_nonconsecutive__HMBS_vs_FECH__PCPG_Tumor__spearman.pdf,2026-09-11T14:26:49
2,heme_nonconsecutive,ALAS1,FECH,PCPG_Tumor,spearman,success,./gepia_pdfs/ph2__heme_nonconsecutive__ALAS1_vs_FECH__PCPG_Tumor__spearman.pdf,2026-09-11T14:26:52
2,heme_nonconsecutive,HMBS,PPOX,PCPG_Tumor,spearman,success,./gepia_pdfs/ph2__heme_nonconsecutive__HMBS_vs_PPOX__PCPG_Tumor__spearman.pdf,2026-09-11T14:26:57
2,chromatin_vs_heme,H2AFZ,ALAS1,PCPG_Tumor,spearman,success,./gepia_pdfs/ph2__chromatin_vs_heme__H2AFZ_vs_ALAS1__PCPG_Tumor__spearman.pdf,2026-09-11T14:27:02
2,chromatin_vs_heme,H2AFZ,ALAD,PCPG_Tumor,spearman,success,./gepia_pdfs/ph2__chromatin_vs_heme__H2AFZ_vs_ALAD__PCPG_Tumor__spearman.pdf,2026-09-11T14:27:05
2,chromatin_vs_heme,H2AFZ,HMBS,PCPG_Tumor,spearman,success,./gepia_pdfs/ph2__chromatin_vs_heme__H2AFZ_vs_HMBS__PCPG_Tumor__spearman.pdf,2026-09-11T14:27:09
2,chromatin_vs_heme,H2AFZ,UROS,PCPG_Tumor,spearman,success,./gepia_pdfs/ph2__chromatin_vs_heme__H2AFZ_vs_UROS__PCPG_Tumor__spearman.pdf,2026-09-11T14:27:13
2,chromatin_vs_heme,H2AFZ,UROD,PCPG_Tumor,spearman,success,./gepia_pdfs/ph2__chromatin_vs_heme__H2AFZ_vs_UROD__PCPG_Tumor__spearman.pdf,2026-09-11T14:27:17
2,chromatin_vs_heme,H2AFZ,CPOX,PCPG_Tumor,spearman,success,./gepia_pdfs/ph2__chromatin_vs_heme__H2AFZ_vs_CPOX__PCPG_Tumor__spearman.pdf,2026-09-11T14:27:21
2,chromatin_vs_heme,H2AFZ,PPOX,PCPG_Tumor,spearman,success,./gepia_pdfs/ph2__chromatin_vs_heme__H2AFZ_vs_PPOX__PCPG_Tumor__spearman.pdf,2026-09-11T14:27:26
2,chromatin_vs_heme,H2AFZ,FECH,PCPG_Tumor,spearman,success,./gepia_pdfs/ph2__chromatin_vs_heme__H2AFZ_vs_FECH__PCPG_Tumor__spearman.pdf,2026-09-11T14:27:30
2,chromatin_vs_heme,ATAD2,ALAS1,PCPG_Tumor,spearman,success,./gepia_pdfs/ph2__chromatin_vs_heme__ATAD2_vs_ALAS1__PCPG_Tumor__spearman.pdf,2026-09-11T14:27:33
2,chromatin_vs_heme,ATAD2,ALAD,PCPG_Tumor,spearman,success,./gepia_pdfs/ph2__chromatin_vs_heme__ATAD2_vs_ALAD__PCPG_Tumor__spearman.pdf,2026-09-11T14:27:35
2,chromatin_vs_heme,ATAD2,HMBS,PCPG_Tumor,spearman,success,./gepia_pdfs/ph2__chromatin_vs_heme__ATAD2_vs_HMBS__PCPG_Tumor__spearman.pdf,2026-09-11T14:27:40
2,chromatin_vs_heme,ATAD2,UROS,PCPG_Tumor,spearman,success,./gepia_pdfs/ph2__chromatin_vs_heme__ATAD2_vs_UROS__PCPG_Tumor__spearman.pdf,2026-09-11T14:27:45
2,chromatin_vs_heme,ATAD2,UROD,PCPG_Tumor,spearman,success,./gepia_pdfs/ph2__chromatin_vs_heme__ATAD2_vs_UROD__PCPG_Tumor__spearman.pdf,2026-09-11T14:27:47
2,chromatin_vs_heme,ATAD2,CPOX,PCPG_Tumor,spearman,success,./gepia_pdfs/ph2__chromatin_vs_heme__ATAD2_vs_CPOX__PCPG_Tumor__spearman.pdf,2026-09-11T14:27:49
2,chromatin_vs_heme,ATAD2,PPOX,PCPG_Tumor,spearman,success,./gepia_pdfs/ph2__chromatin_vs_heme__ATAD2_vs_PPOX__PCPG_Tumor__spearman.pdf,2026-09-11T14:27:53
2,chromatin_vs_heme,ATAD2,FECH,PCPG_Tumor,spearman,success,./gepia_pdfs/ph2__chromatin_vs_heme__ATAD2_vs_FECH__PCPG_Tumor__spearman.pdf,2026-09-11T14:27:56
2,chromatin_vs_heme,BRD4,ALAS1,PCPG_Tumor,spearman,success,./gepia_pdfs/ph2__chromatin_vs_heme__BRD4_vs_ALAS1__PCPG_Tumor__spearman.pdf,2026-09-11T14:28:01
2,chromatin_vs_heme,BRD4,ALAD,PCPG_Tumor,spearman,success,./gepia_pdfs/ph2__chromatin_vs_heme__BRD4_vs_ALAD__PCPG_Tumor__spearman.pdf,2026-09-11T14:28:05
2,chromatin_vs_heme,BRD4,HMBS,PCPG_Tumor,spearman,success,./gepia_pdfs/ph2__chromatin_vs_heme__BRD4_vs_HMBS__PCPG_Tumor__spearman.pdf,2026-09-11T14:28:10
2,chromatin_vs_heme,BRD4,UROS,PCPG_Tumor,spearman,success,./gepia_pdfs/ph2__chromatin_vs_heme__BRD4_vs_UROS__PCPG_Tumor__spearman.pdf,2026-09-11T14:28:15
2,chromatin_vs_heme,BRD4,UROD,PCPG_Tumor,spearman,success,./gepia_pdfs/ph2__chromatin_vs_heme__BRD4_vs_UROD__PCPG_Tumor__spearman.pdf,2026-09-11T14:28:17
2,chromatin_vs_heme,BRD4,CPOX,PCPG_Tumor,spearman,success,./gepia_pdfs/ph2__chromatin_vs_heme__BRD4_vs_CPOX__PCPG_Tumor__spearman.pdf,2026-09-11T14:28:21
2,chromatin_vs_heme,BRD4,PPOX,PCPG_Tumor,spearman,success,./gepia_pdfs/ph2__chromatin_vs_heme__BRD4_vs_PPOX__PCPG_Tumor__spearman.pdf,2026-09-11T14:28:25
2,chromatin_vs_heme,BRD4,FECH,PCPG_Tumor,spearman,success,./gepia_pdfs/ph2__chromatin_vs_heme__BRD4_vs_FECH__PCPG_Tumor__spearman.pdf,2026-09-11T14:28:29
2,chromatin_vs_heme,BRD2,ALAS1,PCPG_Tumor,spearman,success,./gepia_pdfs/ph2__chromatin_vs_heme__BRD2_vs_ALAS1__PCPG_Tumor__spearman.pdf,2026-09-11T14:28:34
2,chromatin_vs_heme,BRD2,ALAD,PCPG_Tumor,spearman,success,./gepia_pdfs/ph2__chromatin_vs_heme__BRD2_vs_ALAD__PCPG_Tumor__spearman.pdf,2026-09-11T14:28:38
2,chromatin_vs_heme,BRD2,HMBS,PCPG_Tumor,spearman,success,./gepia_pdfs/ph2__chromatin_vs_heme__BRD2_vs_HMBS__PCPG_Tumor__spearman.pdf,2026-09-11T14:28:41
2,chromatin_vs_heme,BRD2,UROS,PCPG_Tumor,spearman,success,./gepia_pdfs/ph2__chromatin_vs_heme__BRD2_vs_UROS__PCPG_Tumor__spearman.pdf,2026-09-11T14:28:43
2,chromatin_vs_heme,BRD2,UROD,PCPG_Tumor,spearman,success,./gepia_pdfs/ph2__chromatin_vs_heme__BRD2_vs_UROD__PCPG_Tumor__spearman.pdf,2026-09-11T14:28:48
2,chromatin_vs_heme,BRD2,CPOX,PCPG_Tumor,spearman,success,./gepia_pdfs/ph2__chromatin_vs_heme__BRD2_vs_CPOX__PCPG_Tumor__spearman.pdf,2026-09-11T14:28:52
2,chromatin_vs_heme,BRD2,PPOX,PCPG_Tumor,spearman,success,./gepia_pdfs/ph2__chromatin_vs_heme__BRD2_vs_PPOX__PCPG_Tumor__spearman.pdf,2026-09-11T14:28:55
2,chromatin_vs_heme,BRD2,FECH,PCPG_Tumor,spearman,success,./gepia_pdfs/ph2__chromatin_vs_heme__BRD2_vs_FECH__PCPG_Tumor__spearman.pdf,2026-09-11T14:28:58
2,positive_control,E2F1,CCNE1,PCPG_Tumor,spearman,success,./gepia_pdfs/ph2__positive_control__E2F1_vs_CCNE1__PCPG_Tumor__spearman.pdf,2026-09-11T14:29:00
2,positive_control,CDK2,CCNE1,PCPG_Tumor,spearman,success,./gepia_pdfs/ph2__positive_control__CDK2_vs_CCNE1__PCPG_Tumor__spearman.pdf,2026-09-11T14:29:05
2,heme_consecutive,ALAS1,ALAD,PRAD_Tumor,spearman,success,./gepia_pdfs/ph2__heme_consecutive__ALAS1_vs_ALAD__PRAD_Tumor__spearman.pdf,2026-09-11T14:29:08
2,heme_consecutive,ALAD,HMBS,PRAD_Tumor,spearman,success,./gepia_pdfs/ph2__heme_consecutive__ALAD_vs_HMBS__PRAD_Tumor__spearman.pdf,2026-09-11T14:29:14
2,heme_consecutive,HMBS,UROS,PRAD_Tumor,spearman,success,./gepia_pdfs/ph2__heme_consecutive__HMBS_vs_UROS__PRAD_Tumor__spearman.pdf,2026-09-11T14:29:18
2,heme_consecutive,UROS,UROD,PRAD_Tumor,spearman,success,./gepia_pdfs/ph2__heme_consecutive__UROS_vs_UROD__PRAD_Tumor__spearman.pdf,2026-09-11T14:29:21
2,heme_consecutive,UROD,CPOX,PRAD_Tumor,spearman,success,./gepia_pdfs/ph2__heme_consecutive__UROD_vs_CPOX__PRAD_Tumor__spearman.pdf,2026-09-11T14:29:24
2,heme_consecutive,CPOX,PPOX,PRAD_Tumor,spearman,success,./gepia_pdfs/ph2__heme_consecutive__CPOX_vs_PPOX__PRAD_Tumor__spearman.pdf,2026-09-11T14:29:28
2,heme_consecutive,PPOX,FECH,PRAD_Tumor,spearman,success,./gepia_pdfs/ph2__heme_consecutive__PPOX_vs_FECH__PRAD_Tumor__spearman.pdf,2026-09-11T14:29:31
2,heme_nonconsecutive,HMBS,FECH,PRAD_Tumor,spearman,success,./gepia_pdfs/ph2__heme_nonconsecutive__HMBS_vs_FECH__PRAD_Tumor__spearman.pdf,2026-09-11T14:29:36
2,heme_nonconsecutive,ALAS1,FECH,PRAD_Tumor,spearman,success,./gepia_pdfs/ph2__heme_nonconsecutive__ALAS1_vs_FECH__PRAD_Tumor__spearman.pdf,2026-09-11T14:29:41
2,heme_nonconsecutive,HMBS,PPOX,PRAD_Tumor,spearman,success,./gepia_pdfs/ph2__heme_nonconsecutive__HMBS_vs_PPOX__PRAD_Tumor__spearman.pdf,2026-09-11T14:29:45
2,chromatin_vs_heme,H2AFZ,ALAS1,PRAD_Tumor,spearman,success,./gepia_pdfs/ph2__chromatin_vs_heme__H2AFZ_vs_ALAS1__PRAD_Tumor__spearman.pdf,2026-09-11T14:29:50
2,chromatin_vs_heme,H2AFZ,ALAD,PRAD_Tumor,spearman,success,./gepia_pdfs/ph2__chromatin_vs_heme__H2AFZ_vs_ALAD__PRAD_Tumor__spearman.pdf,2026-09-11T14:29:54
2,chromatin_vs_heme,H2AFZ,HMBS,PRAD_Tumor,spearman,success,./gepia_pdfs/ph2__chromatin_vs_heme__H2AFZ_vs_HMBS__PRAD_Tumor__spearman.pdf,2026-09-11T14:29:57
2,chromatin_vs_heme,H2AFZ,UROS,PRAD_Tumor,spearman,success,./gepia_pdfs/ph2__chromatin_vs_heme__H2AFZ_vs_UROS__PRAD_Tumor__spearman.pdf,2026-09-11T14:30:02
2,chromatin_vs_heme,H2AFZ,UROD,PRAD_Tumor,spearman,success,./gepia_pdfs/ph2__chromatin_vs_heme__H2AFZ_vs_UROD__PRAD_Tumor__spearman.pdf,2026-09-11T14:30:08
2,chromatin_vs_heme,H2AFZ,CPOX,PRAD_Tumor,spearman,success,./gepia_pdfs/ph2__chromatin_vs_heme__H2AFZ_vs_CPOX__PRAD_Tumor__spearman.pdf,2026-09-11T14:30:12
2,chromatin_vs_heme,H2AFZ,PPOX,PRAD_Tumor,spearman,success,./gepia_pdfs/ph2__chromatin_vs_heme__H2AFZ_vs_PPOX__PRAD_Tumor__spearman.pdf,2026-09-11T14:30:16
2,chromatin_vs_heme,H2AFZ,FECH,PRAD_Tumor,spearman,success,./gepia_pdfs/ph2__chromatin_vs_heme__H2AFZ_vs_FECH__PRAD_Tumor__spearman.pdf,2026-09-11T14:30:20
2,chromatin_vs_heme,ATAD2,ALAS1,PRAD_Tumor,spearman,success,./gepia_pdfs/ph2__chromatin_vs_heme__ATAD2_vs_ALAS1__PRAD_Tumor__spearman.pdf,2026-09-11T14:30:24
2,chromatin_vs_heme,ATAD2,ALAD,PRAD_Tumor,spearman,success,./gepia_pdfs/ph2__chromatin_vs_heme__ATAD2_vs_ALAD__PRAD_Tumor__spearman.pdf,2026-09-11T14:30:27
2,chromatin_vs_heme,ATAD2,HMBS,PRAD_Tumor,spearman,success,./gepia_pdfs/ph2__chromatin_vs_heme__ATAD2_vs_HMBS__PRAD_Tumor__spearman.pdf,2026-09-11T14:30:31
2,chromatin_vs_heme,ATAD2,UROS,PRAD_Tumor,spearman,success,./gepia_pdfs/ph2__chromatin_vs_heme__ATAD2_vs_UROS__PRAD_Tumor__spearman.pdf,2026-09-11T14:30:35
2,chromatin_vs_heme,ATAD2,UROD,PRAD_Tumor,spearman,success,./gepia_pdfs/ph2__chromatin_vs_heme__ATAD2_vs_UROD__PRAD_Tumor__spearman.pdf,2026-09-11T14:30:38
2,chromatin_vs_heme,ATAD2,CPOX,PRAD_Tumor,spearman,success,./gepia_pdfs/ph2__chromatin_vs_heme__ATAD2_vs_CPOX__PRAD_Tumor__spearman.pdf,2026-09-11T14:30:41
2,chromatin_vs_heme,ATAD2,PPOX,PRAD_Tumor,spearman,success,./gepia_pdfs/ph2__chromatin_vs_heme__ATAD2_vs_PPOX__PRAD_Tumor__spearman.pdf,2026-09-11T14:30:43
2,chromatin_vs_heme,ATAD2,FECH,PRAD_Tumor,spearman,success,./gepia_pdfs/ph2__chromatin_vs_heme__ATAD2_vs_FECH__PRAD_Tumor__spearman.pdf,2026-09-11T14:30:46
2,chromatin_vs_heme,BRD4,ALAS1,PRAD_Tumor,spearman,success,./gepia_pdfs/ph2__chromatin_vs_heme__BRD4_vs_ALAS1__PRAD_Tumor__spearman.pdf,2026-09-11T14:30:50
2,chromatin_vs_heme,BRD4,ALAD,PRAD_Tumor,spearman,success,./gepia_pdfs/ph2__chromatin_vs_heme__BRD4_vs_ALAD__PRAD_Tumor__spearman.pdf,2026-09-11T14:30:53
2,chromatin_vs_heme,BRD4,HMBS,PRAD_Tumor,spearman,success,./gepia_pdfs/ph2__chromatin_vs_heme__BRD4_vs_HMBS__PRAD_Tumor__spearman.pdf,2026-09-11T14:30:56
2,chromatin_vs_heme,BRD4,UROS,PRAD_Tumor,spearman,success,./gepia_pdfs/ph2__chromatin_vs_heme__BRD4_vs_UROS__PRAD_Tumor__spearman.pdf,2026-09-11T14:31:01
2,chromatin_vs_heme,BRD4,UROD,PRAD_Tumor,spearman,success,./gepia_pdfs/ph2__chromatin_vs_heme__BRD4_vs_UROD__PRAD_Tumor__spearman.pdf,2026-09-11T14:31:04
2,chromatin_vs_heme,BRD4,CPOX,PRAD_Tumor,spearman,success,./gepia_pdfs/ph2__chromatin_vs_heme__BRD4_vs_CPOX__PRAD_Tumor__spearman.pdf,2026-09-11T14:31:09
2,chromatin_vs_heme,BRD4,PPOX,PRAD_Tumor,spearman,success,./gepia_pdfs/ph2__chromatin_vs_heme__BRD4_vs_PPOX__PRAD_Tumor__spearman.pdf,2026-09-11T14:31:11
2,chromatin_vs_heme,BRD4,FECH,PRAD_Tumor,spearman,success,./gepia_pdfs/ph2__chromatin_vs_heme__BRD4_vs_FECH__PRAD_Tumor__spearman.pdf,2026-09-11T14:31:15
2,chromatin_vs_heme,BRD2,ALAS1,PRAD_Tumor,spearman,success,./gepia_pdfs/ph2__chromatin_vs_heme__BRD2_vs_ALAS1__PRAD_Tumor__spearman.pdf,2026-09-11T14:31:19
2,chromatin_vs_heme,BRD2,ALAD,PRAD_Tumor,spearman,success,./gepia_pdfs/ph2__chromatin_vs_heme__BRD2_vs_ALAD__PRAD_Tumor__spearman.pdf,2026-09-11T14:31:23
2,chromatin_vs_heme,BRD2,HMBS,PRAD_Tumor,spearman,success,./gepia_pdfs/ph2__chromatin_vs_heme__BRD2_vs_HMBS__PRAD_Tumor__spearman.pdf,2026-09-11T14:31:26
2,chromatin_vs_heme,BRD2,UROS,PRAD_Tumor,spearman,success,./gepia_pdfs/ph2__chromatin_vs_heme__BRD2_vs_UROS__PRAD_Tumor__spearman.pdf,2026-09-11T14:31:30
2,chromatin_vs_heme,BRD2,UROD,PRAD_Tumor,spearman,success,./gepia_pdfs/ph2__chromatin_vs_heme__BRD2_vs_UROD__PRAD_Tumor__spearman.pdf,2026-09-11T14:31:34
2,chromatin_vs_heme,BRD2,CPOX,PRAD_Tumor,spearman,success,./gepia_pdfs/ph2__chromatin_vs_heme__BRD2_vs_CPOX__PRAD_Tumor__spearman.pdf,2026-09-11T14:31:36
2,chromatin_vs_heme,BRD2,PPOX,PRAD_Tumor,spearman,success,./gepia_pdfs/ph2__chromatin_vs_heme__BRD2_vs_PPOX__PRAD_Tumor__spearman.pdf,2026-09-11T14:31:39
2,chromatin_vs_heme,BRD2,FECH,PRAD_Tumor,spearman,success,./gepia_pdfs/ph2__chromatin_vs_heme__BRD2_vs_FECH__PRAD_Tumor__spearman.pdf,2026-09-11T14:31:41
2,positive_control,E2F1,CCNE1,PRAD_Tumor,spearman,success,./gepia_pdfs/ph2__positive_control__E2F1_vs_CCNE1__PRAD_Tumor__spearman.pdf,2026-09-11T14:31:45
2,positive_control,CDK2,CCNE1,PRAD_Tumor,spearman,success,./gepia_pdfs/ph2__positive_control__CDK2_vs_CCNE1__PRAD_Tumor__spearman.pdf,2026-09-11T14:31:51
2,heme_consecutive,ALAS1,ALAD,READ_Tumor,spearman,success,./gepia_pdfs/ph2__heme_consecutive__ALAS1_vs_ALAD__READ_Tumor__spearman.pdf,2026-09-11T14:31:54
2,heme_consecutive,ALAD,HMBS,READ_Tumor,spearman,success,./gepia_pdfs/ph2__heme_consecutive__ALAD_vs_HMBS__READ_Tumor__spearman.pdf,2026-09-11T14:31:56
2,heme_consecutive,HMBS,UROS,READ_Tumor,spearman,success,./gepia_pdfs/ph2__heme_consecutive__HMBS_vs_UROS__READ_Tumor__spearman.pdf,2026-09-11T14:32:00
2,heme_consecutive,UROS,UROD,READ_Tumor,spearman,success,./gepia_pdfs/ph2__heme_consecutive__UROS_vs_UROD__READ_Tumor__spearman.pdf,2026-09-11T14:32:02
2,heme_consecutive,UROD,CPOX,READ_Tumor,spearman,success,./gepia_pdfs/ph2__heme_consecutive__UROD_vs_CPOX__READ_Tumor__spearman.pdf,2026-09-11T14:32:05
2,heme_consecutive,CPOX,PPOX,READ_Tumor,spearman,success,./gepia_pdfs/ph2__heme_consecutive__CPOX_vs_PPOX__READ_Tumor__spearman.pdf,2026-09-11T14:32:09
2,heme_consecutive,PPOX,FECH,READ_Tumor,spearman,success,./gepia_pdfs/ph2__heme_consecutive__PPOX_vs_FECH__READ_Tumor__spearman.pdf,2026-09-11T14:32:13
2,heme_nonconsecutive,HMBS,FECH,READ_Tumor,spearman,success,./gepia_pdfs/ph2__heme_nonconsecutive__HMBS_vs_FECH__READ_Tumor__spearman.pdf,2026-09-11T14:32:15
2,heme_nonconsecutive,ALAS1,FECH,READ_Tumor,spearman,success,./gepia_pdfs/ph2__heme_nonconsecutive__ALAS1_vs_FECH__READ_Tumor__spearman.pdf,2026-09-11T14:32:20
2,heme_nonconsecutive,HMBS,PPOX,READ_Tumor,spearman,success,./gepia_pdfs/ph2__heme_nonconsecutive__HMBS_vs_PPOX__READ_Tumor__spearman.pdf,2026-09-11T14:32:23
2,chromatin_vs_heme,H2AFZ,ALAS1,READ_Tumor,spearman,success,./gepia_pdfs/ph2__chromatin_vs_heme__H2AFZ_vs_ALAS1__READ_Tumor__spearman.pdf,2026-09-11T14:32:25
2,chromatin_vs_heme,H2AFZ,ALAD,READ_Tumor,spearman,success,./gepia_pdfs/ph2__chromatin_vs_heme__H2AFZ_vs_ALAD__READ_Tumor__spearman.pdf,2026-09-11T14:32:30
2,chromatin_vs_heme,H2AFZ,HMBS,READ_Tumor,spearman,success,./gepia_pdfs/ph2__chromatin_vs_heme__H2AFZ_vs_HMBS__READ_Tumor__spearman.pdf,2026-09-11T14:32:33
2,chromatin_vs_heme,H2AFZ,UROS,READ_Tumor,spearman,success,./gepia_pdfs/ph2__chromatin_vs_heme__H2AFZ_vs_UROS__READ_Tumor__spearman.pdf,2026-09-11T14:32:37
2,chromatin_vs_heme,H2AFZ,UROD,READ_Tumor,spearman,success,./gepia_pdfs/ph2__chromatin_vs_heme__H2AFZ_vs_UROD__READ_Tumor__spearman.pdf,2026-09-11T14:32:40
2,chromatin_vs_heme,H2AFZ,CPOX,READ_Tumor,spearman,success,./gepia_pdfs/ph2__chromatin_vs_heme__H2AFZ_vs_CPOX__READ_Tumor__spearman.pdf,2026-09-11T14:32:45
2,chromatin_vs_heme,H2AFZ,PPOX,READ_Tumor,spearman,success,./gepia_pdfs/ph2__chromatin_vs_heme__H2AFZ_vs_PPOX__READ_Tumor__spearman.pdf,2026-09-11T14:32:47
2,chromatin_vs_heme,H2AFZ,FECH,READ_Tumor,spearman,success,./gepia_pdfs/ph2__chromatin_vs_heme__H2AFZ_vs_FECH__READ_Tumor__spearman.pdf,2026-09-11T14:32:52
2,chromatin_vs_heme,ATAD2,ALAS1,READ_Tumor,spearman,success,./gepia_pdfs/ph2__chromatin_vs_heme__ATAD2_vs_ALAS1__READ_Tumor__spearman.pdf,2026-09-11T14:32:55
2,chromatin_vs_heme,ATAD2,ALAD,READ_Tumor,spearman,success,./gepia_pdfs/ph2__chromatin_vs_heme__ATAD2_vs_ALAD__READ_Tumor__spearman.pdf,2026-09-11T14:33:00
2,chromatin_vs_heme,ATAD2,HMBS,READ_Tumor,spearman,success,./gepia_pdfs/ph2__chromatin_vs_heme__ATAD2_vs_HMBS__READ_Tumor__spearman.pdf,2026-09-11T14:33:03
2,chromatin_vs_heme,ATAD2,UROS,READ_Tumor,spearman,success,./gepia_pdfs/ph2__chromatin_vs_heme__ATAD2_vs_UROS__READ_Tumor__spearman.pdf,2026-09-11T14:33:06
2,chromatin_vs_heme,ATAD2,UROD,READ_Tumor,spearman,success,./gepia_pdfs/ph2__chromatin_vs_heme__ATAD2_vs_UROD__READ_Tumor__spearman.pdf,2026-09-11T14:33:09
2,chromatin_vs_heme,ATAD2,CPOX,READ_Tumor,spearman,success,./gepia_pdfs/ph2__chromatin_vs_heme__ATAD2_vs_CPOX__READ_Tumor__spearman.pdf,2026-09-11T14:33:11
2,chromatin_vs_heme,ATAD2,PPOX,READ_Tumor,spearman,success,./gepia_pdfs/ph2__chromatin_vs_heme__ATAD2_vs_PPOX__READ_Tumor__spearman.pdf,2026-09-11T14:33:17
2,chromatin_vs_heme,ATAD2,FECH,READ_Tumor,spearman,success,./gepia_pdfs/ph2__chromatin_vs_heme__ATAD2_vs_FECH__READ_Tumor__spearman.pdf,2026-09-11T14:33:22
2,chromatin_vs_heme,BRD4,ALAS1,READ_Tumor,spearman,success,./gepia_pdfs/ph2__chromatin_vs_heme__BRD4_vs_ALAS1__READ_Tumor__spearman.pdf,2026-09-11T14:33:24
2,chromatin_vs_heme,BRD4,ALAD,READ_Tumor,spearman,success,./gepia_pdfs/ph2__chromatin_vs_heme__BRD4_vs_ALAD__READ_Tumor__spearman.pdf,2026-09-11T14:33:27
2,chromatin_vs_heme,BRD4,HMBS,READ_Tumor,spearman,success,./gepia_pdfs/ph2__chromatin_vs_heme__BRD4_vs_HMBS__READ_Tumor__spearman.pdf,2026-09-11T14:33:31
2,chromatin_vs_heme,BRD4,UROS,READ_Tumor,spearman,success,./gepia_pdfs/ph2__chromatin_vs_heme__BRD4_vs_UROS__READ_Tumor__spearman.pdf,2026-09-11T14:33:35
2,chromatin_vs_heme,BRD4,UROD,READ_Tumor,spearman,success,./gepia_pdfs/ph2__chromatin_vs_heme__BRD4_vs_UROD__READ_Tumor__spearman.pdf,2026-09-11T14:33:39
2,chromatin_vs_heme,BRD4,CPOX,READ_Tumor,spearman,success,./gepia_pdfs/ph2__chromatin_vs_heme__BRD4_vs_CPOX__READ_Tumor__spearman.pdf,2026-09-11T14:33:43
2,chromatin_vs_heme,BRD4,PPOX,READ_Tumor,spearman,success,./gepia_pdfs/ph2__chromatin_vs_heme__BRD4_vs_PPOX__READ_Tumor__spearman.pdf,2026-09-11T14:33:46
2,chromatin_vs_heme,BRD4,FECH,READ_Tumor,spearman,success,./gepia_pdfs/ph2__chromatin_vs_heme__BRD4_vs_FECH__READ_Tumor__spearman.pdf,2026-09-11T14:33:50
2,chromatin_vs_heme,BRD2,ALAS1,READ_Tumor,spearman,success,./gepia_pdfs/ph2__chromatin_vs_heme__BRD2_vs_ALAS1__READ_Tumor__spearman.pdf,2026-09-11T14:33:53
2,chromatin_vs_heme,BRD2,ALAD,READ_Tumor,spearman,success,./gepia_pdfs/ph2__chromatin_vs_heme__BRD2_vs_ALAD__READ_Tumor__spearman.pdf,2026-09-11T14:33:55
2,chromatin_vs_heme,BRD2,HMBS,READ_Tumor,spearman,success,./gepia_pdfs/ph2__chromatin_vs_heme__BRD2_vs_HMBS__READ_Tumor__spearman.pdf,2026-09-11T14:34:00
2,chromatin_vs_heme,BRD2,UROS,READ_Tumor,spearman,success,./gepia_pdfs/ph2__chromatin_vs_heme__BRD2_vs_UROS__READ_Tumor__spearman.pdf,2026-09-11T14:34:05
2,chromatin_vs_heme,BRD2,UROD,READ_Tumor,spearman,success,./gepia_pdfs/ph2__chromatin_vs_heme__BRD2_vs_UROD__READ_Tumor__spearman.pdf,2026-09-11T14:34:09
2,chromatin_vs_heme,BRD2,CPOX,READ_Tumor,spearman,success,./gepia_pdfs/ph2__chromatin_vs_heme__BRD2_vs_CPOX__READ_Tumor__spearman.pdf,2026-09-11T14:34:12
2,chromatin_vs_heme,BRD2,PPOX,READ_Tumor,spearman,success,./gepia_pdfs/ph2__chromatin_vs_heme__BRD2_vs_PPOX__READ_Tumor__spearman.pdf,2026-09-11T14:34:15
2,chromatin_vs_heme,BRD2,FECH,READ_Tumor,spearman,success,./gepia_pdfs/ph2__chromatin_vs_heme__BRD2_vs_FECH__READ_Tumor__spearman.pdf,2026-09-11T14:34:19
2,positive_control,E2F1,CCNE1,READ_Tumor,spearman,success,./gepia_pdfs/ph2__positive_control__E2F1_vs_CCNE1__READ_Tumor__spearman.pdf,2026-09-11T14:34:21
2,positive_control,CDK2,CCNE1,READ_Tumor,spearman,success,./gepia_pdfs/ph2__positive_control__CDK2_vs_CCNE1__READ_Tumor__spearman.pdf,2026-09-11T14:34:26
2,heme_consecutive,ALAS1,ALAD,SARC_Tumor,spearman,success,./gepia_pdfs/ph2__heme_consecutive__ALAS1_vs_ALAD__SARC_Tumor__spearman.pdf,2026-09-11T14:34:30
2,heme_consecutive,ALAD,HMBS,SARC_Tumor,spearman,success,./gepia_pdfs/ph2__heme_consecutive__ALAD_vs_HMBS__SARC_Tumor__spearman.pdf,2026-09-11T14:34:33
2,heme_consecutive,HMBS,UROS,SARC_Tumor,spearman,success,./gepia_pdfs/ph2__heme_consecutive__HMBS_vs_UROS__SARC_Tumor__spearman.pdf,2026-09-11T14:34:37
2,heme_consecutive,UROS,UROD,SARC_Tumor,spearman,success,./gepia_pdfs/ph2__heme_consecutive__UROS_vs_UROD__SARC_Tumor__spearman.pdf,2026-09-11T14:34:40
2,heme_consecutive,UROD,CPOX,SARC_Tumor,spearman,success,./gepia_pdfs/ph2__heme_consecutive__UROD_vs_CPOX__SARC_Tumor__spearman.pdf,2026-09-11T14:34:42
2,heme_consecutive,CPOX,PPOX,SARC_Tumor,spearman,success,./gepia_pdfs/ph2__heme_consecutive__CPOX_vs_PPOX__SARC_Tumor__spearman.pdf,2026-09-11T14:34:45
2,heme_consecutive,PPOX,FECH,SARC_Tumor,spearman,success,./gepia_pdfs/ph2__heme_consecutive__PPOX_vs_FECH__SARC_Tumor__spearman.pdf,2026-09-11T14:34:50
2,heme_nonconsecutive,HMBS,FECH,SARC_Tumor,spearman,success,./gepia_pdfs/ph2__heme_nonconsecutive__HMBS_vs_FECH__SARC_Tumor__spearman.pdf,2026-09-11T14:34:53
2,heme_nonconsecutive,ALAS1,FECH,SARC_Tumor,spearman,success,./gepia_pdfs/ph2__heme_nonconsecutive__ALAS1_vs_FECH__SARC_Tumor__spearman.pdf,2026-09-11T14:34:58
2,heme_nonconsecutive,HMBS,PPOX,SARC_Tumor,spearman,success,./gepia_pdfs/ph2__heme_nonconsecutive__HMBS_vs_PPOX__SARC_Tumor__spearman.pdf,2026-09-11T14:35:03
2,chromatin_vs_heme,H2AFZ,ALAS1,SARC_Tumor,spearman,success,./gepia_pdfs/ph2__chromatin_vs_heme__H2AFZ_vs_ALAS1__SARC_Tumor__spearman.pdf,2026-09-11T14:35:05
2,chromatin_vs_heme,H2AFZ,ALAD,SARC_Tumor,spearman,success,./gepia_pdfs/ph2__chromatin_vs_heme__H2AFZ_vs_ALAD__SARC_Tumor__spearman.pdf,2026-09-11T14:35:08
2,chromatin_vs_heme,H2AFZ,HMBS,SARC_Tumor,spearman,success,./gepia_pdfs/ph2__chromatin_vs_heme__H2AFZ_vs_HMBS__SARC_Tumor__spearman.pdf,2026-09-11T14:35:14
2,chromatin_vs_heme,H2AFZ,UROS,SARC_Tumor,spearman,success,./gepia_pdfs/ph2__chromatin_vs_heme__H2AFZ_vs_UROS__SARC_Tumor__spearman.pdf,2026-09-11T14:35:16
2,chromatin_vs_heme,H2AFZ,UROD,SARC_Tumor,spearman,success,./gepia_pdfs/ph2__chromatin_vs_heme__H2AFZ_vs_UROD__SARC_Tumor__spearman.pdf,2026-09-11T14:35:19
2,chromatin_vs_heme,H2AFZ,CPOX,SARC_Tumor,spearman,success,./gepia_pdfs/ph2__chromatin_vs_heme__H2AFZ_vs_CPOX__SARC_Tumor__spearman.pdf,2026-09-11T14:35:22
2,chromatin_vs_heme,H2AFZ,PPOX,SARC_Tumor,spearman,success,./gepia_pdfs/ph2__chromatin_vs_heme__H2AFZ_vs_PPOX__SARC_Tumor__spearman.pdf,2026-09-11T14:35:24
2,chromatin_vs_heme,H2AFZ,FECH,SARC_Tumor,spearman,success,./gepia_pdfs/ph2__chromatin_vs_heme__H2AFZ_vs_FECH__SARC_Tumor__spearman.pdf,2026-09-11T14:35:28
2,chromatin_vs_heme,ATAD2,ALAS1,SARC_Tumor,spearman,success,./gepia_pdfs/ph2__chromatin_vs_heme__ATAD2_vs_ALAS1__SARC_Tumor__spearman.pdf,2026-09-11T14:35:32
2,chromatin_vs_heme,ATAD2,ALAD,SARC_Tumor,spearman,success,./gepia_pdfs/ph2__chromatin_vs_heme__ATAD2_vs_ALAD__SARC_Tumor__spearman.pdf,2026-09-11T14:35:36
2,chromatin_vs_heme,ATAD2,HMBS,SARC_Tumor,spearman,success,./gepia_pdfs/ph2__chromatin_vs_heme__ATAD2_vs_HMBS__SARC_Tumor__spearman.pdf,2026-09-11T14:35:40
2,chromatin_vs_heme,ATAD2,UROS,SARC_Tumor,spearman,success,./gepia_pdfs/ph2__chromatin_vs_heme__ATAD2_vs_UROS__SARC_Tumor__spearman.pdf,2026-09-11T14:35:45
2,chromatin_vs_heme,ATAD2,UROD,SARC_Tumor,spearman,success,./gepia_pdfs/ph2__chromatin_vs_heme__ATAD2_vs_UROD__SARC_Tumor__spearman.pdf,2026-09-11T14:35:47
2,chromatin_vs_heme,ATAD2,CPOX,SARC_Tumor,spearman,success,./gepia_pdfs/ph2__chromatin_vs_heme__ATAD2_vs_CPOX__SARC_Tumor__spearman.pdf,2026-09-11T14:35:52
2,chromatin_vs_heme,ATAD2,PPOX,SARC_Tumor,spearman,success,./gepia_pdfs/ph2__chromatin_vs_heme__ATAD2_vs_PPOX__SARC_Tumor__spearman.pdf,2026-09-11T14:35:54
2,chromatin_vs_heme,ATAD2,FECH,SARC_Tumor,spearman,success,./gepia_pdfs/ph2__chromatin_vs_heme__ATAD2_vs_FECH__SARC_Tumor__spearman.pdf,2026-09-11T14:35:58
2,chromatin_vs_heme,BRD4,ALAS1,SARC_Tumor,spearman,success,./gepia_pdfs/ph2__chromatin_vs_heme__BRD4_vs_ALAS1__SARC_Tumor__spearman.pdf,2026-09-11T14:36:02
2,chromatin_vs_heme,BRD4,ALAD,SARC_Tumor,spearman,success,./gepia_pdfs/ph2__chromatin_vs_heme__BRD4_vs_ALAD__SARC_Tumor__spearman.pdf,2026-09-11T14:36:05
2,chromatin_vs_heme,BRD4,HMBS,SARC_Tumor,spearman,success,./gepia_pdfs/ph2__chromatin_vs_heme__BRD4_vs_HMBS__SARC_Tumor__spearman.pdf,2026-09-11T14:36:07
2,chromatin_vs_heme,BRD4,UROS,SARC_Tumor,spearman,success,./gepia_pdfs/ph2__chromatin_vs_heme__BRD4_vs_UROS__SARC_Tumor__spearman.pdf,2026-09-11T14:36:12
2,chromatin_vs_heme,BRD4,UROD,SARC_Tumor,spearman,success,./gepia_pdfs/ph2__chromatin_vs_heme__BRD4_vs_UROD__SARC_Tumor__spearman.pdf,2026-09-11T14:36:18
2,chromatin_vs_heme,BRD4,CPOX,SARC_Tumor,spearman,success,./gepia_pdfs/ph2__chromatin_vs_heme__BRD4_vs_CPOX__SARC_Tumor__spearman.pdf,2026-09-11T14:36:22
2,chromatin_vs_heme,BRD4,PPOX,SARC_Tumor,spearman,success,./gepia_pdfs/ph2__chromatin_vs_heme__BRD4_vs_PPOX__SARC_Tumor__spearman.pdf,2026-09-11T14:36:25
2,chromatin_vs_heme,BRD4,FECH,SARC_Tumor,spearman,success,./gepia_pdfs/ph2__chromatin_vs_heme__BRD4_vs_FECH__SARC_Tumor__spearman.pdf,2026-09-11T14:36:30
2,chromatin_vs_heme,BRD2,ALAS1,SARC_Tumor,spearman,success,./gepia_pdfs/ph2__chromatin_vs_heme__BRD2_vs_ALAS1__SARC_Tumor__spearman.pdf,2026-09-11T14:36:34
2,chromatin_vs_heme,BRD2,ALAD,SARC_Tumor,spearman,success,./gepia_pdfs/ph2__chromatin_vs_heme__BRD2_vs_ALAD__SARC_Tumor__spearman.pdf,2026-09-11T14:36:39
2,chromatin_vs_heme,BRD2,HMBS,SARC_Tumor,spearman,success,./gepia_pdfs/ph2__chromatin_vs_heme__BRD2_vs_HMBS__SARC_Tumor__spearman.pdf,2026-09-11T14:36:44
2,chromatin_vs_heme,BRD2,UROS,SARC_Tumor,spearman,success,./gepia_pdfs/ph2__chromatin_vs_heme__BRD2_vs_UROS__SARC_Tumor__spearman.pdf,2026-09-11T14:36:48
2,chromatin_vs_heme,BRD2,UROD,SARC_Tumor,spearman,success,./gepia_pdfs/ph2__chromatin_vs_heme__BRD2_vs_UROD__SARC_Tumor__spearman.pdf,2026-09-11T14:36:50
2,chromatin_vs_heme,BRD2,CPOX,SARC_Tumor,spearman,success,./gepia_pdfs/ph2__chromatin_vs_heme__BRD2_vs_CPOX__SARC_Tumor__spearman.pdf,2026-09-11T14:36:54
2,chromatin_vs_heme,BRD2,PPOX,SARC_Tumor,spearman,success,./gepia_pdfs/ph2__chromatin_vs_heme__BRD2_vs_PPOX__SARC_Tumor__spearman.pdf,2026-09-11T14:36:59
2,chromatin_vs_heme,BRD2,FECH,SARC_Tumor,spearman,success,./gepia_pdfs/ph2__chromatin_vs_heme__BRD2_vs_FECH__SARC_Tumor__spearman.pdf,2026-09-11T14:37:02
2,positive_control,E2F1,CCNE1,SARC_Tumor,spearman,success,./gepia_pdfs/ph2__positive_control__E2F1_vs_CCNE1__SARC_Tumor__spearman.pdf,2026-09-11T14:37:07
2,positive_control,CDK2,CCNE1,SARC_Tumor,spearman,success,./gepia_pdfs/ph2__positive_control__CDK2_vs_CCNE1__SARC_Tumor__spearman.pdf,2026-09-11T14:37:11
2,heme_consecutive,ALAS1,ALAD,SKCM_Tumor,spearman,success,./gepia_pdfs/ph2__heme_consecutive__ALAS1_vs_ALAD__SKCM_Tumor__spearman.pdf,2026-09-11T14:37:16
2,heme_consecutive,ALAD,HMBS,SKCM_Tumor,spearman,success,./gepia_pdfs/ph2__heme_consecutive__ALAD_vs_HMBS__SKCM_Tumor__spearman.pdf,2026-09-11T14:37:19
2,heme_consecutive,HMBS,UROS,SKCM_Tumor,spearman,success,./gepia_pdfs/ph2__heme_consecutive__HMBS_vs_UROS__SKCM_Tumor__spearman.pdf,2026-09-11T14:37:22
2,heme_consecutive,UROS,UROD,SKCM_Tumor,spearman,success,./gepia_pdfs/ph2__heme_consecutive__UROS_vs_UROD__SKCM_Tumor__spearman.pdf,2026-09-11T14:37:25
2,heme_consecutive,UROD,CPOX,SKCM_Tumor,spearman,success,./gepia_pdfs/ph2__heme_consecutive__UROD_vs_CPOX__SKCM_Tumor__spearman.pdf,2026-09-11T14:37:28
2,heme_consecutive,CPOX,PPOX,SKCM_Tumor,spearman,success,./gepia_pdfs/ph2__heme_consecutive__CPOX_vs_PPOX__SKCM_Tumor__spearman.pdf,2026-09-11T14:37:31
2,heme_consecutive,PPOX,FECH,SKCM_Tumor,spearman,success,./gepia_pdfs/ph2__heme_consecutive__PPOX_vs_FECH__SKCM_Tumor__spearman.pdf,2026-09-11T14:37:35
2,heme_nonconsecutive,HMBS,FECH,SKCM_Tumor,spearman,success,./gepia_pdfs/ph2__heme_nonconsecutive__HMBS_vs_FECH__SKCM_Tumor__spearman.pdf,2026-09-11T14:37:38
2,heme_nonconsecutive,ALAS1,FECH,SKCM_Tumor,spearman,success,./gepia_pdfs/ph2__heme_nonconsecutive__ALAS1_vs_FECH__SKCM_Tumor__spearman.pdf,2026-09-11T14:37:42
2,heme_nonconsecutive,HMBS,PPOX,SKCM_Tumor,spearman,success,./gepia_pdfs/ph2__heme_nonconsecutive__HMBS_vs_PPOX__SKCM_Tumor__spearman.pdf,2026-09-11T14:37:45
2,chromatin_vs_heme,H2AFZ,ALAS1,SKCM_Tumor,spearman,success,./gepia_pdfs/ph2__chromatin_vs_heme__H2AFZ_vs_ALAS1__SKCM_Tumor__spearman.pdf,2026-09-11T14:37:49
2,chromatin_vs_heme,H2AFZ,ALAD,SKCM_Tumor,spearman,success,./gepia_pdfs/ph2__chromatin_vs_heme__H2AFZ_vs_ALAD__SKCM_Tumor__spearman.pdf,2026-09-11T14:37:53
2,chromatin_vs_heme,H2AFZ,HMBS,SKCM_Tumor,spearman,success,./gepia_pdfs/ph2__chromatin_vs_heme__H2AFZ_vs_HMBS__SKCM_Tumor__spearman.pdf,2026-09-11T14:37:57
2,chromatin_vs_heme,H2AFZ,UROS,SKCM_Tumor,spearman,success,./gepia_pdfs/ph2__chromatin_vs_heme__H2AFZ_vs_UROS__SKCM_Tumor__spearman.pdf,2026-09-11T14:38:00
2,chromatin_vs_heme,H2AFZ,UROD,SKCM_Tumor,spearman,success,./gepia_pdfs/ph2__chromatin_vs_heme__H2AFZ_vs_UROD__SKCM_Tumor__spearman.pdf,2026-09-11T14:38:05
2,chromatin_vs_heme,H2AFZ,CPOX,SKCM_Tumor,spearman,success,./gepia_pdfs/ph2__chromatin_vs_heme__H2AFZ_vs_CPOX__SKCM_Tumor__spearman.pdf,2026-09-11T14:38:08
2,chromatin_vs_heme,H2AFZ,PPOX,SKCM_Tumor,spearman,success,./gepia_pdfs/ph2__chromatin_vs_heme__H2AFZ_vs_PPOX__SKCM_Tumor__spearman.pdf,2026-09-11T14:38:10
2,chromatin_vs_heme,H2AFZ,FECH,SKCM_Tumor,spearman,success,./gepia_pdfs/ph2__chromatin_vs_heme__H2AFZ_vs_FECH__SKCM_Tumor__spearman.pdf,2026-09-11T14:38:15
2,chromatin_vs_heme,ATAD2,ALAS1,SKCM_Tumor,spearman,success,./gepia_pdfs/ph2__chromatin_vs_heme__ATAD2_vs_ALAS1__SKCM_Tumor__spearman.pdf,2026-09-11T14:38:18
2,chromatin_vs_heme,ATAD2,ALAD,SKCM_Tumor,spearman,success,./gepia_pdfs/ph2__chromatin_vs_heme__ATAD2_vs_ALAD__SKCM_Tumor__spearman.pdf,2026-09-11T14:38:21
2,chromatin_vs_heme,ATAD2,HMBS,SKCM_Tumor,spearman,success,./gepia_pdfs/ph2__chromatin_vs_heme__ATAD2_vs_HMBS__SKCM_Tumor__spearman.pdf,2026-09-11T14:38:26
2,chromatin_vs_heme,ATAD2,UROS,SKCM_Tumor,spearman,success,./gepia_pdfs/ph2__chromatin_vs_heme__ATAD2_vs_UROS__SKCM_Tumor__spearman.pdf,2026-09-11T14:38:29
2,chromatin_vs_heme,ATAD2,UROD,SKCM_Tumor,spearman,success,./gepia_pdfs/ph2__chromatin_vs_heme__ATAD2_vs_UROD__SKCM_Tumor__spearman.pdf,2026-09-11T14:38:34
2,chromatin_vs_heme,ATAD2,CPOX,SKCM_Tumor,spearman,success,./gepia_pdfs/ph2__chromatin_vs_heme__ATAD2_vs_CPOX__SKCM_Tumor__spearman.pdf,2026-09-11T14:38:36
2,chromatin_vs_heme,ATAD2,PPOX,SKCM_Tumor,spearman,success,./gepia_pdfs/ph2__chromatin_vs_heme__ATAD2_vs_PPOX__SKCM_Tumor__spearman.pdf,2026-09-11T14:38:42
2,chromatin_vs_heme,ATAD2,FECH,SKCM_Tumor,spearman,success,./gepia_pdfs/ph2__chromatin_vs_heme__ATAD2_vs_FECH__SKCM_Tumor__spearman.pdf,2026-09-11T14:38:45
2,chromatin_vs_heme,BRD4,ALAS1,SKCM_Tumor,spearman,success,./gepia_pdfs/ph2__chromatin_vs_heme__BRD4_vs_ALAS1__SKCM_Tumor__spearman.pdf,2026-09-11T14:38:49
2,chromatin_vs_heme,BRD4,ALAD,SKCM_Tumor,spearman,success,./gepia_pdfs/ph2__chromatin_vs_heme__BRD4_vs_ALAD__SKCM_Tumor__spearman.pdf,2026-09-11T14:38:51
2,chromatin_vs_heme,BRD4,HMBS,SKCM_Tumor,spearman,success,./gepia_pdfs/ph2__chromatin_vs_heme__BRD4_vs_HMBS__SKCM_Tumor__spearman.pdf,2026-09-11T14:38:55
2,chromatin_vs_heme,BRD4,UROS,SKCM_Tumor,spearman,success,./gepia_pdfs/ph2__chromatin_vs_heme__BRD4_vs_UROS__SKCM_Tumor__spearman.pdf,2026-09-11T14:38:57
2,chromatin_vs_heme,BRD4,UROD,SKCM_Tumor,spearman,success,./gepia_pdfs/ph2__chromatin_vs_heme__BRD4_vs_UROD__SKCM_Tumor__spearman.pdf,2026-09-11T14:39:02
2,chromatin_vs_heme,BRD4,CPOX,SKCM_Tumor,spearman,success,./gepia_pdfs/ph2__chromatin_vs_heme__BRD4_vs_CPOX__SKCM_Tumor__spearman.pdf,2026-09-11T14:39:05
2,chromatin_vs_heme,BRD4,PPOX,SKCM_Tumor,spearman,success,./gepia_pdfs/ph2__chromatin_vs_heme__BRD4_vs_PPOX__SKCM_Tumor__spearman.pdf,2026-09-11T14:39:10
2,chromatin_vs_heme,BRD4,FECH,SKCM_Tumor,spearman,success,./gepia_pdfs/ph2__chromatin_vs_heme__BRD4_vs_FECH__SKCM_Tumor__spearman.pdf,2026-09-11T14:39:15
2,chromatin_vs_heme,BRD2,ALAS1,SKCM_Tumor,spearman,success,./gepia_pdfs/ph2__chromatin_vs_heme__BRD2_vs_ALAS1__SKCM_Tumor__spearman.pdf,2026-09-11T14:39:18
2,chromatin_vs_heme,BRD2,ALAD,SKCM_Tumor,spearman,success,./gepia_pdfs/ph2__chromatin_vs_heme__BRD2_vs_ALAD__SKCM_Tumor__spearman.pdf,2026-09-11T14:39:22
2,chromatin_vs_heme,BRD2,HMBS,SKCM_Tumor,spearman,success,./gepia_pdfs/ph2__chromatin_vs_heme__BRD2_vs_HMBS__SKCM_Tumor__spearman.pdf,2026-09-11T14:39:25
2,chromatin_vs_heme,BRD2,UROS,SKCM_Tumor,spearman,success,./gepia_pdfs/ph2__chromatin_vs_heme__BRD2_vs_UROS__SKCM_Tumor__spearman.pdf,2026-09-11T14:39:29
2,chromatin_vs_heme,BRD2,UROD,SKCM_Tumor,spearman,success,./gepia_pdfs/ph2__chromatin_vs_heme__BRD2_vs_UROD__SKCM_Tumor__spearman.pdf,2026-09-11T14:39:33
2,chromatin_vs_heme,BRD2,CPOX,SKCM_Tumor,spearman,success,./gepia_pdfs/ph2__chromatin_vs_heme__BRD2_vs_CPOX__SKCM_Tumor__spearman.pdf,2026-09-11T14:39:36
2,chromatin_vs_heme,BRD2,PPOX,SKCM_Tumor,spearman,success,./gepia_pdfs/ph2__chromatin_vs_heme__BRD2_vs_PPOX__SKCM_Tumor__spearman.pdf,2026-09-11T14:39:42
2,chromatin_vs_heme,BRD2,FECH,SKCM_Tumor,spearman,success,./gepia_pdfs/ph2__chromatin_vs_heme__BRD2_vs_FECH__SKCM_Tumor__spearman.pdf,2026-09-11T14:39:46
2,positive_control,E2F1,CCNE1,SKCM_Tumor,spearman,success,./gepia_pdfs/ph2__positive_control__E2F1_vs_CCNE1__SKCM_Tumor__spearman.pdf,2026-09-11T14:39:50
2,positive_control,CDK2,CCNE1,SKCM_Tumor,spearman,success,./gepia_pdfs/ph2__positive_control__CDK2_vs_CCNE1__SKCM_Tumor__spearman.pdf,2026-09-11T14:39:56
2,heme_consecutive,ALAS1,ALAD,STAD_Tumor,spearman,success,./gepia_pdfs/ph2__heme_consecutive__ALAS1_vs_ALAD__STAD_Tumor__spearman.pdf,2026-09-11T14:39:58
2,heme_consecutive,ALAD,HMBS,STAD_Tumor,spearman,success,./gepia_pdfs/ph2__heme_consecutive__ALAD_vs_HMBS__STAD_Tumor__spearman.pdf,2026-09-11T14:40:02
2,heme_consecutive,HMBS,UROS,STAD_Tumor,spearman,success,./gepia_pdfs/ph2__heme_consecutive__HMBS_vs_UROS__STAD_Tumor__spearman.pdf,2026-09-11T14:40:05
2,heme_consecutive,UROS,UROD,STAD_Tumor,spearman,success,./gepia_pdfs/ph2__heme_consecutive__UROS_vs_UROD__STAD_Tumor__spearman.pdf,2026-09-11T14:40:09
2,heme_consecutive,UROD,CPOX,STAD_Tumor,spearman,success,./gepia_pdfs/ph2__heme_consecutive__UROD_vs_CPOX__STAD_Tumor__spearman.pdf,2026-09-11T14:40:13
2,heme_consecutive,CPOX,PPOX,STAD_Tumor,spearman,success,./gepia_pdfs/ph2__heme_consecutive__CPOX_vs_PPOX__STAD_Tumor__spearman.pdf,2026-09-11T14:40:16
2,heme_consecutive,PPOX,FECH,STAD_Tumor,spearman,success,./gepia_pdfs/ph2__heme_consecutive__PPOX_vs_FECH__STAD_Tumor__spearman.pdf,2026-09-11T14:40:19
2,heme_nonconsecutive,HMBS,FECH,STAD_Tumor,spearman,success,./gepia_pdfs/ph2__heme_nonconsecutive__HMBS_vs_FECH__STAD_Tumor__spearman.pdf,2026-09-11T14:40:24
2,heme_nonconsecutive,ALAS1,FECH,STAD_Tumor,spearman,success,./gepia_pdfs/ph2__heme_nonconsecutive__ALAS1_vs_FECH__STAD_Tumor__spearman.pdf,2026-09-11T14:40:28
2,heme_nonconsecutive,HMBS,PPOX,STAD_Tumor,spearman,success,./gepia_pdfs/ph2__heme_nonconsecutive__HMBS_vs_PPOX__STAD_Tumor__spearman.pdf,2026-09-11T14:40:30
2,chromatin_vs_heme,H2AFZ,ALAS1,STAD_Tumor,spearman,success,./gepia_pdfs/ph2__chromatin_vs_heme__H2AFZ_vs_ALAS1__STAD_Tumor__spearman.pdf,2026-09-11T14:40:34
2,chromatin_vs_heme,H2AFZ,ALAD,STAD_Tumor,spearman,success,./gepia_pdfs/ph2__chromatin_vs_heme__H2AFZ_vs_ALAD__STAD_Tumor__spearman.pdf,2026-09-11T14:40:40
2,chromatin_vs_heme,H2AFZ,HMBS,STAD_Tumor,spearman,success,./gepia_pdfs/ph2__chromatin_vs_heme__H2AFZ_vs_HMBS__STAD_Tumor__spearman.pdf,2026-09-11T14:40:42
2,chromatin_vs_heme,H2AFZ,UROS,STAD_Tumor,spearman,success,./gepia_pdfs/ph2__chromatin_vs_heme__H2AFZ_vs_UROS__STAD_Tumor__spearman.pdf,2026-09-11T14:40:46
2,chromatin_vs_heme,H2AFZ,UROD,STAD_Tumor,spearman,success,./gepia_pdfs/ph2__chromatin_vs_heme__H2AFZ_vs_UROD__STAD_Tumor__spearman.pdf,2026-09-11T14:40:51
2,chromatin_vs_heme,H2AFZ,CPOX,STAD_Tumor,spearman,success,./gepia_pdfs/ph2__chromatin_vs_heme__H2AFZ_vs_CPOX__STAD_Tumor__spearman.pdf,2026-09-11T14:40:55
2,chromatin_vs_heme,H2AFZ,PPOX,STAD_Tumor,spearman,success,./gepia_pdfs/ph2__chromatin_vs_heme__H2AFZ_vs_PPOX__STAD_Tumor__spearman.pdf,2026-09-11T14:41:00
2,chromatin_vs_heme,H2AFZ,FECH,STAD_Tumor,spearman,success,./gepia_pdfs/ph2__chromatin_vs_heme__H2AFZ_vs_FECH__STAD_Tumor__spearman.pdf,2026-09-11T14:41:04
2,chromatin_vs_heme,ATAD2,ALAS1,STAD_Tumor,spearman,success,./gepia_pdfs/ph2__chromatin_vs_heme__ATAD2_vs_ALAS1__STAD_Tumor__spearman.pdf,2026-09-11T14:41:07
2,chromatin_vs_heme,ATAD2,ALAD,STAD_Tumor,spearman,success,./gepia_pdfs/ph2__chromatin_vs_heme__ATAD2_vs_ALAD__STAD_Tumor__spearman.pdf,2026-09-11T14:41:11
2,chromatin_vs_heme,ATAD2,HMBS,STAD_Tumor,spearman,success,./gepia_pdfs/ph2__chromatin_vs_heme__ATAD2_vs_HMBS__STAD_Tumor__spearman.pdf,2026-09-11T14:41:15
2,chromatin_vs_heme,ATAD2,UROS,STAD_Tumor,spearman,success,./gepia_pdfs/ph2__chromatin_vs_heme__ATAD2_vs_UROS__STAD_Tumor__spearman.pdf,2026-09-11T14:41:18
2,chromatin_vs_heme,ATAD2,UROD,STAD_Tumor,spearman,success,./gepia_pdfs/ph2__chromatin_vs_heme__ATAD2_vs_UROD__STAD_Tumor__spearman.pdf,2026-09-11T14:41:22
2,chromatin_vs_heme,ATAD2,CPOX,STAD_Tumor,spearman,success,./gepia_pdfs/ph2__chromatin_vs_heme__ATAD2_vs_CPOX__STAD_Tumor__spearman.pdf,2026-09-11T14:41:27
2,chromatin_vs_heme,ATAD2,PPOX,STAD_Tumor,spearman,success,./gepia_pdfs/ph2__chromatin_vs_heme__ATAD2_vs_PPOX__STAD_Tumor__spearman.pdf,2026-09-11T14:41:30
2,chromatin_vs_heme,ATAD2,FECH,STAD_Tumor,spearman,success,./gepia_pdfs/ph2__chromatin_vs_heme__ATAD2_vs_FECH__STAD_Tumor__spearman.pdf,2026-09-11T14:41:35
2,chromatin_vs_heme,BRD4,ALAS1,STAD_Tumor,spearman,success,./gepia_pdfs/ph2__chromatin_vs_heme__BRD4_vs_ALAS1__STAD_Tumor__spearman.pdf,2026-09-11T14:41:38
2,chromatin_vs_heme,BRD4,ALAD,STAD_Tumor,spearman,success,./gepia_pdfs/ph2__chromatin_vs_heme__BRD4_vs_ALAD__STAD_Tumor__spearman.pdf,2026-09-11T14:41:43
2,chromatin_vs_heme,BRD4,HMBS,STAD_Tumor,spearman,success,./gepia_pdfs/ph2__chromatin_vs_heme__BRD4_vs_HMBS__STAD_Tumor__spearman.pdf,2026-09-11T14:41:47
2,chromatin_vs_heme,BRD4,UROS,STAD_Tumor,spearman,success,./gepia_pdfs/ph2__chromatin_vs_heme__BRD4_vs_UROS__STAD_Tumor__spearman.pdf,2026-09-11T14:41:51
2,chromatin_vs_heme,BRD4,UROD,STAD_Tumor,spearman,success,./gepia_pdfs/ph2__chromatin_vs_heme__BRD4_vs_UROD__STAD_Tumor__spearman.pdf,2026-09-11T14:41:56
2,chromatin_vs_heme,BRD4,CPOX,STAD_Tumor,spearman,success,./gepia_pdfs/ph2__chromatin_vs_heme__BRD4_vs_CPOX__STAD_Tumor__spearman.pdf,2026-09-11T14:41:59
2,chromatin_vs_heme,BRD4,PPOX,STAD_Tumor,spearman,success,./gepia_pdfs/ph2__chromatin_vs_heme__BRD4_vs_PPOX__STAD_Tumor__spearman.pdf,2026-09-11T14:42:03
2,chromatin_vs_heme,BRD4,FECH,STAD_Tumor,spearman,success,./gepia_pdfs/ph2__chromatin_vs_heme__BRD4_vs_FECH__STAD_Tumor__spearman.pdf,2026-09-11T14:42:06
2,chromatin_vs_heme,BRD2,ALAS1,STAD_Tumor,spearman,success,./gepia_pdfs/ph2__chromatin_vs_heme__BRD2_vs_ALAS1__STAD_Tumor__spearman.pdf,2026-09-11T14:42:09
2,chromatin_vs_heme,BRD2,ALAD,STAD_Tumor,spearman,success,./gepia_pdfs/ph2__chromatin_vs_heme__BRD2_vs_ALAD__STAD_Tumor__spearman.pdf,2026-09-11T14:42:13
2,chromatin_vs_heme,BRD2,HMBS,STAD_Tumor,spearman,success,./gepia_pdfs/ph2__chromatin_vs_heme__BRD2_vs_HMBS__STAD_Tumor__spearman.pdf,2026-09-11T14:42:18
2,chromatin_vs_heme,BRD2,UROS,STAD_Tumor,spearman,success,./gepia_pdfs/ph2__chromatin_vs_heme__BRD2_vs_UROS__STAD_Tumor__spearman.pdf,2026-09-11T14:42:23
2,chromatin_vs_heme,BRD2,UROD,STAD_Tumor,spearman,success,./gepia_pdfs/ph2__chromatin_vs_heme__BRD2_vs_UROD__STAD_Tumor__spearman.pdf,2026-09-11T14:42:27
2,chromatin_vs_heme,BRD2,CPOX,STAD_Tumor,spearman,success,./gepia_pdfs/ph2__chromatin_vs_heme__BRD2_vs_CPOX__STAD_Tumor__spearman.pdf,2026-09-11T14:42:30
2,chromatin_vs_heme,BRD2,PPOX,STAD_Tumor,spearman,success,./gepia_pdfs/ph2__chromatin_vs_heme__BRD2_vs_PPOX__STAD_Tumor__spearman.pdf,2026-09-11T14:42:35
2,chromatin_vs_heme,BRD2,FECH,STAD_Tumor,spearman,success,./gepia_pdfs/ph2__chromatin_vs_heme__BRD2_vs_FECH__STAD_Tumor__spearman.pdf,2026-09-11T14:42:38
2,positive_control,E2F1,CCNE1,STAD_Tumor,spearman,success,./gepia_pdfs/ph2__positive_control__E2F1_vs_CCNE1__STAD_Tumor__spearman.pdf,2026-09-11T14:42:41
2,positive_control,CDK2,CCNE1,STAD_Tumor,spearman,success,./gepia_pdfs/ph2__positive_control__CDK2_vs_CCNE1__STAD_Tumor__spearman.pdf,2026-09-11T14:42:46
2,heme_consecutive,ALAS1,ALAD,TGCT_Tumor,spearman,success,./gepia_pdfs/ph2__heme_consecutive__ALAS1_vs_ALAD__TGCT_Tumor__spearman.pdf,2026-09-11T14:42:50
2,heme_consecutive,ALAD,HMBS,TGCT_Tumor,spearman,success,./gepia_pdfs/ph2__heme_consecutive__ALAD_vs_HMBS__TGCT_Tumor__spearman.pdf,2026-09-11T14:42:54
2,heme_consecutive,HMBS,UROS,TGCT_Tumor,spearman,success,./gepia_pdfs/ph2__heme_consecutive__HMBS_vs_UROS__TGCT_Tumor__spearman.pdf,2026-09-11T14:42:59
2,heme_consecutive,UROS,UROD,TGCT_Tumor,spearman,success,./gepia_pdfs/ph2__heme_consecutive__UROS_vs_UROD__TGCT_Tumor__spearman.pdf,2026-09-11T14:43:02
2,heme_consecutive,UROD,CPOX,TGCT_Tumor,spearman,success,./gepia_pdfs/ph2__heme_consecutive__UROD_vs_CPOX__TGCT_Tumor__spearman.pdf,2026-09-11T14:43:06
2,heme_consecutive,CPOX,PPOX,TGCT_Tumor,spearman,success,./gepia_pdfs/ph2__heme_consecutive__CPOX_vs_PPOX__TGCT_Tumor__spearman.pdf,2026-09-11T14:43:08
2,heme_consecutive,PPOX,FECH,TGCT_Tumor,spearman,success,./gepia_pdfs/ph2__heme_consecutive__PPOX_vs_FECH__TGCT_Tumor__spearman.pdf,2026-09-11T14:43:12
2,heme_nonconsecutive,HMBS,FECH,TGCT_Tumor,spearman,success,./gepia_pdfs/ph2__heme_nonconsecutive__HMBS_vs_FECH__TGCT_Tumor__spearman.pdf,2026-09-11T14:43:16
2,heme_nonconsecutive,ALAS1,FECH,TGCT_Tumor,spearman,success,./gepia_pdfs/ph2__heme_nonconsecutive__ALAS1_vs_FECH__TGCT_Tumor__spearman.pdf,2026-09-11T14:43:19
2,heme_nonconsecutive,HMBS,PPOX,TGCT_Tumor,spearman,success,./gepia_pdfs/ph2__heme_nonconsecutive__HMBS_vs_PPOX__TGCT_Tumor__spearman.pdf,2026-09-11T14:43:21
2,chromatin_vs_heme,H2AFZ,ALAS1,TGCT_Tumor,spearman,success,./gepia_pdfs/ph2__chromatin_vs_heme__H2AFZ_vs_ALAS1__TGCT_Tumor__spearman.pdf,2026-09-11T14:43:24
2,chromatin_vs_heme,H2AFZ,ALAD,TGCT_Tumor,spearman,success,./gepia_pdfs/ph2__chromatin_vs_heme__H2AFZ_vs_ALAD__TGCT_Tumor__spearman.pdf,2026-09-11T14:43:29
2,chromatin_vs_heme,H2AFZ,HMBS,TGCT_Tumor,spearman,success,./gepia_pdfs/ph2__chromatin_vs_heme__H2AFZ_vs_HMBS__TGCT_Tumor__spearman.pdf,2026-09-11T14:43:31
2,chromatin_vs_heme,H2AFZ,UROS,TGCT_Tumor,spearman,success,./gepia_pdfs/ph2__chromatin_vs_heme__H2AFZ_vs_UROS__TGCT_Tumor__spearman.pdf,2026-09-11T14:43:36
2,chromatin_vs_heme,H2AFZ,UROD,TGCT_Tumor,spearman,success,./gepia_pdfs/ph2__chromatin_vs_heme__H2AFZ_vs_UROD__TGCT_Tumor__spearman.pdf,2026-09-11T14:43:40
2,chromatin_vs_heme,H2AFZ,CPOX,TGCT_Tumor,spearman,success,./gepia_pdfs/ph2__chromatin_vs_heme__H2AFZ_vs_CPOX__TGCT_Tumor__spearman.pdf,2026-09-11T14:43:43
2,chromatin_vs_heme,H2AFZ,PPOX,TGCT_Tumor,spearman,success,./gepia_pdfs/ph2__chromatin_vs_heme__H2AFZ_vs_PPOX__TGCT_Tumor__spearman.pdf,2026-09-11T14:43:46
2,chromatin_vs_heme,H2AFZ,FECH,TGCT_Tumor,spearman,success,./gepia_pdfs/ph2__chromatin_vs_heme__H2AFZ_vs_FECH__TGCT_Tumor__spearman.pdf,2026-09-11T14:43:49
2,chromatin_vs_heme,ATAD2,ALAS1,TGCT_Tumor,spearman,success,./gepia_pdfs/ph2__chromatin_vs_heme__ATAD2_vs_ALAS1__TGCT_Tumor__spearman.pdf,2026-09-11T14:43:52
2,chromatin_vs_heme,ATAD2,ALAD,TGCT_Tumor,spearman,success,./gepia_pdfs/ph2__chromatin_vs_heme__ATAD2_vs_ALAD__TGCT_Tumor__spearman.pdf,2026-09-11T14:43:57
2,chromatin_vs_heme,ATAD2,HMBS,TGCT_Tumor,spearman,success,./gepia_pdfs/ph2__chromatin_vs_heme__ATAD2_vs_HMBS__TGCT_Tumor__spearman.pdf,2026-09-11T14:44:01
2,chromatin_vs_heme,ATAD2,UROS,TGCT_Tumor,spearman,success,./gepia_pdfs/ph2__chromatin_vs_heme__ATAD2_vs_UROS__TGCT_Tumor__spearman.pdf,2026-09-11T14:44:05
2,chromatin_vs_heme,ATAD2,UROD,TGCT_Tumor,spearman,success,./gepia_pdfs/ph2__chromatin_vs_heme__ATAD2_vs_UROD__TGCT_Tumor__spearman.pdf,2026-09-11T14:44:08
2,chromatin_vs_heme,ATAD2,CPOX,TGCT_Tumor,spearman,success,./gepia_pdfs/ph2__chromatin_vs_heme__ATAD2_vs_CPOX__TGCT_Tumor__spearman.pdf,2026-09-11T14:44:13
2,chromatin_vs_heme,ATAD2,PPOX,TGCT_Tumor,spearman,success,./gepia_pdfs/ph2__chromatin_vs_heme__ATAD2_vs_PPOX__TGCT_Tumor__spearman.pdf,2026-09-11T14:44:17
2,chromatin_vs_heme,ATAD2,FECH,TGCT_Tumor,spearman,success,./gepia_pdfs/ph2__chromatin_vs_heme__ATAD2_vs_FECH__TGCT_Tumor__spearman.pdf,2026-09-11T14:44:20
2,chromatin_vs_heme,BRD4,ALAS1,TGCT_Tumor,spearman,success,./gepia_pdfs/ph2__chromatin_vs_heme__BRD4_vs_ALAS1__TGCT_Tumor__spearman.pdf,2026-09-11T14:44:24
2,chromatin_vs_heme,BRD4,ALAD,TGCT_Tumor,spearman,success,./gepia_pdfs/ph2__chromatin_vs_heme__BRD4_vs_ALAD__TGCT_Tumor__spearman.pdf,2026-09-11T14:44:27
2,chromatin_vs_heme,BRD4,HMBS,TGCT_Tumor,spearman,success,./gepia_pdfs/ph2__chromatin_vs_heme__BRD4_vs_HMBS__TGCT_Tumor__spearman.pdf,2026-09-11T14:44:30
2,chromatin_vs_heme,BRD4,UROS,TGCT_Tumor,spearman,success,./gepia_pdfs/ph2__chromatin_vs_heme__BRD4_vs_UROS__TGCT_Tumor__spearman.pdf,2026-09-11T14:44:32
2,chromatin_vs_heme,BRD4,UROD,TGCT_Tumor,spearman,success,./gepia_pdfs/ph2__chromatin_vs_heme__BRD4_vs_UROD__TGCT_Tumor__spearman.pdf,2026-09-11T14:44:35
2,chromatin_vs_heme,BRD4,CPOX,TGCT_Tumor,spearman,success,./gepia_pdfs/ph2__chromatin_vs_heme__BRD4_vs_CPOX__TGCT_Tumor__spearman.pdf,2026-09-11T14:44:39
2,chromatin_vs_heme,BRD4,PPOX,TGCT_Tumor,spearman,success,./gepia_pdfs/ph2__chromatin_vs_heme__BRD4_vs_PPOX__TGCT_Tumor__spearman.pdf,2026-09-11T14:44:42
2,chromatin_vs_heme,BRD4,FECH,TGCT_Tumor,spearman,success,./gepia_pdfs/ph2__chromatin_vs_heme__BRD4_vs_FECH__TGCT_Tumor__spearman.pdf,2026-09-11T14:44:46
2,chromatin_vs_heme,BRD2,ALAS1,TGCT_Tumor,spearman,success,./gepia_pdfs/ph2__chromatin_vs_heme__BRD2_vs_ALAS1__TGCT_Tumor__spearman.pdf,2026-09-11T14:44:51
2,chromatin_vs_heme,BRD2,ALAD,TGCT_Tumor,spearman,success,./gepia_pdfs/ph2__chromatin_vs_heme__BRD2_vs_ALAD__TGCT_Tumor__spearman.pdf,2026-09-11T14:44:54
2,chromatin_vs_heme,BRD2,HMBS,TGCT_Tumor,spearman,success,./gepia_pdfs/ph2__chromatin_vs_heme__BRD2_vs_HMBS__TGCT_Tumor__spearman.pdf,2026-09-11T14:44:58
2,chromatin_vs_heme,BRD2,UROS,TGCT_Tumor,spearman,success,./gepia_pdfs/ph2__chromatin_vs_heme__BRD2_vs_UROS__TGCT_Tumor__spearman.pdf,2026-09-11T14:45:02
2,chromatin_vs_heme,BRD2,UROD,TGCT_Tumor,spearman,success,./gepia_pdfs/ph2__chromatin_vs_heme__BRD2_vs_UROD__TGCT_Tumor__spearman.pdf,2026-09-11T14:45:04
2,chromatin_vs_heme,BRD2,CPOX,TGCT_Tumor,spearman,success,./gepia_pdfs/ph2__chromatin_vs_heme__BRD2_vs_CPOX__TGCT_Tumor__spearman.pdf,2026-09-11T14:45:08
2,chromatin_vs_heme,BRD2,PPOX,TGCT_Tumor,spearman,success,./gepia_pdfs/ph2__chromatin_vs_heme__BRD2_vs_PPOX__TGCT_Tumor__spearman.pdf,2026-09-11T14:45:12
2,chromatin_vs_heme,BRD2,FECH,TGCT_Tumor,spearman,success,./gepia_pdfs/ph2__chromatin_vs_heme__BRD2_vs_FECH__TGCT_Tumor__spearman.pdf,2026-09-11T14:45:14
2,positive_control,E2F1,CCNE1,TGCT_Tumor,spearman,success,./gepia_pdfs/ph2__positive_control__E2F1_vs_CCNE1__TGCT_Tumor__spearman.pdf,2026-09-11T14:45:18
2,positive_control,CDK2,CCNE1,TGCT_Tumor,spearman,success,./gepia_pdfs/ph2__positive_control__CDK2_vs_CCNE1__TGCT_Tumor__spearman.pdf,2026-09-11T14:45:22
2,heme_consecutive,ALAS1,ALAD,THCA_Tumor,spearman,success,./gepia_pdfs/ph2__heme_consecutive__ALAS1_vs_ALAD__THCA_Tumor__spearman.pdf,2026-09-11T14:45:27
2,heme_consecutive,ALAD,HMBS,THCA_Tumor,spearman,success,./gepia_pdfs/ph2__heme_consecutive__ALAD_vs_HMBS__THCA_Tumor__spearman.pdf,2026-09-11T14:45:31
2,heme_consecutive,HMBS,UROS,THCA_Tumor,spearman,success,./gepia_pdfs/ph2__heme_consecutive__HMBS_vs_UROS__THCA_Tumor__spearman.pdf,2026-09-11T14:45:34
2,heme_consecutive,UROS,UROD,THCA_Tumor,spearman,success,./gepia_pdfs/ph2__heme_consecutive__UROS_vs_UROD__THCA_Tumor__spearman.pdf,2026-09-11T14:45:39
2,heme_consecutive,UROD,CPOX,THCA_Tumor,spearman,success,./gepia_pdfs/ph2__heme_consecutive__UROD_vs_CPOX__THCA_Tumor__spearman.pdf,2026-09-11T14:45:44
2,heme_consecutive,CPOX,PPOX,THCA_Tumor,spearman,success,./gepia_pdfs/ph2__heme_consecutive__CPOX_vs_PPOX__THCA_Tumor__spearman.pdf,2026-09-11T14:45:50
2,heme_consecutive,PPOX,FECH,THCA_Tumor,spearman,success,./gepia_pdfs/ph2__heme_consecutive__PPOX_vs_FECH__THCA_Tumor__spearman.pdf,2026-09-11T14:45:54
2,heme_nonconsecutive,HMBS,FECH,THCA_Tumor,spearman,success,./gepia_pdfs/ph2__heme_nonconsecutive__HMBS_vs_FECH__THCA_Tumor__spearman.pdf,2026-09-11T14:45:59
2,heme_nonconsecutive,ALAS1,FECH,THCA_Tumor,spearman,success,./gepia_pdfs/ph2__heme_nonconsecutive__ALAS1_vs_FECH__THCA_Tumor__spearman.pdf,2026-09-11T14:46:03
2,heme_nonconsecutive,HMBS,PPOX,THCA_Tumor,spearman,success,./gepia_pdfs/ph2__heme_nonconsecutive__HMBS_vs_PPOX__THCA_Tumor__spearman.pdf,2026-09-11T14:46:06
2,chromatin_vs_heme,H2AFZ,ALAS1,THCA_Tumor,spearman,success,./gepia_pdfs/ph2__chromatin_vs_heme__H2AFZ_vs_ALAS1__THCA_Tumor__spearman.pdf,2026-09-11T14:46:09
2,chromatin_vs_heme,H2AFZ,ALAD,THCA_Tumor,spearman,success,./gepia_pdfs/ph2__chromatin_vs_heme__H2AFZ_vs_ALAD__THCA_Tumor__spearman.pdf,2026-09-11T14:46:14
2,chromatin_vs_heme,H2AFZ,HMBS,THCA_Tumor,spearman,success,./gepia_pdfs/ph2__chromatin_vs_heme__H2AFZ_vs_HMBS__THCA_Tumor__spearman.pdf,2026-09-11T14:46:19
2,chromatin_vs_heme,H2AFZ,UROS,THCA_Tumor,spearman,success,./gepia_pdfs/ph2__chromatin_vs_heme__H2AFZ_vs_UROS__THCA_Tumor__spearman.pdf,2026-09-11T14:46:24
2,chromatin_vs_heme,H2AFZ,UROD,THCA_Tumor,spearman,success,./gepia_pdfs/ph2__chromatin_vs_heme__H2AFZ_vs_UROD__THCA_Tumor__spearman.pdf,2026-09-11T14:46:28
2,chromatin_vs_heme,H2AFZ,CPOX,THCA_Tumor,spearman,success,./gepia_pdfs/ph2__chromatin_vs_heme__H2AFZ_vs_CPOX__THCA_Tumor__spearman.pdf,2026-09-11T14:46:31
2,chromatin_vs_heme,H2AFZ,PPOX,THCA_Tumor,spearman,success,./gepia_pdfs/ph2__chromatin_vs_heme__H2AFZ_vs_PPOX__THCA_Tumor__spearman.pdf,2026-09-11T14:46:35
2,chromatin_vs_heme,H2AFZ,FECH,THCA_Tumor,spearman,success,./gepia_pdfs/ph2__chromatin_vs_heme__H2AFZ_vs_FECH__THCA_Tumor__spearman.pdf,2026-09-11T14:46:40
2,chromatin_vs_heme,ATAD2,ALAS1,THCA_Tumor,spearman,success,./gepia_pdfs/ph2__chromatin_vs_heme__ATAD2_vs_ALAS1__THCA_Tumor__spearman.pdf,2026-09-11T14:46:43
2,chromatin_vs_heme,ATAD2,ALAD,THCA_Tumor,spearman,success,./gepia_pdfs/ph2__chromatin_vs_heme__ATAD2_vs_ALAD__THCA_Tumor__spearman.pdf,2026-09-11T14:46:47
2,chromatin_vs_heme,ATAD2,HMBS,THCA_Tumor,spearman,success,./gepia_pdfs/ph2__chromatin_vs_heme__ATAD2_vs_HMBS__THCA_Tumor__spearman.pdf,2026-09-11T14:46:50
2,chromatin_vs_heme,ATAD2,UROS,THCA_Tumor,spearman,success,./gepia_pdfs/ph2__chromatin_vs_heme__ATAD2_vs_UROS__THCA_Tumor__spearman.pdf,2026-09-11T14:46:53
2,chromatin_vs_heme,ATAD2,UROD,THCA_Tumor,spearman,success,./gepia_pdfs/ph2__chromatin_vs_heme__ATAD2_vs_UROD__THCA_Tumor__spearman.pdf,2026-09-11T14:46:57
2,chromatin_vs_heme,ATAD2,CPOX,THCA_Tumor,spearman,success,./gepia_pdfs/ph2__chromatin_vs_heme__ATAD2_vs_CPOX__THCA_Tumor__spearman.pdf,2026-09-11T14:47:02
2,chromatin_vs_heme,ATAD2,PPOX,THCA_Tumor,spearman,success,./gepia_pdfs/ph2__chromatin_vs_heme__ATAD2_vs_PPOX__THCA_Tumor__spearman.pdf,2026-09-11T14:47:07
2,chromatin_vs_heme,ATAD2,FECH,THCA_Tumor,spearman,success,./gepia_pdfs/ph2__chromatin_vs_heme__ATAD2_vs_FECH__THCA_Tumor__spearman.pdf,2026-09-11T14:47:10
2,chromatin_vs_heme,BRD4,ALAS1,THCA_Tumor,spearman,success,./gepia_pdfs/ph2__chromatin_vs_heme__BRD4_vs_ALAS1__THCA_Tumor__spearman.pdf,2026-09-11T14:47:13
2,chromatin_vs_heme,BRD4,ALAD,THCA_Tumor,spearman,success,./gepia_pdfs/ph2__chromatin_vs_heme__BRD4_vs_ALAD__THCA_Tumor__spearman.pdf,2026-09-11T14:47:18
2,chromatin_vs_heme,BRD4,HMBS,THCA_Tumor,spearman,success,./gepia_pdfs/ph2__chromatin_vs_heme__BRD4_vs_HMBS__THCA_Tumor__spearman.pdf,2026-09-11T14:47:22
2,chromatin_vs_heme,BRD4,UROS,THCA_Tumor,spearman,success,./gepia_pdfs/ph2__chromatin_vs_heme__BRD4_vs_UROS__THCA_Tumor__spearman.pdf,2026-09-11T14:47:25
2,chromatin_vs_heme,BRD4,UROD,THCA_Tumor,spearman,success,./gepia_pdfs/ph2__chromatin_vs_heme__BRD4_vs_UROD__THCA_Tumor__spearman.pdf,2026-09-11T14:47:30
2,chromatin_vs_heme,BRD4,CPOX,THCA_Tumor,spearman,success,./gepia_pdfs/ph2__chromatin_vs_heme__BRD4_vs_CPOX__THCA_Tumor__spearman.pdf,2026-09-11T14:47:32
2,chromatin_vs_heme,BRD4,PPOX,THCA_Tumor,spearman,success,./gepia_pdfs/ph2__chromatin_vs_heme__BRD4_vs_PPOX__THCA_Tumor__spearman.pdf,2026-09-11T14:47:38
2,chromatin_vs_heme,BRD4,FECH,THCA_Tumor,spearman,success,./gepia_pdfs/ph2__chromatin_vs_heme__BRD4_vs_FECH__THCA_Tumor__spearman.pdf,2026-09-11T14:47:42
2,chromatin_vs_heme,BRD2,ALAS1,THCA_Tumor,spearman,success,./gepia_pdfs/ph2__chromatin_vs_heme__BRD2_vs_ALAS1__THCA_Tumor__spearman.pdf,2026-09-11T14:47:46
2,chromatin_vs_heme,BRD2,ALAD,THCA_Tumor,spearman,success,./gepia_pdfs/ph2__chromatin_vs_heme__BRD2_vs_ALAD__THCA_Tumor__spearman.pdf,2026-09-11T14:47:51
2,chromatin_vs_heme,BRD2,HMBS,THCA_Tumor,spearman,success,./gepia_pdfs/ph2__chromatin_vs_heme__BRD2_vs_HMBS__THCA_Tumor__spearman.pdf,2026-09-11T14:47:53
2,chromatin_vs_heme,BRD2,UROS,THCA_Tumor,spearman,success,./gepia_pdfs/ph2__chromatin_vs_heme__BRD2_vs_UROS__THCA_Tumor__spearman.pdf,2026-09-11T14:47:56
2,chromatin_vs_heme,BRD2,UROD,THCA_Tumor,spearman,success,./gepia_pdfs/ph2__chromatin_vs_heme__BRD2_vs_UROD__THCA_Tumor__spearman.pdf,2026-09-11T14:47:59
2,chromatin_vs_heme,BRD2,CPOX,THCA_Tumor,spearman,success,./gepia_pdfs/ph2__chromatin_vs_heme__BRD2_vs_CPOX__THCA_Tumor__spearman.pdf,2026-09-11T14:48:02
2,chromatin_vs_heme,BRD2,PPOX,THCA_Tumor,spearman,success,./gepia_pdfs/ph2__chromatin_vs_heme__BRD2_vs_PPOX__THCA_Tumor__spearman.pdf,2026-09-11T14:48:07
2,chromatin_vs_heme,BRD2,FECH,THCA_Tumor,spearman,success,./gepia_pdfs/ph2__chromatin_vs_heme__BRD2_vs_FECH__THCA_Tumor__spearman.pdf,2026-09-11T14:48:11
2,positive_control,E2F1,CCNE1,THCA_Tumor,spearman,success,./gepia_pdfs/ph2__positive_control__E2F1_vs_CCNE1__THCA_Tumor__spearman.pdf,2026-09-11T14:48:15
2,positive_control,CDK2,CCNE1,THCA_Tumor,spearman,success,./gepia_pdfs/ph2__positive_control__CDK2_vs_CCNE1__THCA_Tumor__spearman.pdf,2026-09-11T14:48:20
2,heme_consecutive,ALAS1,ALAD,THYM_Tumor,spearman,success,./gepia_pdfs/ph2__heme_consecutive__ALAS1_vs_ALAD__THYM_Tumor__spearman.pdf,2026-09-11T14:48:24
2,heme_consecutive,ALAD,HMBS,THYM_Tumor,spearman,success,./gepia_pdfs/ph2__heme_consecutive__ALAD_vs_HMBS__THYM_Tumor__spearman.pdf,2026-09-11T14:48:29
2,heme_consecutive,HMBS,UROS,THYM_Tumor,spearman,success,./gepia_pdfs/ph2__heme_consecutive__HMBS_vs_UROS__THYM_Tumor__spearman.pdf,2026-09-11T14:48:34
2,heme_consecutive,UROS,UROD,THYM_Tumor,spearman,success,./gepia_pdfs/ph2__heme_consecutive__UROS_vs_UROD__THYM_Tumor__spearman.pdf,2026-09-11T14:48:38
2,heme_consecutive,UROD,CPOX,THYM_Tumor,spearman,success,./gepia_pdfs/ph2__heme_consecutive__UROD_vs_CPOX__THYM_Tumor__spearman.pdf,2026-09-11T14:48:41
2,heme_consecutive,CPOX,PPOX,THYM_Tumor,spearman,success,./gepia_pdfs/ph2__heme_consecutive__CPOX_vs_PPOX__THYM_Tumor__spearman.pdf,2026-09-11T14:48:46
2,heme_consecutive,PPOX,FECH,THYM_Tumor,spearman,success,./gepia_pdfs/ph2__heme_consecutive__PPOX_vs_FECH__THYM_Tumor__spearman.pdf,2026-09-11T14:48:51
2,heme_nonconsecutive,HMBS,FECH,THYM_Tumor,spearman,success,./gepia_pdfs/ph2__heme_nonconsecutive__HMBS_vs_FECH__THYM_Tumor__spearman.pdf,2026-09-11T14:48:55
2,heme_nonconsecutive,ALAS1,FECH,THYM_Tumor,spearman,success,./gepia_pdfs/ph2__heme_nonconsecutive__ALAS1_vs_FECH__THYM_Tumor__spearman.pdf,2026-09-11T14:49:00
2,heme_nonconsecutive,HMBS,PPOX,THYM_Tumor,spearman,success,./gepia_pdfs/ph2__heme_nonconsecutive__HMBS_vs_PPOX__THYM_Tumor__spearman.pdf,2026-09-11T14:49:04
2,chromatin_vs_heme,H2AFZ,ALAS1,THYM_Tumor,spearman,success,./gepia_pdfs/ph2__chromatin_vs_heme__H2AFZ_vs_ALAS1__THYM_Tumor__spearman.pdf,2026-09-11T14:49:10
2,chromatin_vs_heme,H2AFZ,ALAD,THYM_Tumor,spearman,success,./gepia_pdfs/ph2__chromatin_vs_heme__H2AFZ_vs_ALAD__THYM_Tumor__spearman.pdf,2026-09-11T14:49:13
2,chromatin_vs_heme,H2AFZ,HMBS,THYM_Tumor,spearman,success,./gepia_pdfs/ph2__chromatin_vs_heme__H2AFZ_vs_HMBS__THYM_Tumor__spearman.pdf,2026-09-11T14:49:17
2,chromatin_vs_heme,H2AFZ,UROS,THYM_Tumor,spearman,success,./gepia_pdfs/ph2__chromatin_vs_heme__H2AFZ_vs_UROS__THYM_Tumor__spearman.pdf,2026-09-11T14:49:21
2,chromatin_vs_heme,H2AFZ,UROD,THYM_Tumor,spearman,success,./gepia_pdfs/ph2__chromatin_vs_heme__H2AFZ_vs_UROD__THYM_Tumor__spearman.pdf,2026-09-11T14:49:24
2,chromatin_vs_heme,H2AFZ,CPOX,THYM_Tumor,spearman,success,./gepia_pdfs/ph2__chromatin_vs_heme__H2AFZ_vs_CPOX__THYM_Tumor__spearman.pdf,2026-09-11T14:49:27
2,chromatin_vs_heme,H2AFZ,PPOX,THYM_Tumor,spearman,success,./gepia_pdfs/ph2__chromatin_vs_heme__H2AFZ_vs_PPOX__THYM_Tumor__spearman.pdf,2026-09-11T14:49:30
2,chromatin_vs_heme,H2AFZ,FECH,THYM_Tumor,spearman,success,./gepia_pdfs/ph2__chromatin_vs_heme__H2AFZ_vs_FECH__THYM_Tumor__spearman.pdf,2026-09-11T14:49:35
2,chromatin_vs_heme,ATAD2,ALAS1,THYM_Tumor,spearman,success,./gepia_pdfs/ph2__chromatin_vs_heme__ATAD2_vs_ALAS1__THYM_Tumor__spearman.pdf,2026-09-11T14:49:38
2,chromatin_vs_heme,ATAD2,ALAD,THYM_Tumor,spearman,success,./gepia_pdfs/ph2__chromatin_vs_heme__ATAD2_vs_ALAD__THYM_Tumor__spearman.pdf,2026-09-11T14:49:43
2,chromatin_vs_heme,ATAD2,HMBS,THYM_Tumor,spearman,success,./gepia_pdfs/ph2__chromatin_vs_heme__ATAD2_vs_HMBS__THYM_Tumor__spearman.pdf,2026-09-11T14:49:46
2,chromatin_vs_heme,ATAD2,UROS,THYM_Tumor,spearman,success,./gepia_pdfs/ph2__chromatin_vs_heme__ATAD2_vs_UROS__THYM_Tumor__spearman.pdf,2026-09-11T14:49:49
2,chromatin_vs_heme,ATAD2,UROD,THYM_Tumor,spearman,success,./gepia_pdfs/ph2__chromatin_vs_heme__ATAD2_vs_UROD__THYM_Tumor__spearman.pdf,2026-09-11T14:49:54
2,chromatin_vs_heme,ATAD2,CPOX,THYM_Tumor,spearman,success,./gepia_pdfs/ph2__chromatin_vs_heme__ATAD2_vs_CPOX__THYM_Tumor__spearman.pdf,2026-09-11T14:49:57
2,chromatin_vs_heme,ATAD2,PPOX,THYM_Tumor,spearman,success,./gepia_pdfs/ph2__chromatin_vs_heme__ATAD2_vs_PPOX__THYM_Tumor__spearman.pdf,2026-09-11T14:50:02
2,chromatin_vs_heme,ATAD2,FECH,THYM_Tumor,spearman,success,./gepia_pdfs/ph2__chromatin_vs_heme__ATAD2_vs_FECH__THYM_Tumor__spearman.pdf,2026-09-11T14:50:05
2,chromatin_vs_heme,BRD4,ALAS1,THYM_Tumor,spearman,success,./gepia_pdfs/ph2__chromatin_vs_heme__BRD4_vs_ALAS1__THYM_Tumor__spearman.pdf,2026-09-11T14:50:09
2,chromatin_vs_heme,BRD4,ALAD,THYM_Tumor,spearman,success,./gepia_pdfs/ph2__chromatin_vs_heme__BRD4_vs_ALAD__THYM_Tumor__spearman.pdf,2026-09-11T14:50:12
2,chromatin_vs_heme,BRD4,HMBS,THYM_Tumor,spearman,success,./gepia_pdfs/ph2__chromatin_vs_heme__BRD4_vs_HMBS__THYM_Tumor__spearman.pdf,2026-09-11T14:50:14
2,chromatin_vs_heme,BRD4,UROS,THYM_Tumor,spearman,success,./gepia_pdfs/ph2__chromatin_vs_heme__BRD4_vs_UROS__THYM_Tumor__spearman.pdf,2026-09-11T14:50:17
2,chromatin_vs_heme,BRD4,UROD,THYM_Tumor,spearman,success,./gepia_pdfs/ph2__chromatin_vs_heme__BRD4_vs_UROD__THYM_Tumor__spearman.pdf,2026-09-11T14:50:20
2,chromatin_vs_heme,BRD4,CPOX,THYM_Tumor,spearman,success,./gepia_pdfs/ph2__chromatin_vs_heme__BRD4_vs_CPOX__THYM_Tumor__spearman.pdf,2026-09-11T14:50:24
2,chromatin_vs_heme,BRD4,PPOX,THYM_Tumor,spearman,success,./gepia_pdfs/ph2__chromatin_vs_heme__BRD4_vs_PPOX__THYM_Tumor__spearman.pdf,2026-09-11T14:50:27
2,chromatin_vs_heme,BRD4,FECH,THYM_Tumor,spearman,success,./gepia_pdfs/ph2__chromatin_vs_heme__BRD4_vs_FECH__THYM_Tumor__spearman.pdf,2026-09-11T14:50:30
2,chromatin_vs_heme,BRD2,ALAS1,THYM_Tumor,spearman,success,./gepia_pdfs/ph2__chromatin_vs_heme__BRD2_vs_ALAS1__THYM_Tumor__spearman.pdf,2026-09-11T14:50:35
2,chromatin_vs_heme,BRD2,ALAD,THYM_Tumor,spearman,success,./gepia_pdfs/ph2__chromatin_vs_heme__BRD2_vs_ALAD__THYM_Tumor__spearman.pdf,2026-09-11T14:50:37
2,chromatin_vs_heme,BRD2,HMBS,THYM_Tumor,spearman,success,./gepia_pdfs/ph2__chromatin_vs_heme__BRD2_vs_HMBS__THYM_Tumor__spearman.pdf,2026-09-11T14:50:40
2,chromatin_vs_heme,BRD2,UROS,THYM_Tumor,spearman,success,./gepia_pdfs/ph2__chromatin_vs_heme__BRD2_vs_UROS__THYM_Tumor__spearman.pdf,2026-09-11T14:50:44
2,chromatin_vs_heme,BRD2,UROD,THYM_Tumor,spearman,success,./gepia_pdfs/ph2__chromatin_vs_heme__BRD2_vs_UROD__THYM_Tumor__spearman.pdf,2026-09-11T14:50:49
2,chromatin_vs_heme,BRD2,CPOX,THYM_Tumor,spearman,success,./gepia_pdfs/ph2__chromatin_vs_heme__BRD2_vs_CPOX__THYM_Tumor__spearman.pdf,2026-09-11T14:50:53
2,chromatin_vs_heme,BRD2,PPOX,THYM_Tumor,spearman,success,./gepia_pdfs/ph2__chromatin_vs_heme__BRD2_vs_PPOX__THYM_Tumor__spearman.pdf,2026-09-11T14:50:56
2,chromatin_vs_heme,BRD2,FECH,THYM_Tumor,spearman,success,./gepia_pdfs/ph2__chromatin_vs_heme__BRD2_vs_FECH__THYM_Tumor__spearman.pdf,2026-09-11T14:50:59
2,positive_control,E2F1,CCNE1,THYM_Tumor,spearman,success,./gepia_pdfs/ph2__positive_control__E2F1_vs_CCNE1__THYM_Tumor__spearman.pdf,2026-09-11T14:51:02
2,positive_control,CDK2,CCNE1,THYM_Tumor,spearman,success,./gepia_pdfs/ph2__positive_control__CDK2_vs_CCNE1__THYM_Tumor__spearman.pdf,2026-09-11T14:51:06
2,heme_consecutive,ALAS1,ALAD,UCEC_Tumor,spearman,success,./gepia_pdfs/ph2__heme_consecutive__ALAS1_vs_ALAD__UCEC_Tumor__spearman.pdf,2026-09-11T14:51:11
2,heme_consecutive,ALAD,HMBS,UCEC_Tumor,spearman,success,./gepia_pdfs/ph2__heme_consecutive__ALAD_vs_HMBS__UCEC_Tumor__spearman.pdf,2026-09-11T14:51:13
2,heme_consecutive,HMBS,UROS,UCEC_Tumor,spearman,success,./gepia_pdfs/ph2__heme_consecutive__HMBS_vs_UROS__UCEC_Tumor__spearman.pdf,2026-09-11T14:51:16
2,heme_consecutive,UROS,UROD,UCEC_Tumor,spearman,success,./gepia_pdfs/ph2__heme_consecutive__UROS_vs_UROD__UCEC_Tumor__spearman.pdf,2026-09-11T14:51:20
2,heme_consecutive,UROD,CPOX,UCEC_Tumor,spearman,success,./gepia_pdfs/ph2__heme_consecutive__UROD_vs_CPOX__UCEC_Tumor__spearman.pdf,2026-09-11T14:51:23
2,heme_consecutive,CPOX,PPOX,UCEC_Tumor,spearman,success,./gepia_pdfs/ph2__heme_consecutive__CPOX_vs_PPOX__UCEC_Tumor__spearman.pdf,2026-09-11T14:51:29
2,heme_consecutive,PPOX,FECH,UCEC_Tumor,spearman,success,./gepia_pdfs/ph2__heme_consecutive__PPOX_vs_FECH__UCEC_Tumor__spearman.pdf,2026-09-11T14:51:32
2,heme_nonconsecutive,HMBS,FECH,UCEC_Tumor,spearman,success,./gepia_pdfs/ph2__heme_nonconsecutive__HMBS_vs_FECH__UCEC_Tumor__spearman.pdf,2026-09-11T14:51:36
2,heme_nonconsecutive,ALAS1,FECH,UCEC_Tumor,spearman,success,./gepia_pdfs/ph2__heme_nonconsecutive__ALAS1_vs_FECH__UCEC_Tumor__spearman.pdf,2026-09-11T14:51:40
2,heme_nonconsecutive,HMBS,PPOX,UCEC_Tumor,spearman,success,./gepia_pdfs/ph2__heme_nonconsecutive__HMBS_vs_PPOX__UCEC_Tumor__spearman.pdf,2026-09-11T14:51:43
2,chromatin_vs_heme,H2AFZ,ALAS1,UCEC_Tumor,spearman,success,./gepia_pdfs/ph2__chromatin_vs_heme__H2AFZ_vs_ALAS1__UCEC_Tumor__spearman.pdf,2026-09-11T14:51:47
2,chromatin_vs_heme,H2AFZ,ALAD,UCEC_Tumor,spearman,success,./gepia_pdfs/ph2__chromatin_vs_heme__H2AFZ_vs_ALAD__UCEC_Tumor__spearman.pdf,2026-09-11T14:51:52
2,chromatin_vs_heme,H2AFZ,HMBS,UCEC_Tumor,spearman,success,./gepia_pdfs/ph2__chromatin_vs_heme__H2AFZ_vs_HMBS__UCEC_Tumor__spearman.pdf,2026-09-11T14:51:55
2,chromatin_vs_heme,H2AFZ,UROS,UCEC_Tumor,spearman,success,./gepia_pdfs/ph2__chromatin_vs_heme__H2AFZ_vs_UROS__UCEC_Tumor__spearman.pdf,2026-09-11T14:51:58
2,chromatin_vs_heme,H2AFZ,UROD,UCEC_Tumor,spearman,success,./gepia_pdfs/ph2__chromatin_vs_heme__H2AFZ_vs_UROD__UCEC_Tumor__spearman.pdf,2026-09-11T14:52:01
2,chromatin_vs_heme,H2AFZ,CPOX,UCEC_Tumor,spearman,success,./gepia_pdfs/ph2__chromatin_vs_heme__H2AFZ_vs_CPOX__UCEC_Tumor__spearman.pdf,2026-09-11T14:52:06
2,chromatin_vs_heme,H2AFZ,PPOX,UCEC_Tumor,spearman,success,./gepia_pdfs/ph2__chromatin_vs_heme__H2AFZ_vs_PPOX__UCEC_Tumor__spearman.pdf,2026-09-11T14:52:11
2,chromatin_vs_heme,H2AFZ,FECH,UCEC_Tumor,spearman,success,./gepia_pdfs/ph2__chromatin_vs_heme__H2AFZ_vs_FECH__UCEC_Tumor__spearman.pdf,2026-09-11T14:52:14
2,chromatin_vs_heme,ATAD2,ALAS1,UCEC_Tumor,spearman,success,./gepia_pdfs/ph2__chromatin_vs_heme__ATAD2_vs_ALAS1__UCEC_Tumor__spearman.pdf,2026-09-11T14:52:19
2,chromatin_vs_heme,ATAD2,ALAD,UCEC_Tumor,spearman,success,./gepia_pdfs/ph2__chromatin_vs_heme__ATAD2_vs_ALAD__UCEC_Tumor__spearman.pdf,2026-09-11T14:52:22
2,chromatin_vs_heme,ATAD2,HMBS,UCEC_Tumor,spearman,success,./gepia_pdfs/ph2__chromatin_vs_heme__ATAD2_vs_HMBS__UCEC_Tumor__spearman.pdf,2026-09-11T14:52:27
2,chromatin_vs_heme,ATAD2,UROS,UCEC_Tumor,spearman,success,./gepia_pdfs/ph2__chromatin_vs_heme__ATAD2_vs_UROS__UCEC_Tumor__spearman.pdf,2026-09-11T14:52:32
2,chromatin_vs_heme,ATAD2,UROD,UCEC_Tumor,spearman,success,./gepia_pdfs/ph2__chromatin_vs_heme__ATAD2_vs_UROD__UCEC_Tumor__spearman.pdf,2026-09-11T14:52:34
2,chromatin_vs_heme,ATAD2,CPOX,UCEC_Tumor,spearman,success,./gepia_pdfs/ph2__chromatin_vs_heme__ATAD2_vs_CPOX__UCEC_Tumor__spearman.pdf,2026-09-11T14:52:36
2,chromatin_vs_heme,ATAD2,PPOX,UCEC_Tumor,spearman,success,./gepia_pdfs/ph2__chromatin_vs_heme__ATAD2_vs_PPOX__UCEC_Tumor__spearman.pdf,2026-09-11T14:52:40
2,chromatin_vs_heme,ATAD2,FECH,UCEC_Tumor,spearman,success,./gepia_pdfs/ph2__chromatin_vs_heme__ATAD2_vs_FECH__UCEC_Tumor__spearman.pdf,2026-09-11T14:52:43
2,chromatin_vs_heme,BRD4,ALAS1,UCEC_Tumor,spearman,success,./gepia_pdfs/ph2__chromatin_vs_heme__BRD4_vs_ALAS1__UCEC_Tumor__spearman.pdf,2026-09-11T14:52:45
2,chromatin_vs_heme,BRD4,ALAD,UCEC_Tumor,spearman,success,./gepia_pdfs/ph2__chromatin_vs_heme__BRD4_vs_ALAD__UCEC_Tumor__spearman.pdf,2026-09-11T14:52:49
2,chromatin_vs_heme,BRD4,HMBS,UCEC_Tumor,spearman,success,./gepia_pdfs/ph2__chromatin_vs_heme__BRD4_vs_HMBS__UCEC_Tumor__spearman.pdf,2026-09-11T14:52:51
2,chromatin_vs_heme,BRD4,UROS,UCEC_Tumor,spearman,success,./gepia_pdfs/ph2__chromatin_vs_heme__BRD4_vs_UROS__UCEC_Tumor__spearman.pdf,2026-09-11T14:52:55
2,chromatin_vs_heme,BRD4,UROD,UCEC_Tumor,spearman,success,./gepia_pdfs/ph2__chromatin_vs_heme__BRD4_vs_UROD__UCEC_Tumor__spearman.pdf,2026-09-11T14:53:00
2,chromatin_vs_heme,BRD4,CPOX,UCEC_Tumor,spearman,success,./gepia_pdfs/ph2__chromatin_vs_heme__BRD4_vs_CPOX__UCEC_Tumor__spearman.pdf,2026-09-11T14:53:05
2,chromatin_vs_heme,BRD4,PPOX,UCEC_Tumor,spearman,success,./gepia_pdfs/ph2__chromatin_vs_heme__BRD4_vs_PPOX__UCEC_Tumor__spearman.pdf,2026-09-11T14:53:09
2,chromatin_vs_heme,BRD4,FECH,UCEC_Tumor,spearman,success,./gepia_pdfs/ph2__chromatin_vs_heme__BRD4_vs_FECH__UCEC_Tumor__spearman.pdf,2026-09-11T14:53:13
2,chromatin_vs_heme,BRD2,ALAS1,UCEC_Tumor,spearman,success,./gepia_pdfs/ph2__chromatin_vs_heme__BRD2_vs_ALAS1__UCEC_Tumor__spearman.pdf,2026-09-11T14:53:18
2,chromatin_vs_heme,BRD2,ALAD,UCEC_Tumor,spearman,success,./gepia_pdfs/ph2__chromatin_vs_heme__BRD2_vs_ALAD__UCEC_Tumor__spearman.pdf,2026-09-11T14:53:23
2,chromatin_vs_heme,BRD2,HMBS,UCEC_Tumor,spearman,success,./gepia_pdfs/ph2__chromatin_vs_heme__BRD2_vs_HMBS__UCEC_Tumor__spearman.pdf,2026-09-11T14:53:25
2,chromatin_vs_heme,BRD2,UROS,UCEC_Tumor,spearman,success,./gepia_pdfs/ph2__chromatin_vs_heme__BRD2_vs_UROS__UCEC_Tumor__spearman.pdf,2026-09-11T14:53:29
2,chromatin_vs_heme,BRD2,UROD,UCEC_Tumor,spearman,success,./gepia_pdfs/ph2__chromatin_vs_heme__BRD2_vs_UROD__UCEC_Tumor__spearman.pdf,2026-09-11T14:53:32
2,chromatin_vs_heme,BRD2,CPOX,UCEC_Tumor,spearman,success,./gepia_pdfs/ph2__chromatin_vs_heme__BRD2_vs_CPOX__UCEC_Tumor__spearman.pdf,2026-09-11T14:53:35
2,chromatin_vs_heme,BRD2,PPOX,UCEC_Tumor,spearman,success,./gepia_pdfs/ph2__chromatin_vs_heme__BRD2_vs_PPOX__UCEC_Tumor__spearman.pdf,2026-09-11T14:53:38
2,chromatin_vs_heme,BRD2,FECH,UCEC_Tumor,spearman,success,./gepia_pdfs/ph2__chromatin_vs_heme__BRD2_vs_FECH__UCEC_Tumor__spearman.pdf,2026-09-11T14:53:41
2,positive_control,E2F1,CCNE1,UCEC_Tumor,spearman,success,./gepia_pdfs/ph2__positive_control__E2F1_vs_CCNE1__UCEC_Tumor__spearman.pdf,2026-09-11T14:53:45
2,positive_control,CDK2,CCNE1,UCEC_Tumor,spearman,success,./gepia_pdfs/ph2__positive_control__CDK2_vs_CCNE1__UCEC_Tumor__spearman.pdf,2026-09-11T14:53:49
2,heme_consecutive,ALAS1,ALAD,UCS_Tumor,spearman,success,./gepia_pdfs/ph2__heme_consecutive__ALAS1_vs_ALAD__UCS_Tumor__spearman.pdf,2026-09-11T14:53:55
2,heme_consecutive,ALAD,HMBS,UCS_Tumor,spearman,success,./gepia_pdfs/ph2__heme_consecutive__ALAD_vs_HMBS__UCS_Tumor__spearman.pdf,2026-09-11T14:53:58
2,heme_consecutive,HMBS,UROS,UCS_Tumor,spearman,success,./gepia_pdfs/ph2__heme_consecutive__HMBS_vs_UROS__UCS_Tumor__spearman.pdf,2026-09-11T14:54:00
2,heme_consecutive,UROS,UROD,UCS_Tumor,spearman,success,./gepia_pdfs/ph2__heme_consecutive__UROS_vs_UROD__UCS_Tumor__spearman.pdf,2026-09-11T14:54:06
2,heme_consecutive,UROD,CPOX,UCS_Tumor,spearman,success,./gepia_pdfs/ph2__heme_consecutive__UROD_vs_CPOX__UCS_Tumor__spearman.pdf,2026-09-11T14:54:11
2,heme_consecutive,CPOX,PPOX,UCS_Tumor,spearman,success,./gepia_pdfs/ph2__heme_consecutive__CPOX_vs_PPOX__UCS_Tumor__spearman.pdf,2026-09-11T14:54:13
2,heme_consecutive,PPOX,FECH,UCS_Tumor,spearman,success,./gepia_pdfs/ph2__heme_consecutive__PPOX_vs_FECH__UCS_Tumor__spearman.pdf,2026-09-11T14:54:18
2,heme_nonconsecutive,HMBS,FECH,UCS_Tumor,spearman,success,./gepia_pdfs/ph2__heme_nonconsecutive__HMBS_vs_FECH__UCS_Tumor__spearman.pdf,2026-09-11T14:54:22
2,heme_nonconsecutive,ALAS1,FECH,UCS_Tumor,spearman,success,./gepia_pdfs/ph2__heme_nonconsecutive__ALAS1_vs_FECH__UCS_Tumor__spearman.pdf,2026-09-11T14:54:26
2,heme_nonconsecutive,HMBS,PPOX,UCS_Tumor,spearman,success,./gepia_pdfs/ph2__heme_nonconsecutive__HMBS_vs_PPOX__UCS_Tumor__spearman.pdf,2026-09-11T14:54:29
2,chromatin_vs_heme,H2AFZ,ALAS1,UCS_Tumor,spearman,success,./gepia_pdfs/ph2__chromatin_vs_heme__H2AFZ_vs_ALAS1__UCS_Tumor__spearman.pdf,2026-09-11T14:54:32
2,chromatin_vs_heme,H2AFZ,ALAD,UCS_Tumor,spearman,success,./gepia_pdfs/ph2__chromatin_vs_heme__H2AFZ_vs_ALAD__UCS_Tumor__spearman.pdf,2026-09-11T14:54:35
2,chromatin_vs_heme,H2AFZ,HMBS,UCS_Tumor,spearman,success,./gepia_pdfs/ph2__chromatin_vs_heme__H2AFZ_vs_HMBS__UCS_Tumor__spearman.pdf,2026-09-11T14:54:37
2,chromatin_vs_heme,H2AFZ,UROS,UCS_Tumor,spearman,success,./gepia_pdfs/ph2__chromatin_vs_heme__H2AFZ_vs_UROS__UCS_Tumor__spearman.pdf,2026-09-11T14:54:42
2,chromatin_vs_heme,H2AFZ,UROD,UCS_Tumor,spearman,success,./gepia_pdfs/ph2__chromatin_vs_heme__H2AFZ_vs_UROD__UCS_Tumor__spearman.pdf,2026-09-11T14:54:44
2,chromatin_vs_heme,H2AFZ,CPOX,UCS_Tumor,spearman,success,./gepia_pdfs/ph2__chromatin_vs_heme__H2AFZ_vs_CPOX__UCS_Tumor__spearman.pdf,2026-09-11T14:54:48
2,chromatin_vs_heme,H2AFZ,PPOX,UCS_Tumor,spearman,success,./gepia_pdfs/ph2__chromatin_vs_heme__H2AFZ_vs_PPOX__UCS_Tumor__spearman.pdf,2026-09-11T14:54:51
2,chromatin_vs_heme,H2AFZ,FECH,UCS_Tumor,spearman,success,./gepia_pdfs/ph2__chromatin_vs_heme__H2AFZ_vs_FECH__UCS_Tumor__spearman.pdf,2026-09-11T14:54:54
2,chromatin_vs_heme,ATAD2,ALAS1,UCS_Tumor,spearman,success,./gepia_pdfs/ph2__chromatin_vs_heme__ATAD2_vs_ALAS1__UCS_Tumor__spearman.pdf,2026-09-11T14:54:59
2,chromatin_vs_heme,ATAD2,ALAD,UCS_Tumor,spearman,success,./gepia_pdfs/ph2__chromatin_vs_heme__ATAD2_vs_ALAD__UCS_Tumor__spearman.pdf,2026-09-11T14:55:03
2,chromatin_vs_heme,ATAD2,HMBS,UCS_Tumor,spearman,success,./gepia_pdfs/ph2__chromatin_vs_heme__ATAD2_vs_HMBS__UCS_Tumor__spearman.pdf,2026-09-11T14:55:07
2,chromatin_vs_heme,ATAD2,UROS,UCS_Tumor,spearman,success,./gepia_pdfs/ph2__chromatin_vs_heme__ATAD2_vs_UROS__UCS_Tumor__spearman.pdf,2026-09-11T14:55:11
2,chromatin_vs_heme,ATAD2,UROD,UCS_Tumor,spearman,success,./gepia_pdfs/ph2__chromatin_vs_heme__ATAD2_vs_UROD__UCS_Tumor__spearman.pdf,2026-09-11T14:55:15
2,chromatin_vs_heme,ATAD2,CPOX,UCS_Tumor,spearman,success,./gepia_pdfs/ph2__chromatin_vs_heme__ATAD2_vs_CPOX__UCS_Tumor__spearman.pdf,2026-09-11T14:55:18
2,chromatin_vs_heme,ATAD2,PPOX,UCS_Tumor,spearman,success,./gepia_pdfs/ph2__chromatin_vs_heme__ATAD2_vs_PPOX__UCS_Tumor__spearman.pdf,2026-09-11T14:55:22
2,chromatin_vs_heme,ATAD2,FECH,UCS_Tumor,spearman,success,./gepia_pdfs/ph2__chromatin_vs_heme__ATAD2_vs_FECH__UCS_Tumor__spearman.pdf,2026-09-11T14:55:25
2,chromatin_vs_heme,BRD4,ALAS1,UCS_Tumor,spearman,success,./gepia_pdfs/ph2__chromatin_vs_heme__BRD4_vs_ALAS1__UCS_Tumor__spearman.pdf,2026-09-11T14:55:30
2,chromatin_vs_heme,BRD4,ALAD,UCS_Tumor,spearman,success,./gepia_pdfs/ph2__chromatin_vs_heme__BRD4_vs_ALAD__UCS_Tumor__spearman.pdf,2026-09-11T14:55:33
2,chromatin_vs_heme,BRD4,HMBS,UCS_Tumor,spearman,success,./gepia_pdfs/ph2__chromatin_vs_heme__BRD4_vs_HMBS__UCS_Tumor__spearman.pdf,2026-09-11T14:55:37
2,chromatin_vs_heme,BRD4,UROS,UCS_Tumor,spearman,success,./gepia_pdfs/ph2__chromatin_vs_heme__BRD4_vs_UROS__UCS_Tumor__spearman.pdf,2026-09-11T14:55:39
2,chromatin_vs_heme,BRD4,UROD,UCS_Tumor,spearman,success,./gepia_pdfs/ph2__chromatin_vs_heme__BRD4_vs_UROD__UCS_Tumor__spearman.pdf,2026-09-11T14:55:42
2,chromatin_vs_heme,BRD4,CPOX,UCS_Tumor,spearman,success,./gepia_pdfs/ph2__chromatin_vs_heme__BRD4_vs_CPOX__UCS_Tumor__spearman.pdf,2026-09-11T14:55:47
2,chromatin_vs_heme,BRD4,PPOX,UCS_Tumor,spearman,success,./gepia_pdfs/ph2__chromatin_vs_heme__BRD4_vs_PPOX__UCS_Tumor__spearman.pdf,2026-09-11T14:55:50
2,chromatin_vs_heme,BRD4,FECH,UCS_Tumor,spearman,success,./gepia_pdfs/ph2__chromatin_vs_heme__BRD4_vs_FECH__UCS_Tumor__spearman.pdf,2026-09-11T14:55:53
2,chromatin_vs_heme,BRD2,ALAS1,UCS_Tumor,spearman,success,./gepia_pdfs/ph2__chromatin_vs_heme__BRD2_vs_ALAS1__UCS_Tumor__spearman.pdf,2026-09-11T14:55:58
2,chromatin_vs_heme,BRD2,ALAD,UCS_Tumor,spearman,success,./gepia_pdfs/ph2__chromatin_vs_heme__BRD2_vs_ALAD__UCS_Tumor__spearman.pdf,2026-09-11T14:56:00
2,chromatin_vs_heme,BRD2,HMBS,UCS_Tumor,spearman,success,./gepia_pdfs/ph2__chromatin_vs_heme__BRD2_vs_HMBS__UCS_Tumor__spearman.pdf,2026-09-11T14:56:04
2,chromatin_vs_heme,BRD2,UROS,UCS_Tumor,spearman,success,./gepia_pdfs/ph2__chromatin_vs_heme__BRD2_vs_UROS__UCS_Tumor__spearman.pdf,2026-09-11T14:56:08
2,chromatin_vs_heme,BRD2,UROD,UCS_Tumor,spearman,success,./gepia_pdfs/ph2__chromatin_vs_heme__BRD2_vs_UROD__UCS_Tumor__spearman.pdf,2026-09-11T14:56:11
2,chromatin_vs_heme,BRD2,CPOX,UCS_Tumor,spearman,success,./gepia_pdfs/ph2__chromatin_vs_heme__BRD2_vs_CPOX__UCS_Tumor__spearman.pdf,2026-09-11T14:56:16
2,chromatin_vs_heme,BRD2,PPOX,UCS_Tumor,spearman,success,./gepia_pdfs/ph2__chromatin_vs_heme__BRD2_vs_PPOX__UCS_Tumor__spearman.pdf,2026-09-11T14:56:20
2,chromatin_vs_heme,BRD2,FECH,UCS_Tumor,spearman,success,./gepia_pdfs/ph2__chromatin_vs_heme__BRD2_vs_FECH__UCS_Tumor__spearman.pdf,2026-09-11T14:56:29
2,positive_control,E2F1,CCNE1,UCS_Tumor,spearman,success,./gepia_pdfs/ph2__positive_control__E2F1_vs_CCNE1__UCS_Tumor__spearman.pdf,2026-09-11T14:56:33
2,positive_control,CDK2,CCNE1,UCS_Tumor,spearman,success,./gepia_pdfs/ph2__positive_control__CDK2_vs_CCNE1__UCS_Tumor__spearman.pdf,2026-09-11T14:56:38
2,heme_consecutive,ALAS1,ALAD,UVM_Tumor,spearman,success,./gepia_pdfs/ph2__heme_consecutive__ALAS1_vs_ALAD__UVM_Tumor__spearman.pdf,2026-09-11T14:56:41
2,heme_consecutive,ALAD,HMBS,UVM_Tumor,spearman,success,./gepia_pdfs/ph2__heme_consecutive__ALAD_vs_HMBS__UVM_Tumor__spearman.pdf,2026-09-11T14:56:46
2,heme_consecutive,HMBS,UROS,UVM_Tumor,spearman,success,./gepia_pdfs/ph2__heme_consecutive__HMBS_vs_UROS__UVM_Tumor__spearman.pdf,2026-09-11T14:56:50
2,heme_consecutive,UROS,UROD,UVM_Tumor,spearman,success,./gepia_pdfs/ph2__heme_consecutive__UROS_vs_UROD__UVM_Tumor__spearman.pdf,2026-09-11T14:56:54
2,heme_consecutive,UROD,CPOX,UVM_Tumor,spearman,success,./gepia_pdfs/ph2__heme_consecutive__UROD_vs_CPOX__UVM_Tumor__spearman.pdf,2026-09-11T14:56:56
2,heme_consecutive,CPOX,PPOX,UVM_Tumor,spearman,success,./gepia_pdfs/ph2__heme_consecutive__CPOX_vs_PPOX__UVM_Tumor__spearman.pdf,2026-09-11T14:56:59
2,heme_consecutive,PPOX,FECH,UVM_Tumor,spearman,success,./gepia_pdfs/ph2__heme_consecutive__PPOX_vs_FECH__UVM_Tumor__spearman.pdf,2026-09-11T14:57:04
2,heme_nonconsecutive,HMBS,FECH,UVM_Tumor,spearman,success,./gepia_pdfs/ph2__heme_nonconsecutive__HMBS_vs_FECH__UVM_Tumor__spearman.pdf,2026-09-11T14:57:09
2,heme_nonconsecutive,ALAS1,FECH,UVM_Tumor,spearman,success,./gepia_pdfs/ph2__heme_nonconsecutive__ALAS1_vs_FECH__UVM_Tumor__spearman.pdf,2026-09-11T14:57:11
2,heme_nonconsecutive,HMBS,PPOX,UVM_Tumor,spearman,success,./gepia_pdfs/ph2__heme_nonconsecutive__HMBS_vs_PPOX__UVM_Tumor__spearman.pdf,2026-09-11T14:57:16
2,chromatin_vs_heme,H2AFZ,ALAS1,UVM_Tumor,spearman,success,./gepia_pdfs/ph2__chromatin_vs_heme__H2AFZ_vs_ALAS1__UVM_Tumor__spearman.pdf,2026-09-11T14:57:19
2,chromatin_vs_heme,H2AFZ,ALAD,UVM_Tumor,spearman,success,./gepia_pdfs/ph2__chromatin_vs_heme__H2AFZ_vs_ALAD__UVM_Tumor__spearman.pdf,2026-09-11T14:57:23
2,chromatin_vs_heme,H2AFZ,HMBS,UVM_Tumor,spearman,success,./gepia_pdfs/ph2__chromatin_vs_heme__H2AFZ_vs_HMBS__UVM_Tumor__spearman.pdf,2026-09-11T14:57:27
2,chromatin_vs_heme,H2AFZ,UROS,UVM_Tumor,spearman,success,./gepia_pdfs/ph2__chromatin_vs_heme__H2AFZ_vs_UROS__UVM_Tumor__spearman.pdf,2026-09-11T14:57:30
2,chromatin_vs_heme,H2AFZ,UROD,UVM_Tumor,spearman,success,./gepia_pdfs/ph2__chromatin_vs_heme__H2AFZ_vs_UROD__UVM_Tumor__spearman.pdf,2026-09-11T14:57:34
2,chromatin_vs_heme,H2AFZ,CPOX,UVM_Tumor,spearman,success,./gepia_pdfs/ph2__chromatin_vs_heme__H2AFZ_vs_CPOX__UVM_Tumor__spearman.pdf,2026-09-11T14:57:38
2,chromatin_vs_heme,H2AFZ,PPOX,UVM_Tumor,spearman,success,./gepia_pdfs/ph2__chromatin_vs_heme__H2AFZ_vs_PPOX__UVM_Tumor__spearman.pdf,2026-09-11T14:57:42
2,chromatin_vs_heme,H2AFZ,FECH,UVM_Tumor,spearman,success,./gepia_pdfs/ph2__chromatin_vs_heme__H2AFZ_vs_FECH__UVM_Tumor__spearman.pdf,2026-09-11T14:57:46
2,chromatin_vs_heme,ATAD2,ALAS1,UVM_Tumor,spearman,success,./gepia_pdfs/ph2__chromatin_vs_heme__ATAD2_vs_ALAS1__UVM_Tumor__spearman.pdf,2026-09-11T14:57:50
2,chromatin_vs_heme,ATAD2,ALAD,UVM_Tumor,spearman,success,./gepia_pdfs/ph2__chromatin_vs_heme__ATAD2_vs_ALAD__UVM_Tumor__spearman.pdf,2026-09-11T14:57:55
2,chromatin_vs_heme,ATAD2,HMBS,UVM_Tumor,spearman,success,./gepia_pdfs/ph2__chromatin_vs_heme__ATAD2_vs_HMBS__UVM_Tumor__spearman.pdf,2026-09-11T14:57:59
2,chromatin_vs_heme,ATAD2,UROS,UVM_Tumor,spearman,success,./gepia_pdfs/ph2__chromatin_vs_heme__ATAD2_vs_UROS__UVM_Tumor__spearman.pdf,2026-09-11T14:58:02
2,chromatin_vs_heme,ATAD2,UROD,UVM_Tumor,spearman,success,./gepia_pdfs/ph2__chromatin_vs_heme__ATAD2_vs_UROD__UVM_Tumor__spearman.pdf,2026-09-11T14:58:07
2,chromatin_vs_heme,ATAD2,CPOX,UVM_Tumor,spearman,success,./gepia_pdfs/ph2__chromatin_vs_heme__ATAD2_vs_CPOX__UVM_Tumor__spearman.pdf,2026-09-11T14:58:11
2,chromatin_vs_heme,ATAD2,PPOX,UVM_Tumor,spearman,success,./gepia_pdfs/ph2__chromatin_vs_heme__ATAD2_vs_PPOX__UVM_Tumor__spearman.pdf,2026-09-11T14:58:14
2,chromatin_vs_heme,ATAD2,FECH,UVM_Tumor,spearman,success,./gepia_pdfs/ph2__chromatin_vs_heme__ATAD2_vs_FECH__UVM_Tumor__spearman.pdf,2026-09-11T14:58:17
2,chromatin_vs_heme,BRD4,ALAS1,UVM_Tumor,spearman,success,./gepia_pdfs/ph2__chromatin_vs_heme__BRD4_vs_ALAS1__UVM_Tumor__spearman.pdf,2026-09-11T14:58:21
2,chromatin_vs_heme,BRD4,ALAD,UVM_Tumor,spearman,success,./gepia_pdfs/ph2__chromatin_vs_heme__BRD4_vs_ALAD__UVM_Tumor__spearman.pdf,2026-09-11T14:58:26
2,chromatin_vs_heme,BRD4,HMBS,UVM_Tumor,spearman,success,./gepia_pdfs/ph2__chromatin_vs_heme__BRD4_vs_HMBS__UVM_Tumor__spearman.pdf,2026-09-11T14:58:31
2,chromatin_vs_heme,BRD4,UROS,UVM_Tumor,spearman,success,./gepia_pdfs/ph2__chromatin_vs_heme__BRD4_vs_UROS__UVM_Tumor__spearman.pdf,2026-09-11T14:58:34
2,chromatin_vs_heme,BRD4,UROD,UVM_Tumor,spearman,success,./gepia_pdfs/ph2__chromatin_vs_heme__BRD4_vs_UROD__UVM_Tumor__spearman.pdf,2026-09-11T14:58:37
2,chromatin_vs_heme,BRD4,CPOX,UVM_Tumor,spearman,success,./gepia_pdfs/ph2__chromatin_vs_heme__BRD4_vs_CPOX__UVM_Tumor__spearman.pdf,2026-09-11T14:58:40
2,chromatin_vs_heme,BRD4,PPOX,UVM_Tumor,spearman,success,./gepia_pdfs/ph2__chromatin_vs_heme__BRD4_vs_PPOX__UVM_Tumor__spearman.pdf,2026-09-11T14:58:43
2,chromatin_vs_heme,BRD4,FECH,UVM_Tumor,spearman,success,./gepia_pdfs/ph2__chromatin_vs_heme__BRD4_vs_FECH__UVM_Tumor__spearman.pdf,2026-09-11T14:58:46
2,chromatin_vs_heme,BRD2,ALAS1,UVM_Tumor,spearman,success,./gepia_pdfs/ph2__chromatin_vs_heme__BRD2_vs_ALAS1__UVM_Tumor__spearman.pdf,2026-09-11T14:58:49
2,chromatin_vs_heme,BRD2,ALAD,UVM_Tumor,spearman,success,./gepia_pdfs/ph2__chromatin_vs_heme__BRD2_vs_ALAD__UVM_Tumor__spearman.pdf,2026-09-11T14:58:51
2,chromatin_vs_heme,BRD2,HMBS,UVM_Tumor,spearman,success,./gepia_pdfs/ph2__chromatin_vs_heme__BRD2_vs_HMBS__UVM_Tumor__spearman.pdf,2026-09-11T14:58:55
2,chromatin_vs_heme,BRD2,UROS,UVM_Tumor,spearman,success,./gepia_pdfs/ph2__chromatin_vs_heme__BRD2_vs_UROS__UVM_Tumor__spearman.pdf,2026-09-11T14:59:01
2,chromatin_vs_heme,BRD2,UROD,UVM_Tumor,spearman,success,./gepia_pdfs/ph2__chromatin_vs_heme__BRD2_vs_UROD__UVM_Tumor__spearman.pdf,2026-09-11T14:59:04
2,chromatin_vs_heme,BRD2,CPOX,UVM_Tumor,spearman,success,./gepia_pdfs/ph2__chromatin_vs_heme__BRD2_vs_CPOX__UVM_Tumor__spearman.pdf,2026-09-11T14:59:08
2,chromatin_vs_heme,BRD2,PPOX,UVM_Tumor,spearman,success,./gepia_pdfs/ph2__chromatin_vs_heme__BRD2_vs_PPOX__UVM_Tumor__spearman.pdf,2026-09-11T14:59:11
2,chromatin_vs_heme,BRD2,FECH,UVM_Tumor,spearman,success,./gepia_pdfs/ph2__chromatin_vs_heme__BRD2_vs_FECH__UVM_Tumor__spearman.pdf,2026-09-11T14:59:16
2,positive_control,E2F1,CCNE1,UVM_Tumor,spearman,success,./gepia_pdfs/ph2__positive_control__E2F1_vs_CCNE1__UVM_Tumor__spearman.pdf,2026-09-11T14:59:20
2,positive_control,CDK2,CCNE1,UVM_Tumor,spearman,success,./gepia_pdfs/ph2__positive_control__CDK2_vs_CCNE1__UVM_Tumor__spearman.pdf,2026-09-11T14:59:23
