"phase","analysis","gene1","gene2","dataset","R","p_value","status","path"
"ph1","chromatin_vs_heme","ATAD2","ALAD","Adipose_Subcutaneous",0.12,"0.027","ok","./gepia_pdfs/gepia_pdfs_ph1/ph1__chromatin_vs_heme__ATAD2_vs_ALAD__Adipose_Subcutaneous__spearman.pdf"
"ph1","chromatin_vs_heme","ATAD2","ALAD","BLCA_Normal",-0.15,"0.54","ok","./gepia_pdfs/gepia_pdfs_ph1/ph1__chromatin_vs_heme__ATAD2_vs_ALAD__BLCA_Normal__spearman.pdf"
"ph1","chromatin_vs_heme","ATAD2","ALAD","BRCA_Normal",-0.024,"0.8","ok","./gepia_pdfs/gepia_pdfs_ph1/ph1__chromatin_vs_heme__ATAD2_vs_ALAD__BRCA_Normal__spearman.pdf"
"ph1","chromatin_vs_heme","ATAD2","ALAD","CESC_Normal",-0.5,"1","ok","./gepia_pdfs/gepia_pdfs_ph1/ph1__chromatin_vs_heme__ATAD2_vs_ALAD__CESC_Normal__spearman.pdf"
"ph1","chromatin_vs_heme","ATAD2","ALAD","CHOL_Normal",0.042,"0.91","ok","./gepia_pdfs/gepia_pdfs_ph1/ph1__chromatin_vs_heme__ATAD2_vs_ALAD__CHOL_Normal__spearman.pdf"
"ph1","chromatin_vs_heme","ATAD2","ALAD","COAD_Normal",-0.16,"0.33","ok","./gepia_pdfs/gepia_pdfs_ph1/ph1__chromatin_vs_heme__ATAD2_vs_ALAD__COAD_Normal__spearman.pdf"
"ph1","chromatin_vs_heme","ATAD2","ALAD","ESCA_Normal",0.5,"0.085","ok","./gepia_pdfs/gepia_pdfs_ph1/ph1__chromatin_vs_heme__ATAD2_vs_ALAD__ESCA_Normal__spearman.pdf"
"ph1","chromatin_vs_heme","ATAD2","ALAD","HNSC_Normal",0.29,"0.057","ok","./gepia_pdfs/gepia_pdfs_ph1/ph1__chromatin_vs_heme__ATAD2_vs_ALAD__HNSC_Normal__spearman.pdf"
"ph1","chromatin_vs_heme","ATAD2","ALAD","KICH_Normal",-0.41,"0.04","ok","./gepia_pdfs/gepia_pdfs_ph1/ph1__chromatin_vs_heme__ATAD2_vs_ALAD__KICH_Normal__spearman.pdf"
"ph1","chromatin_vs_heme","ATAD2","ALAD","KIRC_Normal",-0.39,"0.00075","ok","./gepia_pdfs/gepia_pdfs_ph1/ph1__chromatin_vs_heme__ATAD2_vs_ALAD__KIRC_Normal__spearman.pdf"
"ph1","chromatin_vs_heme","ATAD2","ALAD","KIRP_Normal",-0.51,"0.0026","ok","./gepia_pdfs/gepia_pdfs_ph1/ph1__chromatin_vs_heme__ATAD2_vs_ALAD__KIRP_Normal__spearman.pdf"
"ph1","chromatin_vs_heme","ATAD2","ALAD","LIHC_Normal",0.35,"0.012","ok","./gepia_pdfs/gepia_pdfs_ph1/ph1__chromatin_vs_heme__ATAD2_vs_ALAD__LIHC_Normal__spearman.pdf"
"ph1","chromatin_vs_heme","ATAD2","ALAD","LUAD_Normal",0.41,"0.0014","ok","./gepia_pdfs/gepia_pdfs_ph1/ph1__chromatin_vs_heme__ATAD2_vs_ALAD__LUAD_Normal__spearman.pdf"
"ph1","chromatin_vs_heme","ATAD2","ALAD","LUSC_Normal",0.59,"1.2e-05","ok","./gepia_pdfs/gepia_pdfs_ph1/ph1__chromatin_vs_heme__ATAD2_vs_ALAD__LUSC_Normal__spearman.pdf"
"ph1","chromatin_vs_heme","ATAD2","ALAD","PAAD_Normal",-0.2,"0.92","ok","./gepia_pdfs/gepia_pdfs_ph1/ph1__chromatin_vs_heme__ATAD2_vs_ALAD__PAAD_Normal__spearman.pdf"
"ph1","chromatin_vs_heme","ATAD2","ALAD","PCPG_Normal",0.5,"1","ok","./gepia_pdfs/gepia_pdfs_ph1/ph1__chromatin_vs_heme__ATAD2_vs_ALAD__PCPG_Normal__spearman.pdf"
"ph1","chromatin_vs_heme","ATAD2","ALAD","PRAD_Normal",0.5,"0.00019","ok","./gepia_pdfs/gepia_pdfs_ph1/ph1__chromatin_vs_heme__ATAD2_vs_ALAD__PRAD_Normal__spearman.pdf"
"ph1","chromatin_vs_heme","ATAD2","ALAD","READ_Normal",-0.018,"0.97","ok","./gepia_pdfs/gepia_pdfs_ph1/ph1__chromatin_vs_heme__ATAD2_vs_ALAD__READ_Normal__spearman.pdf"
"ph1","chromatin_vs_heme","ATAD2","ALAD","SARC_Normal",-1,"1","ok","./gepia_pdfs/gepia_pdfs_ph1/ph1__chromatin_vs_heme__ATAD2_vs_ALAD__SARC_Normal__spearman.pdf"
"ph1","chromatin_vs_heme","ATAD2","ALAD","SKCM_Normal",NA,NA,"extraction_failed","./gepia_pdfs/gepia_pdfs_ph1/ph1__chromatin_vs_heme__ATAD2_vs_ALAD__SKCM_Normal__spearman.pdf"
"ph1","chromatin_vs_heme","ATAD2","ALAD","STAD_Normal",0.54,"0.00076","ok","./gepia_pdfs/gepia_pdfs_ph1/ph1__chromatin_vs_heme__ATAD2_vs_ALAD__STAD_Normal__spearman.pdf"
"ph1","chromatin_vs_heme","ATAD2","ALAD","THCA_Normal",0.24,"0.068","ok","./gepia_pdfs/gepia_pdfs_ph1/ph1__chromatin_vs_heme__ATAD2_vs_ALAD__THCA_Normal__spearman.pdf"
"ph1","chromatin_vs_heme","ATAD2","ALAD","THYM_Normal",-1,"1","ok","./gepia_pdfs/gepia_pdfs_ph1/ph1__chromatin_vs_heme__ATAD2_vs_ALAD__THYM_Normal__spearman.pdf"
"ph1","chromatin_vs_heme","ATAD2","ALAD","UCEC_Normal",0.71,"0.0081","ok","./gepia_pdfs/gepia_pdfs_ph1/ph1__chromatin_vs_heme__ATAD2_vs_ALAD__UCEC_Normal__spearman.pdf"
"ph1","chromatin_vs_heme","ATAD2","ALAS1","Adipose_Subcutaneous",-0.19,"0.00087","ok","./gepia_pdfs/gepia_pdfs_ph1/ph1__chromatin_vs_heme__ATAD2_vs_ALAS1__Adipose_Subcutaneous__spearman.pdf"
"ph1","chromatin_vs_heme","ATAD2","ALAS1","BLCA_Normal",0.23,"0.35","ok","./gepia_pdfs/gepia_pdfs_ph1/ph1__chromatin_vs_heme__ATAD2_vs_ALAS1__BLCA_Normal__spearman.pdf"
"ph1","chromatin_vs_heme","ATAD2","ALAS1","BRCA_Normal",-0.28,"0.0024","ok","./gepia_pdfs/gepia_pdfs_ph1/ph1__chromatin_vs_heme__ATAD2_vs_ALAS1__BRCA_Normal__spearman.pdf"
"ph1","chromatin_vs_heme","ATAD2","ALAS1","CESC_Normal",-0.5,"1","ok","./gepia_pdfs/gepia_pdfs_ph1/ph1__chromatin_vs_heme__ATAD2_vs_ALAS1__CESC_Normal__spearman.pdf"
"ph1","chromatin_vs_heme","ATAD2","ALAS1","CHOL_Normal",-0.075,"0.85","ok","./gepia_pdfs/gepia_pdfs_ph1/ph1__chromatin_vs_heme__ATAD2_vs_ALAS1__CHOL_Normal__spearman.pdf"
"ph1","chromatin_vs_heme","ATAD2","ALAS1","COAD_Normal",0.12,"0.45","ok","./gepia_pdfs/gepia_pdfs_ph1/ph1__chromatin_vs_heme__ATAD2_vs_ALAS1__COAD_Normal__spearman.pdf"
"ph1","chromatin_vs_heme","ATAD2","ALAS1","ESCA_Normal",0.7,"0.01","ok","./gepia_pdfs/gepia_pdfs_ph1/ph1__chromatin_vs_heme__ATAD2_vs_ALAS1__ESCA_Normal__spearman.pdf"
"ph1","chromatin_vs_heme","ATAD2","ALAS1","HNSC_Normal",0.24,"0.12","ok","./gepia_pdfs/gepia_pdfs_ph1/ph1__chromatin_vs_heme__ATAD2_vs_ALAS1__HNSC_Normal__spearman.pdf"
"ph1","chromatin_vs_heme","ATAD2","ALAS1","KICH_Normal",-0.18,"0.39","ok","./gepia_pdfs/gepia_pdfs_ph1/ph1__chromatin_vs_heme__ATAD2_vs_ALAS1__KICH_Normal__spearman.pdf"
"ph1","chromatin_vs_heme","ATAD2","ALAS1","KIRC_Normal",0.33,"0.0046","ok","./gepia_pdfs/gepia_pdfs_ph1/ph1__chromatin_vs_heme__ATAD2_vs_ALAS1__KIRC_Normal__spearman.pdf"
"ph1","chromatin_vs_heme","ATAD2","ALAS1","KIRP_Normal",0.53,"0.0018","ok","./gepia_pdfs/gepia_pdfs_ph1/ph1__chromatin_vs_heme__ATAD2_vs_ALAS1__KIRP_Normal__spearman.pdf"
"ph1","chromatin_vs_heme","ATAD2","ALAS1","LIHC_Normal",0.078,"0.59","ok","./gepia_pdfs/gepia_pdfs_ph1/ph1__chromatin_vs_heme__ATAD2_vs_ALAS1__LIHC_Normal__spearman.pdf"
"ph1","chromatin_vs_heme","ATAD2","ALAS1","LUAD_Normal",-0.083,"0.53","ok","./gepia_pdfs/gepia_pdfs_ph1/ph1__chromatin_vs_heme__ATAD2_vs_ALAS1__LUAD_Normal__spearman.pdf"
"ph1","chromatin_vs_heme","ATAD2","ALAS1","LUSC_Normal",0.26,"0.073","ok","./gepia_pdfs/gepia_pdfs_ph1/ph1__chromatin_vs_heme__ATAD2_vs_ALAS1__LUSC_Normal__spearman.pdf"
"ph1","chromatin_vs_heme","ATAD2","ALAS1","PAAD_Normal",-1,"0.083","ok","./gepia_pdfs/gepia_pdfs_ph1/ph1__chromatin_vs_heme__ATAD2_vs_ALAS1__PAAD_Normal__spearman.pdf"
"ph1","chromatin_vs_heme","ATAD2","ALAS1","PCPG_Normal",0.5,"1","ok","./gepia_pdfs/gepia_pdfs_ph1/ph1__chromatin_vs_heme__ATAD2_vs_ALAS1__PCPG_Normal__spearman.pdf"
"ph1","chromatin_vs_heme","ATAD2","ALAS1","PRAD_Normal",-0.11,"0.46","ok","./gepia_pdfs/gepia_pdfs_ph1/ph1__chromatin_vs_heme__ATAD2_vs_ALAS1__PRAD_Normal__spearman.pdf"
"ph1","chromatin_vs_heme","ATAD2","ALAS1","READ_Normal",0.9,"0.00088","ok","./gepia_pdfs/gepia_pdfs_ph1/ph1__chromatin_vs_heme__ATAD2_vs_ALAS1__READ_Normal__spearman.pdf"
"ph1","chromatin_vs_heme","ATAD2","ALAS1","SARC_Normal",-1,"1","ok","./gepia_pdfs/gepia_pdfs_ph1/ph1__chromatin_vs_heme__ATAD2_vs_ALAS1__SARC_Normal__spearman.pdf"
"ph1","chromatin_vs_heme","ATAD2","ALAS1","SKCM_Normal",NA,NA,"extraction_failed","./gepia_pdfs/gepia_pdfs_ph1/ph1__chromatin_vs_heme__ATAD2_vs_ALAS1__SKCM_Normal__spearman.pdf"
"ph1","chromatin_vs_heme","ATAD2","ALAS1","STAD_Normal",0.2,"0.24","ok","./gepia_pdfs/gepia_pdfs_ph1/ph1__chromatin_vs_heme__ATAD2_vs_ALAS1__STAD_Normal__spearman.pdf"
"ph1","chromatin_vs_heme","ATAD2","ALAS1","THCA_Normal",0.072,"0.59","ok","./gepia_pdfs/gepia_pdfs_ph1/ph1__chromatin_vs_heme__ATAD2_vs_ALAS1__THCA_Normal__spearman.pdf"
"ph1","chromatin_vs_heme","ATAD2","ALAS1","THYM_Normal",-1,"1","ok","./gepia_pdfs/gepia_pdfs_ph1/ph1__chromatin_vs_heme__ATAD2_vs_ALAS1__THYM_Normal__spearman.pdf"
"ph1","chromatin_vs_heme","ATAD2","ALAS1","UCEC_Normal",-0.049,"0.88","ok","./gepia_pdfs/gepia_pdfs_ph1/ph1__chromatin_vs_heme__ATAD2_vs_ALAS1__UCEC_Normal__spearman.pdf"
"ph1","chromatin_vs_heme","ATAD2","CPOX","Adipose_Subcutaneous",0.38,"1.8e-12","ok","./gepia_pdfs/gepia_pdfs_ph1/ph1__chromatin_vs_heme__ATAD2_vs_CPOX__Adipose_Subcutaneous__spearman.pdf"
"ph1","chromatin_vs_heme","ATAD2","CPOX","BLCA_Normal",0.6,"0.0077","ok","./gepia_pdfs/gepia_pdfs_ph1/ph1__chromatin_vs_heme__ATAD2_vs_CPOX__BLCA_Normal__spearman.pdf"
"ph1","chromatin_vs_heme","ATAD2","CPOX","BRCA_Normal",0.63,"9.7e-14","ok","./gepia_pdfs/gepia_pdfs_ph1/ph1__chromatin_vs_heme__ATAD2_vs_CPOX__BRCA_Normal__spearman.pdf"
"ph1","chromatin_vs_heme","ATAD2","CPOX","CESC_Normal",-0.5,"1","ok","./gepia_pdfs/gepia_pdfs_ph1/ph1__chromatin_vs_heme__ATAD2_vs_CPOX__CESC_Normal__spearman.pdf"
"ph1","chromatin_vs_heme","ATAD2","CPOX","CHOL_Normal",-0.11,"0.78","ok","./gepia_pdfs/gepia_pdfs_ph1/ph1__chromatin_vs_heme__ATAD2_vs_CPOX__CHOL_Normal__spearman.pdf"
"ph1","chromatin_vs_heme","ATAD2","CPOX","COAD_Normal",0.52,"0.00047","ok","./gepia_pdfs/gepia_pdfs_ph1/ph1__chromatin_vs_heme__ATAD2_vs_CPOX__COAD_Normal__spearman.pdf"
"ph1","chromatin_vs_heme","ATAD2","CPOX","ESCA_Normal",0.44,"0.14","ok","./gepia_pdfs/gepia_pdfs_ph1/ph1__chromatin_vs_heme__ATAD2_vs_CPOX__ESCA_Normal__spearman.pdf"
"ph1","chromatin_vs_heme","ATAD2","CPOX","HNSC_Normal",0.82,"0","ok","./gepia_pdfs/gepia_pdfs_ph1/ph1__chromatin_vs_heme__ATAD2_vs_CPOX__HNSC_Normal__spearman.pdf"
"ph1","chromatin_vs_heme","ATAD2","CPOX","KICH_Normal",0.51,"0.0091","ok","./gepia_pdfs/gepia_pdfs_ph1/ph1__chromatin_vs_heme__ATAD2_vs_CPOX__KICH_Normal__spearman.pdf"
"ph1","chromatin_vs_heme","ATAD2","CPOX","KIRC_Normal",0.74,"7.5e-14","ok","./gepia_pdfs/gepia_pdfs_ph1/ph1__chromatin_vs_heme__ATAD2_vs_CPOX__KIRC_Normal__spearman.pdf"
"ph1","chromatin_vs_heme","ATAD2","CPOX","KIRP_Normal",0.65,"5.4e-05","ok","./gepia_pdfs/gepia_pdfs_ph1/ph1__chromatin_vs_heme__ATAD2_vs_CPOX__KIRP_Normal__spearman.pdf"
"ph1","chromatin_vs_heme","ATAD2","CPOX","LIHC_Normal",0.55,"3.6e-05","ok","./gepia_pdfs/gepia_pdfs_ph1/ph1__chromatin_vs_heme__ATAD2_vs_CPOX__LIHC_Normal__spearman.pdf"
"ph1","chromatin_vs_heme","ATAD2","CPOX","LUAD_Normal",0.48,"0.00011","ok","./gepia_pdfs/gepia_pdfs_ph1/ph1__chromatin_vs_heme__ATAD2_vs_CPOX__LUAD_Normal__spearman.pdf"
"ph1","chromatin_vs_heme","ATAD2","CPOX","LUSC_Normal",0.64,"6e-07","ok","./gepia_pdfs/gepia_pdfs_ph1/ph1__chromatin_vs_heme__ATAD2_vs_CPOX__LUSC_Normal__spearman.pdf"
"ph1","chromatin_vs_heme","ATAD2","CPOX","PAAD_Normal",-1,"0.083","ok","./gepia_pdfs/gepia_pdfs_ph1/ph1__chromatin_vs_heme__ATAD2_vs_CPOX__PAAD_Normal__spearman.pdf"
"ph1","chromatin_vs_heme","ATAD2","CPOX","PCPG_Normal",1,"0.33","ok","./gepia_pdfs/gepia_pdfs_ph1/ph1__chromatin_vs_heme__ATAD2_vs_CPOX__PCPG_Normal__spearman.pdf"
"ph1","chromatin_vs_heme","ATAD2","CPOX","PRAD_Normal",0.63,"5.3e-07","ok","./gepia_pdfs/gepia_pdfs_ph1/ph1__chromatin_vs_heme__ATAD2_vs_CPOX__PRAD_Normal__spearman.pdf"
"ph1","chromatin_vs_heme","ATAD2","CPOX","READ_Normal",0.43,"0.22","ok","./gepia_pdfs/gepia_pdfs_ph1/ph1__chromatin_vs_heme__ATAD2_vs_CPOX__READ_Normal__spearman.pdf"
"ph1","chromatin_vs_heme","ATAD2","CPOX","SARC_Normal",-1,"1","ok","./gepia_pdfs/gepia_pdfs_ph1/ph1__chromatin_vs_heme__ATAD2_vs_CPOX__SARC_Normal__spearman.pdf"
"ph1","chromatin_vs_heme","ATAD2","CPOX","SKCM_Normal",NA,NA,"extraction_failed","./gepia_pdfs/gepia_pdfs_ph1/ph1__chromatin_vs_heme__ATAD2_vs_CPOX__SKCM_Normal__spearman.pdf"
"ph1","chromatin_vs_heme","ATAD2","CPOX","STAD_Normal",0.74,"3.2e-07","ok","./gepia_pdfs/gepia_pdfs_ph1/ph1__chromatin_vs_heme__ATAD2_vs_CPOX__STAD_Normal__spearman.pdf"
"ph1","chromatin_vs_heme","ATAD2","CPOX","THCA_Normal",0.62,"1.3e-07","ok","./gepia_pdfs/gepia_pdfs_ph1/ph1__chromatin_vs_heme__ATAD2_vs_CPOX__THCA_Normal__spearman.pdf"
"ph1","chromatin_vs_heme","ATAD2","CPOX","THYM_Normal",1,"1","ok","./gepia_pdfs/gepia_pdfs_ph1/ph1__chromatin_vs_heme__ATAD2_vs_CPOX__THYM_Normal__spearman.pdf"
"ph1","chromatin_vs_heme","ATAD2","CPOX","UCEC_Normal",0.9,"0","ok","./gepia_pdfs/gepia_pdfs_ph1/ph1__chromatin_vs_heme__ATAD2_vs_CPOX__UCEC_Normal__spearman.pdf"
"ph1","chromatin_vs_heme","ATAD2","FECH","BLCA_Normal",0.0035,"0.99","ok","./gepia_pdfs/gepia_pdfs_ph1/ph1__chromatin_vs_heme__ATAD2_vs_FECH__BLCA_Normal__spearman.pdf"
"ph1","chromatin_vs_heme","ATAD2","FECH","BRCA_Normal",0.63,"1.3e-13","ok","./gepia_pdfs/gepia_pdfs_ph1/ph1__chromatin_vs_heme__ATAD2_vs_FECH__BRCA_Normal__spearman.pdf"
"ph1","chromatin_vs_heme","ATAD2","FECH","CESC_Normal",-0.5,"1","ok","./gepia_pdfs/gepia_pdfs_ph1/ph1__chromatin_vs_heme__ATAD2_vs_FECH__CESC_Normal__spearman.pdf"
"ph1","chromatin_vs_heme","ATAD2","FECH","CHOL_Normal",0.025,"0.95","ok","./gepia_pdfs/gepia_pdfs_ph1/ph1__chromatin_vs_heme__ATAD2_vs_FECH__CHOL_Normal__spearman.pdf"
"ph1","chromatin_vs_heme","ATAD2","FECH","COAD_Normal",0.01,"0.95","ok","./gepia_pdfs/gepia_pdfs_ph1/ph1__chromatin_vs_heme__ATAD2_vs_FECH__COAD_Normal__spearman.pdf"
"ph1","chromatin_vs_heme","ATAD2","FECH","ESCA_Normal",0.34,"0.25","ok","./gepia_pdfs/gepia_pdfs_ph1/ph1__chromatin_vs_heme__ATAD2_vs_FECH__ESCA_Normal__spearman.pdf"
"ph1","chromatin_vs_heme","ATAD2","FECH","HNSC_Normal",0.23,"0.13","ok","./gepia_pdfs/gepia_pdfs_ph1/ph1__chromatin_vs_heme__ATAD2_vs_FECH__HNSC_Normal__spearman.pdf"
"ph1","chromatin_vs_heme","ATAD2","FECH","KICH_Normal",0.18,"0.38","ok","./gepia_pdfs/gepia_pdfs_ph1/ph1__chromatin_vs_heme__ATAD2_vs_FECH__KICH_Normal__spearman.pdf"
"ph1","chromatin_vs_heme","ATAD2","FECH","KIRC_Normal",-0.0042,"0.97","ok","./gepia_pdfs/gepia_pdfs_ph1/ph1__chromatin_vs_heme__ATAD2_vs_FECH__KIRC_Normal__spearman.pdf"
"ph1","chromatin_vs_heme","ATAD2","FECH","KIRP_Normal",0.041,"0.82","ok","./gepia_pdfs/gepia_pdfs_ph1/ph1__chromatin_vs_heme__ATAD2_vs_FECH__KIRP_Normal__spearman.pdf"
"ph1","chromatin_vs_heme","ATAD2","FECH","LIHC_Normal",0.57,"1.9e-05","ok","./gepia_pdfs/gepia_pdfs_ph1/ph1__chromatin_vs_heme__ATAD2_vs_FECH__LIHC_Normal__spearman.pdf"
"ph1","chromatin_vs_heme","ATAD2","FECH","LUAD_Normal",0.33,"0.011","ok","./gepia_pdfs/gepia_pdfs_ph1/ph1__chromatin_vs_heme__ATAD2_vs_FECH__LUAD_Normal__spearman.pdf"
"ph1","chromatin_vs_heme","ATAD2","FECH","LUSC_Normal",0.59,"5.5e-06","ok","./gepia_pdfs/gepia_pdfs_ph1/ph1__chromatin_vs_heme__ATAD2_vs_FECH__LUSC_Normal__spearman.pdf"
"ph1","chromatin_vs_heme","ATAD2","FECH","PAAD_Normal",-0.2,"0.92","ok","./gepia_pdfs/gepia_pdfs_ph1/ph1__chromatin_vs_heme__ATAD2_vs_FECH__PAAD_Normal__spearman.pdf"
"ph1","chromatin_vs_heme","ATAD2","FECH","PCPG_Normal",1,"0.33","ok","./gepia_pdfs/gepia_pdfs_ph1/ph1__chromatin_vs_heme__ATAD2_vs_FECH__PCPG_Normal__spearman.pdf"
"ph1","chromatin_vs_heme","ATAD2","FECH","PRAD_Normal",0.54,"3.1e-05","ok","./gepia_pdfs/gepia_pdfs_ph1/ph1__chromatin_vs_heme__ATAD2_vs_FECH__PRAD_Normal__spearman.pdf"
"ph1","chromatin_vs_heme","ATAD2","FECH","READ_Normal",-0.15,"0.68","ok","./gepia_pdfs/gepia_pdfs_ph1/ph1__chromatin_vs_heme__ATAD2_vs_FECH__READ_Normal__spearman.pdf"
"ph1","chromatin_vs_heme","ATAD2","FECH","SARC_Normal",-1,"1","ok","./gepia_pdfs/gepia_pdfs_ph1/ph1__chromatin_vs_heme__ATAD2_vs_FECH__SARC_Normal__spearman.pdf"
"ph1","chromatin_vs_heme","ATAD2","FECH","SKCM_Normal",NA,NA,"extraction_failed","./gepia_pdfs/gepia_pdfs_ph1/ph1__chromatin_vs_heme__ATAD2_vs_FECH__SKCM_Normal__spearman.pdf"
"ph1","chromatin_vs_heme","ATAD2","FECH","STAD_Normal",0.62,"7.8e-05","ok","./gepia_pdfs/gepia_pdfs_ph1/ph1__chromatin_vs_heme__ATAD2_vs_FECH__STAD_Normal__spearman.pdf"
"ph1","chromatin_vs_heme","ATAD2","FECH","THCA_Normal",0.4,"0.0015","ok","./gepia_pdfs/gepia_pdfs_ph1/ph1__chromatin_vs_heme__ATAD2_vs_FECH__THCA_Normal__spearman.pdf"
"ph1","chromatin_vs_heme","ATAD2","FECH","THYM_Normal",1,"1","ok","./gepia_pdfs/gepia_pdfs_ph1/ph1__chromatin_vs_heme__ATAD2_vs_FECH__THYM_Normal__spearman.pdf"
"ph1","chromatin_vs_heme","ATAD2","FECH","UCEC_Normal",0.5,"0.085","ok","./gepia_pdfs/gepia_pdfs_ph1/ph1__chromatin_vs_heme__ATAD2_vs_FECH__UCEC_Normal__spearman.pdf"
"ph1","chromatin_vs_heme","ATAD2","HMBS","Adipose_Subcutaneous",-0.26,"3.7e-06","ok","./gepia_pdfs/gepia_pdfs_ph1/ph1__chromatin_vs_heme__ATAD2_vs_HMBS__Adipose_Subcutaneous__spearman.pdf"
"ph1","chromatin_vs_heme","ATAD2","HMBS","BLCA_Normal",0.64,"0.003","ok","./gepia_pdfs/gepia_pdfs_ph1/ph1__chromatin_vs_heme__ATAD2_vs_HMBS__BLCA_Normal__spearman.pdf"
"ph1","chromatin_vs_heme","ATAD2","HMBS","BRCA_Normal",0.15,"0.11","ok","./gepia_pdfs/gepia_pdfs_ph1/ph1__chromatin_vs_heme__ATAD2_vs_HMBS__BRCA_Normal__spearman.pdf"
"ph1","chromatin_vs_heme","ATAD2","HMBS","CESC_Normal",-0.5,"1","ok","./gepia_pdfs/gepia_pdfs_ph1/ph1__chromatin_vs_heme__ATAD2_vs_HMBS__CESC_Normal__spearman.pdf"
"ph1","chromatin_vs_heme","ATAD2","HMBS","CHOL_Normal",-0.43,"0.25","ok","./gepia_pdfs/gepia_pdfs_ph1/ph1__chromatin_vs_heme__ATAD2_vs_HMBS__CHOL_Normal__spearman.pdf"
"ph1","chromatin_vs_heme","ATAD2","HMBS","COAD_Normal",0.63,"1.2e-05","ok","./gepia_pdfs/gepia_pdfs_ph1/ph1__chromatin_vs_heme__ATAD2_vs_HMBS__COAD_Normal__spearman.pdf"
"ph1","chromatin_vs_heme","ATAD2","HMBS","ESCA_Normal",0.59,"0.036","ok","./gepia_pdfs/gepia_pdfs_ph1/ph1__chromatin_vs_heme__ATAD2_vs_HMBS__ESCA_Normal__spearman.pdf"
"ph1","chromatin_vs_heme","ATAD2","HMBS","HNSC_Normal",0.2,"0.2","ok","./gepia_pdfs/gepia_pdfs_ph1/ph1__chromatin_vs_heme__ATAD2_vs_HMBS__HNSC_Normal__spearman.pdf"
"ph1","chromatin_vs_heme","ATAD2","HMBS","KICH_Normal",0.14,"0.49","ok","./gepia_pdfs/gepia_pdfs_ph1/ph1__chromatin_vs_heme__ATAD2_vs_HMBS__KICH_Normal__spearman.pdf"
"ph1","chromatin_vs_heme","ATAD2","HMBS","KIRC_Normal",0.47,"3.6e-05","ok","./gepia_pdfs/gepia_pdfs_ph1/ph1__chromatin_vs_heme__ATAD2_vs_HMBS__KIRC_Normal__spearman.pdf"
"ph1","chromatin_vs_heme","ATAD2","HMBS","KIRP_Normal",0.47,"0.0065","ok","./gepia_pdfs/gepia_pdfs_ph1/ph1__chromatin_vs_heme__ATAD2_vs_HMBS__KIRP_Normal__spearman.pdf"
"ph1","chromatin_vs_heme","ATAD2","HMBS","LIHC_Normal",0.34,"0.017","ok","./gepia_pdfs/gepia_pdfs_ph1/ph1__chromatin_vs_heme__ATAD2_vs_HMBS__LIHC_Normal__spearman.pdf"
"ph1","chromatin_vs_heme","ATAD2","HMBS","LUAD_Normal",-0.41,"0.0011","ok","./gepia_pdfs/gepia_pdfs_ph1/ph1__chromatin_vs_heme__ATAD2_vs_HMBS__LUAD_Normal__spearman.pdf"
"ph1","chromatin_vs_heme","ATAD2","HMBS","LUSC_Normal",0.039,"0.79","ok","./gepia_pdfs/gepia_pdfs_ph1/ph1__chromatin_vs_heme__ATAD2_vs_HMBS__LUSC_Normal__spearman.pdf"
"ph1","chromatin_vs_heme","ATAD2","HMBS","PAAD_Normal",-0.4,"0.75","ok","./gepia_pdfs/gepia_pdfs_ph1/ph1__chromatin_vs_heme__ATAD2_vs_HMBS__PAAD_Normal__spearman.pdf"
"ph1","chromatin_vs_heme","ATAD2","HMBS","PCPG_Normal",-0.5,"1","ok","./gepia_pdfs/gepia_pdfs_ph1/ph1__chromatin_vs_heme__ATAD2_vs_HMBS__PCPG_Normal__spearman.pdf"
"ph1","chromatin_vs_heme","ATAD2","HMBS","PRAD_Normal",0.3,"0.033","ok","./gepia_pdfs/gepia_pdfs_ph1/ph1__chromatin_vs_heme__ATAD2_vs_HMBS__PRAD_Normal__spearman.pdf"
"ph1","chromatin_vs_heme","ATAD2","HMBS","READ_Normal",0.22,"0.54","ok","./gepia_pdfs/gepia_pdfs_ph1/ph1__chromatin_vs_heme__ATAD2_vs_HMBS__READ_Normal__spearman.pdf"
"ph1","chromatin_vs_heme","ATAD2","HMBS","SARC_Normal",1,"1","ok","./gepia_pdfs/gepia_pdfs_ph1/ph1__chromatin_vs_heme__ATAD2_vs_HMBS__SARC_Normal__spearman.pdf"
"ph1","chromatin_vs_heme","ATAD2","HMBS","SKCM_Normal",NA,NA,"extraction_failed","./gepia_pdfs/gepia_pdfs_ph1/ph1__chromatin_vs_heme__ATAD2_vs_HMBS__SKCM_Normal__spearman.pdf"
"ph1","chromatin_vs_heme","ATAD2","HMBS","STAD_Normal",0.27,"0.12","ok","./gepia_pdfs/gepia_pdfs_ph1/ph1__chromatin_vs_heme__ATAD2_vs_HMBS__STAD_Normal__spearman.pdf"
"ph1","chromatin_vs_heme","ATAD2","HMBS","THCA_Normal",-0.52,"2.6e-05","ok","./gepia_pdfs/gepia_pdfs_ph1/ph1__chromatin_vs_heme__ATAD2_vs_HMBS__THCA_Normal__spearman.pdf"
"ph1","chromatin_vs_heme","ATAD2","HMBS","THYM_Normal",1,"1","ok","./gepia_pdfs/gepia_pdfs_ph1/ph1__chromatin_vs_heme__ATAD2_vs_HMBS__THYM_Normal__spearman.pdf"
"ph1","chromatin_vs_heme","ATAD2","HMBS","UCEC_Normal",-0.44,"0.14","ok","./gepia_pdfs/gepia_pdfs_ph1/ph1__chromatin_vs_heme__ATAD2_vs_HMBS__UCEC_Normal__spearman.pdf"
"ph1","chromatin_vs_heme","ATAD2","PPOX","Adipose_Subcutaneous",0.31,"2.2e-08","ok","./gepia_pdfs/gepia_pdfs_ph1/ph1__chromatin_vs_heme__ATAD2_vs_PPOX__Adipose_Subcutaneous__spearman.pdf"
"ph1","chromatin_vs_heme","ATAD2","PPOX","BLCA_Normal",-0.066,"0.79","ok","./gepia_pdfs/gepia_pdfs_ph1/ph1__chromatin_vs_heme__ATAD2_vs_PPOX__BLCA_Normal__spearman.pdf"
"ph1","chromatin_vs_heme","ATAD2","PPOX","BRCA_Normal",0.53,"2e-09","ok","./gepia_pdfs/gepia_pdfs_ph1/ph1__chromatin_vs_heme__ATAD2_vs_PPOX__BRCA_Normal__spearman.pdf"
"ph1","chromatin_vs_heme","ATAD2","PPOX","CESC_Normal",0.5,"1","ok","./gepia_pdfs/gepia_pdfs_ph1/ph1__chromatin_vs_heme__ATAD2_vs_PPOX__CESC_Normal__spearman.pdf"
"ph1","chromatin_vs_heme","ATAD2","PPOX","CHOL_Normal",-0.35,"0.35","ok","./gepia_pdfs/gepia_pdfs_ph1/ph1__chromatin_vs_heme__ATAD2_vs_PPOX__CHOL_Normal__spearman.pdf"
"ph1","chromatin_vs_heme","ATAD2","PPOX","COAD_Normal",0.061,"0.71","ok","./gepia_pdfs/gepia_pdfs_ph1/ph1__chromatin_vs_heme__ATAD2_vs_PPOX__COAD_Normal__spearman.pdf"
"ph1","chromatin_vs_heme","ATAD2","PPOX","ESCA_Normal",0.46,"0.11","ok","./gepia_pdfs/gepia_pdfs_ph1/ph1__chromatin_vs_heme__ATAD2_vs_PPOX__ESCA_Normal__spearman.pdf"
"ph1","chromatin_vs_heme","ATAD2","PPOX","HNSC_Normal",0.026,"0.87","ok","./gepia_pdfs/gepia_pdfs_ph1/ph1__chromatin_vs_heme__ATAD2_vs_PPOX__HNSC_Normal__spearman.pdf"
"ph1","chromatin_vs_heme","ATAD2","PPOX","KICH_Normal",0.42,"0.036","ok","./gepia_pdfs/gepia_pdfs_ph1/ph1__chromatin_vs_heme__ATAD2_vs_PPOX__KICH_Normal__spearman.pdf"
"ph1","chromatin_vs_heme","ATAD2","PPOX","KIRC_Normal",0.14,"0.25","ok","./gepia_pdfs/gepia_pdfs_ph1/ph1__chromatin_vs_heme__ATAD2_vs_PPOX__KIRC_Normal__spearman.pdf"
"ph1","chromatin_vs_heme","ATAD2","PPOX","KIRP_Normal",0.62,"0.00014","ok","./gepia_pdfs/gepia_pdfs_ph1/ph1__chromatin_vs_heme__ATAD2_vs_PPOX__KIRP_Normal__spearman.pdf"
"ph1","chromatin_vs_heme","ATAD2","PPOX","LIHC_Normal",0.28,"0.052","ok","./gepia_pdfs/gepia_pdfs_ph1/ph1__chromatin_vs_heme__ATAD2_vs_PPOX__LIHC_Normal__spearman.pdf"
"ph1","chromatin_vs_heme","ATAD2","PPOX","LUAD_Normal",0.081,"0.54","ok","./gepia_pdfs/gepia_pdfs_ph1/ph1__chromatin_vs_heme__ATAD2_vs_PPOX__LUAD_Normal__spearman.pdf"
"ph1","chromatin_vs_heme","ATAD2","PPOX","LUSC_Normal",0.24,"0.089","ok","./gepia_pdfs/gepia_pdfs_ph1/ph1__chromatin_vs_heme__ATAD2_vs_PPOX__LUSC_Normal__spearman.pdf"
"ph1","chromatin_vs_heme","ATAD2","PPOX","PAAD_Normal",0.8,"0.33","ok","./gepia_pdfs/gepia_pdfs_ph1/ph1__chromatin_vs_heme__ATAD2_vs_PPOX__PAAD_Normal__spearman.pdf"
"ph1","chromatin_vs_heme","ATAD2","PPOX","PCPG_Normal",0.5,"1","ok","./gepia_pdfs/gepia_pdfs_ph1/ph1__chromatin_vs_heme__ATAD2_vs_PPOX__PCPG_Normal__spearman.pdf"
"ph1","chromatin_vs_heme","ATAD2","PPOX","PRAD_Normal",0.11,"0.43","ok","./gepia_pdfs/gepia_pdfs_ph1/ph1__chromatin_vs_heme__ATAD2_vs_PPOX__PRAD_Normal__spearman.pdf"
"ph1","chromatin_vs_heme","ATAD2","PPOX","READ_Normal",-0.49,"0.15","ok","./gepia_pdfs/gepia_pdfs_ph1/ph1__chromatin_vs_heme__ATAD2_vs_PPOX__READ_Normal__spearman.pdf"
"ph1","chromatin_vs_heme","ATAD2","PPOX","SARC_Normal",1,"1","ok","./gepia_pdfs/gepia_pdfs_ph1/ph1__chromatin_vs_heme__ATAD2_vs_PPOX__SARC_Normal__spearman.pdf"
"ph1","chromatin_vs_heme","ATAD2","PPOX","SKCM_Normal",NA,NA,"extraction_failed","./gepia_pdfs/gepia_pdfs_ph1/ph1__chromatin_vs_heme__ATAD2_vs_PPOX__SKCM_Normal__spearman.pdf"
"ph1","chromatin_vs_heme","ATAD2","PPOX","STAD_Normal",0.54,"6e-04","ok","./gepia_pdfs/gepia_pdfs_ph1/ph1__chromatin_vs_heme__ATAD2_vs_PPOX__STAD_Normal__spearman.pdf"
"ph1","chromatin_vs_heme","ATAD2","PPOX","THCA_Normal",-0.055,"0.68","ok","./gepia_pdfs/gepia_pdfs_ph1/ph1__chromatin_vs_heme__ATAD2_vs_PPOX__THCA_Normal__spearman.pdf"
"ph1","chromatin_vs_heme","ATAD2","PPOX","THYM_Normal",1,"1","ok","./gepia_pdfs/gepia_pdfs_ph1/ph1__chromatin_vs_heme__ATAD2_vs_PPOX__THYM_Normal__spearman.pdf"
"ph1","chromatin_vs_heme","ATAD2","PPOX","UCEC_Normal",-0.16,"0.6","ok","./gepia_pdfs/gepia_pdfs_ph1/ph1__chromatin_vs_heme__ATAD2_vs_PPOX__UCEC_Normal__spearman.pdf"
"ph1","chromatin_vs_heme","ATAD2","UROD","Adipose_Subcutaneous",0.06,"0.28","ok","./gepia_pdfs/gepia_pdfs_ph1/ph1__chromatin_vs_heme__ATAD2_vs_UROD__Adipose_Subcutaneous__spearman.pdf"
"ph1","chromatin_vs_heme","ATAD2","UROD","BLCA_Normal",-0.014,"0.96","ok","./gepia_pdfs/gepia_pdfs_ph1/ph1__chromatin_vs_heme__ATAD2_vs_UROD__BLCA_Normal__spearman.pdf"
"ph1","chromatin_vs_heme","ATAD2","UROD","BRCA_Normal",-0.31,"0.00081","ok","./gepia_pdfs/gepia_pdfs_ph1/ph1__chromatin_vs_heme__ATAD2_vs_UROD__BRCA_Normal__spearman.pdf"
"ph1","chromatin_vs_heme","ATAD2","UROD","CESC_Normal",-0.5,"1","ok","./gepia_pdfs/gepia_pdfs_ph1/ph1__chromatin_vs_heme__ATAD2_vs_UROD__CESC_Normal__spearman.pdf"
"ph1","chromatin_vs_heme","ATAD2","UROD","CHOL_Normal",-0.7,"0.035","ok","./gepia_pdfs/gepia_pdfs_ph1/ph1__chromatin_vs_heme__ATAD2_vs_UROD__CHOL_Normal__spearman.pdf"
"ph1","chromatin_vs_heme","ATAD2","UROD","COAD_Normal",-0.24,"0.12","ok","./gepia_pdfs/gepia_pdfs_ph1/ph1__chromatin_vs_heme__ATAD2_vs_UROD__COAD_Normal__spearman.pdf"
"ph1","chromatin_vs_heme","ATAD2","UROD","ESCA_Normal",0.51,"0.078","ok","./gepia_pdfs/gepia_pdfs_ph1/ph1__chromatin_vs_heme__ATAD2_vs_UROD__ESCA_Normal__spearman.pdf"
"ph1","chromatin_vs_heme","ATAD2","UROD","HNSC_Normal",-0.44,"0.003","ok","./gepia_pdfs/gepia_pdfs_ph1/ph1__chromatin_vs_heme__ATAD2_vs_UROD__HNSC_Normal__spearman.pdf"
"ph1","chromatin_vs_heme","ATAD2","UROD","KICH_Normal",-0.14,"0.51","ok","./gepia_pdfs/gepia_pdfs_ph1/ph1__chromatin_vs_heme__ATAD2_vs_UROD__KICH_Normal__spearman.pdf"
"ph1","chromatin_vs_heme","ATAD2","UROD","KIRC_Normal",0.22,"0.069","ok","./gepia_pdfs/gepia_pdfs_ph1/ph1__chromatin_vs_heme__ATAD2_vs_UROD__KIRC_Normal__spearman.pdf"
"ph1","chromatin_vs_heme","ATAD2","UROD","KIRP_Normal",0.29,"0.11","ok","./gepia_pdfs/gepia_pdfs_ph1/ph1__chromatin_vs_heme__ATAD2_vs_UROD__KIRP_Normal__spearman.pdf"
"ph1","chromatin_vs_heme","ATAD2","UROD","LIHC_Normal",0.37,"0.009","ok","./gepia_pdfs/gepia_pdfs_ph1/ph1__chromatin_vs_heme__ATAD2_vs_UROD__LIHC_Normal__spearman.pdf"
"ph1","chromatin_vs_heme","ATAD2","UROD","LUAD_Normal",-0.32,"0.015","ok","./gepia_pdfs/gepia_pdfs_ph1/ph1__chromatin_vs_heme__ATAD2_vs_UROD__LUAD_Normal__spearman.pdf"
"ph1","chromatin_vs_heme","ATAD2","UROD","LUSC_Normal",0.13,"0.36","ok","./gepia_pdfs/gepia_pdfs_ph1/ph1__chromatin_vs_heme__ATAD2_vs_UROD__LUSC_Normal__spearman.pdf"
"ph1","chromatin_vs_heme","ATAD2","UROD","PAAD_Normal",-1,"0.083","ok","./gepia_pdfs/gepia_pdfs_ph1/ph1__chromatin_vs_heme__ATAD2_vs_UROD__PAAD_Normal__spearman.pdf"
"ph1","chromatin_vs_heme","ATAD2","UROD","PCPG_Normal",0.5,"1","ok","./gepia_pdfs/gepia_pdfs_ph1/ph1__chromatin_vs_heme__ATAD2_vs_UROD__PCPG_Normal__spearman.pdf"
"ph1","chromatin_vs_heme","ATAD2","UROD","PRAD_Normal",0.23,"0.11","ok","./gepia_pdfs/gepia_pdfs_ph1/ph1__chromatin_vs_heme__ATAD2_vs_UROD__PRAD_Normal__spearman.pdf"
"ph1","chromatin_vs_heme","ATAD2","UROD","READ_Normal",-0.88,"0.002","ok","./gepia_pdfs/gepia_pdfs_ph1/ph1__chromatin_vs_heme__ATAD2_vs_UROD__READ_Normal__spearman.pdf"
"ph1","chromatin_vs_heme","ATAD2","UROD","SARC_Normal",1,"1","ok","./gepia_pdfs/gepia_pdfs_ph1/ph1__chromatin_vs_heme__ATAD2_vs_UROD__SARC_Normal__spearman.pdf"
"ph1","chromatin_vs_heme","ATAD2","UROD","SKCM_Normal",NA,NA,"extraction_failed","./gepia_pdfs/gepia_pdfs_ph1/ph1__chromatin_vs_heme__ATAD2_vs_UROD__SKCM_Normal__spearman.pdf"
"ph1","chromatin_vs_heme","ATAD2","UROD","STAD_Normal",0.092,"0.59","ok","./gepia_pdfs/gepia_pdfs_ph1/ph1__chromatin_vs_heme__ATAD2_vs_UROD__STAD_Normal__spearman.pdf"
"ph1","chromatin_vs_heme","ATAD2","UROD","THCA_Normal",-0.36,"0.005","ok","./gepia_pdfs/gepia_pdfs_ph1/ph1__chromatin_vs_heme__ATAD2_vs_UROD__THCA_Normal__spearman.pdf"
"ph1","chromatin_vs_heme","ATAD2","UROD","THYM_Normal",1,"1","ok","./gepia_pdfs/gepia_pdfs_ph1/ph1__chromatin_vs_heme__ATAD2_vs_UROD__THYM_Normal__spearman.pdf"
"ph1","chromatin_vs_heme","ATAD2","UROD","UCEC_Normal",0.1,"0.74","ok","./gepia_pdfs/gepia_pdfs_ph1/ph1__chromatin_vs_heme__ATAD2_vs_UROD__UCEC_Normal__spearman.pdf"
"ph1","chromatin_vs_heme","ATAD2","UROS","Adipose_Subcutaneous",-0.098,"0.08","ok","./gepia_pdfs/gepia_pdfs_ph1/ph1__chromatin_vs_heme__ATAD2_vs_UROS__Adipose_Subcutaneous__spearman.pdf"
"ph1","chromatin_vs_heme","ATAD2","UROS","BLCA_Normal",-0.047,"0.85","ok","./gepia_pdfs/gepia_pdfs_ph1/ph1__chromatin_vs_heme__ATAD2_vs_UROS__BLCA_Normal__spearman.pdf"
"ph1","chromatin_vs_heme","ATAD2","UROS","BRCA_Normal",-0.15,"0.1","ok","./gepia_pdfs/gepia_pdfs_ph1/ph1__chromatin_vs_heme__ATAD2_vs_UROS__BRCA_Normal__spearman.pdf"
"ph1","chromatin_vs_heme","ATAD2","UROS","CESC_Normal",-0.5,"1","ok","./gepia_pdfs/gepia_pdfs_ph1/ph1__chromatin_vs_heme__ATAD2_vs_UROS__CESC_Normal__spearman.pdf"
"ph1","chromatin_vs_heme","ATAD2","UROS","CHOL_Normal",-0.33,"0.38","ok","./gepia_pdfs/gepia_pdfs_ph1/ph1__chromatin_vs_heme__ATAD2_vs_UROS__CHOL_Normal__spearman.pdf"
"ph1","chromatin_vs_heme","ATAD2","UROS","COAD_Normal",0.098,"0.54","ok","./gepia_pdfs/gepia_pdfs_ph1/ph1__chromatin_vs_heme__ATAD2_vs_UROS__COAD_Normal__spearman.pdf"
"ph1","chromatin_vs_heme","ATAD2","UROS","ESCA_Normal",0.67,"0.015","ok","./gepia_pdfs/gepia_pdfs_ph1/ph1__chromatin_vs_heme__ATAD2_vs_UROS__ESCA_Normal__spearman.pdf"
"ph1","chromatin_vs_heme","ATAD2","UROS","HNSC_Normal",-0.41,"0.0056","ok","./gepia_pdfs/gepia_pdfs_ph1/ph1__chromatin_vs_heme__ATAD2_vs_UROS__HNSC_Normal__spearman.pdf"
"ph1","chromatin_vs_heme","ATAD2","UROS","KICH_Normal",-0.25,"0.24","ok","./gepia_pdfs/gepia_pdfs_ph1/ph1__chromatin_vs_heme__ATAD2_vs_UROS__KICH_Normal__spearman.pdf"
"ph1","chromatin_vs_heme","ATAD2","UROS","KIRC_Normal",0.15,"0.22","ok","./gepia_pdfs/gepia_pdfs_ph1/ph1__chromatin_vs_heme__ATAD2_vs_UROS__KIRC_Normal__spearman.pdf"
"ph1","chromatin_vs_heme","ATAD2","UROS","KIRP_Normal",0.19,"0.31","ok","./gepia_pdfs/gepia_pdfs_ph1/ph1__chromatin_vs_heme__ATAD2_vs_UROS__KIRP_Normal__spearman.pdf"
"ph1","chromatin_vs_heme","ATAD2","UROS","LIHC_Normal",0.29,"0.044","ok","./gepia_pdfs/gepia_pdfs_ph1/ph1__chromatin_vs_heme__ATAD2_vs_UROS__LIHC_Normal__spearman.pdf"
"ph1","chromatin_vs_heme","ATAD2","UROS","LUAD_Normal",-0.23,"0.074","ok","./gepia_pdfs/gepia_pdfs_ph1/ph1__chromatin_vs_heme__ATAD2_vs_UROS__LUAD_Normal__spearman.pdf"
"ph1","chromatin_vs_heme","ATAD2","UROS","LUSC_Normal",0.091,"0.53","ok","./gepia_pdfs/gepia_pdfs_ph1/ph1__chromatin_vs_heme__ATAD2_vs_UROS__LUSC_Normal__spearman.pdf"
"ph1","chromatin_vs_heme","ATAD2","UROS","PAAD_Normal",-0.2,"0.92","ok","./gepia_pdfs/gepia_pdfs_ph1/ph1__chromatin_vs_heme__ATAD2_vs_UROS__PAAD_Normal__spearman.pdf"
"ph1","chromatin_vs_heme","ATAD2","UROS","PCPG_Normal",-0.5,"1","ok","./gepia_pdfs/gepia_pdfs_ph1/ph1__chromatin_vs_heme__ATAD2_vs_UROS__PCPG_Normal__spearman.pdf"
"ph1","chromatin_vs_heme","ATAD2","UROS","PRAD_Normal",0.24,"0.083","ok","./gepia_pdfs/gepia_pdfs_ph1/ph1__chromatin_vs_heme__ATAD2_vs_UROS__PRAD_Normal__spearman.pdf"
"ph1","chromatin_vs_heme","ATAD2","UROS","READ_Normal",-0.39,"0.26","ok","./gepia_pdfs/gepia_pdfs_ph1/ph1__chromatin_vs_heme__ATAD2_vs_UROS__READ_Normal__spearman.pdf"
"ph1","chromatin_vs_heme","ATAD2","UROS","SARC_Normal",1,"1","ok","./gepia_pdfs/gepia_pdfs_ph1/ph1__chromatin_vs_heme__ATAD2_vs_UROS__SARC_Normal__spearman.pdf"
"ph1","chromatin_vs_heme","ATAD2","UROS","SKCM_Normal",NA,NA,"extraction_failed","./gepia_pdfs/gepia_pdfs_ph1/ph1__chromatin_vs_heme__ATAD2_vs_UROS__SKCM_Normal__spearman.pdf"
"ph1","chromatin_vs_heme","ATAD2","UROS","STAD_Normal",0.13,"0.43","ok","./gepia_pdfs/gepia_pdfs_ph1/ph1__chromatin_vs_heme__ATAD2_vs_UROS__STAD_Normal__spearman.pdf"
"ph1","chromatin_vs_heme","ATAD2","UROS","THCA_Normal",-0.38,"0.0027","ok","./gepia_pdfs/gepia_pdfs_ph1/ph1__chromatin_vs_heme__ATAD2_vs_UROS__THCA_Normal__spearman.pdf"
"ph1","chromatin_vs_heme","ATAD2","UROS","THYM_Normal",1,"1","ok","./gepia_pdfs/gepia_pdfs_ph1/ph1__chromatin_vs_heme__ATAD2_vs_UROS__THYM_Normal__spearman.pdf"
"ph1","chromatin_vs_heme","ATAD2","UROS","UCEC_Normal",-0.57,"0.047","ok","./gepia_pdfs/gepia_pdfs_ph1/ph1__chromatin_vs_heme__ATAD2_vs_UROS__UCEC_Normal__spearman.pdf"
"ph1","chromatin_vs_heme","BRD2","ALAD","BLCA_Normal",-0.31,"0.2","ok","./gepia_pdfs/gepia_pdfs_ph1/ph1__chromatin_vs_heme__BRD2_vs_ALAD__BLCA_Normal__spearman.pdf"
"ph1","chromatin_vs_heme","BRD2","ALAD","BRCA_Normal",0.096,"0.31","ok","./gepia_pdfs/gepia_pdfs_ph1/ph1__chromatin_vs_heme__BRD2_vs_ALAD__BRCA_Normal__spearman.pdf"
"ph1","chromatin_vs_heme","BRD2","ALAD","CESC_Normal",0.5,"1","ok","./gepia_pdfs/gepia_pdfs_ph1/ph1__chromatin_vs_heme__BRD2_vs_ALAD__CESC_Normal__spearman.pdf"
"ph1","chromatin_vs_heme","BRD2","ALAD","CHOL_Normal",-0.1,"0.81","ok","./gepia_pdfs/gepia_pdfs_ph1/ph1__chromatin_vs_heme__BRD2_vs_ALAD__CHOL_Normal__spearman.pdf"
"ph1","chromatin_vs_heme","BRD2","ALAD","COAD_Normal",0.066,"0.68","ok","./gepia_pdfs/gepia_pdfs_ph1/ph1__chromatin_vs_heme__BRD2_vs_ALAD__COAD_Normal__spearman.pdf"
"ph1","chromatin_vs_heme","BRD2","ALAD","ESCA_Normal",0.18,"0.57","ok","./gepia_pdfs/gepia_pdfs_ph1/ph1__chromatin_vs_heme__BRD2_vs_ALAD__ESCA_Normal__spearman.pdf"
"ph1","chromatin_vs_heme","BRD2","ALAD","HNSC_Normal",0.36,"0.017","ok","./gepia_pdfs/gepia_pdfs_ph1/ph1__chromatin_vs_heme__BRD2_vs_ALAD__HNSC_Normal__spearman.pdf"
"ph1","chromatin_vs_heme","BRD2","ALAD","KICH_Normal",-0.45,"0.026","ok","./gepia_pdfs/gepia_pdfs_ph1/ph1__chromatin_vs_heme__BRD2_vs_ALAD__KICH_Normal__spearman.pdf"
"ph1","chromatin_vs_heme","BRD2","ALAD","KIRC_Normal",-0.26,"0.025","ok","./gepia_pdfs/gepia_pdfs_ph1/ph1__chromatin_vs_heme__BRD2_vs_ALAD__KIRC_Normal__spearman.pdf"
"ph1","chromatin_vs_heme","BRD2","ALAD","KIRP_Normal",-0.48,"0.0062","ok","./gepia_pdfs/gepia_pdfs_ph1/ph1__chromatin_vs_heme__BRD2_vs_ALAD__KIRP_Normal__spearman.pdf"
"ph1","chromatin_vs_heme","BRD2","ALAD","LIHC_Normal",0.031,"0.83","ok","./gepia_pdfs/gepia_pdfs_ph1/ph1__chromatin_vs_heme__BRD2_vs_ALAD__LIHC_Normal__spearman.pdf"
"ph1","chromatin_vs_heme","BRD2","ALAD","LUAD_Normal",0.46,"0.00029","ok","./gepia_pdfs/gepia_pdfs_ph1/ph1__chromatin_vs_heme__BRD2_vs_ALAD__LUAD_Normal__spearman.pdf"
"ph1","chromatin_vs_heme","BRD2","ALAD","LUSC_Normal",0.43,"0.002","ok","./gepia_pdfs/gepia_pdfs_ph1/ph1__chromatin_vs_heme__BRD2_vs_ALAD__LUSC_Normal__spearman.pdf"
"ph1","chromatin_vs_heme","BRD2","ALAD","PAAD_Normal",-0.4,"0.75","ok","./gepia_pdfs/gepia_pdfs_ph1/ph1__chromatin_vs_heme__BRD2_vs_ALAD__PAAD_Normal__spearman.pdf"
"ph1","chromatin_vs_heme","BRD2","ALAD","PCPG_Normal",-0.5,"1","ok","./gepia_pdfs/gepia_pdfs_ph1/ph1__chromatin_vs_heme__BRD2_vs_ALAD__PCPG_Normal__spearman.pdf"
"ph1","chromatin_vs_heme","BRD2","ALAD","PRAD_Normal",0.55,"3.4e-05","ok","./gepia_pdfs/gepia_pdfs_ph1/ph1__chromatin_vs_heme__BRD2_vs_ALAD__PRAD_Normal__spearman.pdf"
"ph1","chromatin_vs_heme","BRD2","ALAD","READ_Normal",0.87,"0.0027","ok","./gepia_pdfs/gepia_pdfs_ph1/ph1__chromatin_vs_heme__BRD2_vs_ALAD__READ_Normal__spearman.pdf"
"ph1","chromatin_vs_heme","BRD2","ALAD","SARC_Normal",1,"1","ok","./gepia_pdfs/gepia_pdfs_ph1/ph1__chromatin_vs_heme__BRD2_vs_ALAD__SARC_Normal__spearman.pdf"
"ph1","chromatin_vs_heme","BRD2","ALAD","SKCM_Normal",NA,NA,"extraction_failed","./gepia_pdfs/gepia_pdfs_ph1/ph1__chromatin_vs_heme__BRD2_vs_ALAD__SKCM_Normal__spearman.pdf"
"ph1","chromatin_vs_heme","BRD2","ALAD","STAD_Normal",0.63,"5.2e-05","ok","./gepia_pdfs/gepia_pdfs_ph1/ph1__chromatin_vs_heme__BRD2_vs_ALAD__STAD_Normal__spearman.pdf"
"ph1","chromatin_vs_heme","BRD2","ALAD","THCA_Normal",0.61,"3.7e-07","ok","./gepia_pdfs/gepia_pdfs_ph1/ph1__chromatin_vs_heme__BRD2_vs_ALAD__THCA_Normal__spearman.pdf"
"ph1","chromatin_vs_heme","BRD2","ALAD","THYM_Normal",-1,"1","ok","./gepia_pdfs/gepia_pdfs_ph1/ph1__chromatin_vs_heme__BRD2_vs_ALAD__THYM_Normal__spearman.pdf"
"ph1","chromatin_vs_heme","BRD2","ALAD","UCEC_Normal",0.15,"0.63","ok","./gepia_pdfs/gepia_pdfs_ph1/ph1__chromatin_vs_heme__BRD2_vs_ALAD__UCEC_Normal__spearman.pdf"
"ph1","chromatin_vs_heme","BRD2","ALAS1","BLCA_Normal",0.8,"5.6e-05","ok","./gepia_pdfs/gepia_pdfs_ph1/ph1__chromatin_vs_heme__BRD2_vs_ALAS1__BLCA_Normal__spearman.pdf"
"ph1","chromatin_vs_heme","BRD2","ALAS1","BRCA_Normal",-0.052,"0.58","ok","./gepia_pdfs/gepia_pdfs_ph1/ph1__chromatin_vs_heme__BRD2_vs_ALAS1__BRCA_Normal__spearman.pdf"
"ph1","chromatin_vs_heme","BRD2","ALAS1","CESC_Normal",-1,"0.33","ok","./gepia_pdfs/gepia_pdfs_ph1/ph1__chromatin_vs_heme__BRD2_vs_ALAS1__CESC_Normal__spearman.pdf"
"ph1","chromatin_vs_heme","BRD2","ALAS1","CHOL_Normal",0.75,"0.025","ok","./gepia_pdfs/gepia_pdfs_ph1/ph1__chromatin_vs_heme__BRD2_vs_ALAS1__CHOL_Normal__spearman.pdf"
"ph1","chromatin_vs_heme","BRD2","ALAS1","COAD_Normal",0.2,"0.21","ok","./gepia_pdfs/gepia_pdfs_ph1/ph1__chromatin_vs_heme__BRD2_vs_ALAS1__COAD_Normal__spearman.pdf"
"ph1","chromatin_vs_heme","BRD2","ALAS1","ESCA_Normal",0.79,"0.0023","ok","./gepia_pdfs/gepia_pdfs_ph1/ph1__chromatin_vs_heme__BRD2_vs_ALAS1__ESCA_Normal__spearman.pdf"
"ph1","chromatin_vs_heme","BRD2","ALAS1","HNSC_Normal",0.35,"0.022","ok","./gepia_pdfs/gepia_pdfs_ph1/ph1__chromatin_vs_heme__BRD2_vs_ALAS1__HNSC_Normal__spearman.pdf"
"ph1","chromatin_vs_heme","BRD2","ALAS1","KICH_Normal",0.068,"0.75","ok","./gepia_pdfs/gepia_pdfs_ph1/ph1__chromatin_vs_heme__BRD2_vs_ALAS1__KICH_Normal__spearman.pdf"
"ph1","chromatin_vs_heme","BRD2","ALAS1","KIRC_Normal",0.61,"1.8e-08","ok","./gepia_pdfs/gepia_pdfs_ph1/ph1__chromatin_vs_heme__BRD2_vs_ALAS1__KIRC_Normal__spearman.pdf"
"ph1","chromatin_vs_heme","BRD2","ALAS1","KIRP_Normal",0.6,"0.00037","ok","./gepia_pdfs/gepia_pdfs_ph1/ph1__chromatin_vs_heme__BRD2_vs_ALAS1__KIRP_Normal__spearman.pdf"
"ph1","chromatin_vs_heme","BRD2","ALAS1","LIHC_Normal",0.051,"0.72","ok","./gepia_pdfs/gepia_pdfs_ph1/ph1__chromatin_vs_heme__BRD2_vs_ALAS1__LIHC_Normal__spearman.pdf"
"ph1","chromatin_vs_heme","BRD2","ALAS1","LUAD_Normal",0.15,"0.27","ok","./gepia_pdfs/gepia_pdfs_ph1/ph1__chromatin_vs_heme__BRD2_vs_ALAS1__LUAD_Normal__spearman.pdf"
"ph1","chromatin_vs_heme","BRD2","ALAS1","LUSC_Normal",0.43,"0.002","ok","./gepia_pdfs/gepia_pdfs_ph1/ph1__chromatin_vs_heme__BRD2_vs_ALAS1__LUSC_Normal__spearman.pdf"
"ph1","chromatin_vs_heme","BRD2","ALAS1","PAAD_Normal",-0.8,"0.33","ok","./gepia_pdfs/gepia_pdfs_ph1/ph1__chromatin_vs_heme__BRD2_vs_ALAS1__PAAD_Normal__spearman.pdf"
"ph1","chromatin_vs_heme","BRD2","ALAS1","PCPG_Normal",1,"0.33","ok","./gepia_pdfs/gepia_pdfs_ph1/ph1__chromatin_vs_heme__BRD2_vs_ALAS1__PCPG_Normal__spearman.pdf"
"ph1","chromatin_vs_heme","BRD2","ALAS1","PRAD_Normal",0.27,"0.05","ok","./gepia_pdfs/gepia_pdfs_ph1/ph1__chromatin_vs_heme__BRD2_vs_ALAS1__PRAD_Normal__spearman.pdf"
"ph1","chromatin_vs_heme","BRD2","ALAS1","READ_Normal",0.13,"0.73","ok","./gepia_pdfs/gepia_pdfs_ph1/ph1__chromatin_vs_heme__BRD2_vs_ALAS1__READ_Normal__spearman.pdf"
"ph1","chromatin_vs_heme","BRD2","ALAS1","SARC_Normal",1,"1","ok","./gepia_pdfs/gepia_pdfs_ph1/ph1__chromatin_vs_heme__BRD2_vs_ALAS1__SARC_Normal__spearman.pdf"
"ph1","chromatin_vs_heme","BRD2","ALAS1","SKCM_Normal",NA,NA,"extraction_failed","./gepia_pdfs/gepia_pdfs_ph1/ph1__chromatin_vs_heme__BRD2_vs_ALAS1__SKCM_Normal__spearman.pdf"
"ph1","chromatin_vs_heme","BRD2","ALAS1","STAD_Normal",-0.019,"0.91","ok","./gepia_pdfs/gepia_pdfs_ph1/ph1__chromatin_vs_heme__BRD2_vs_ALAS1__STAD_Normal__spearman.pdf"
"ph1","chromatin_vs_heme","BRD2","ALAS1","THCA_Normal",0.5,"5.7e-05","ok","./gepia_pdfs/gepia_pdfs_ph1/ph1__chromatin_vs_heme__BRD2_vs_ALAS1__THCA_Normal__spearman.pdf"
"ph1","chromatin_vs_heme","BRD2","ALAS1","THYM_Normal",-1,"1","ok","./gepia_pdfs/gepia_pdfs_ph1/ph1__chromatin_vs_heme__BRD2_vs_ALAS1__THYM_Normal__spearman.pdf"
"ph1","chromatin_vs_heme","BRD2","ALAS1","UCEC_Normal",0.16,"0.6","ok","./gepia_pdfs/gepia_pdfs_ph1/ph1__chromatin_vs_heme__BRD2_vs_ALAS1__UCEC_Normal__spearman.pdf"
"ph1","chromatin_vs_heme","BRD2","CPOX","BLCA_Normal",-0.19,"0.44","ok","./gepia_pdfs/gepia_pdfs_ph1/ph1__chromatin_vs_heme__BRD2_vs_CPOX__BLCA_Normal__spearman.pdf"
"ph1","chromatin_vs_heme","BRD2","CPOX","BRCA_Normal",0.72,"2.5e-19","ok","./gepia_pdfs/gepia_pdfs_ph1/ph1__chromatin_vs_heme__BRD2_vs_CPOX__BRCA_Normal__spearman.pdf"
"ph1","chromatin_vs_heme","BRD2","CPOX","CESC_Normal",0.5,"1","ok","./gepia_pdfs/gepia_pdfs_ph1/ph1__chromatin_vs_heme__BRD2_vs_CPOX__CESC_Normal__spearman.pdf"
"ph1","chromatin_vs_heme","BRD2","CPOX","CHOL_Normal",-0.53,"0.15","ok","./gepia_pdfs/gepia_pdfs_ph1/ph1__chromatin_vs_heme__BRD2_vs_CPOX__CHOL_Normal__spearman.pdf"
"ph1","chromatin_vs_heme","BRD2","CPOX","COAD_Normal",0.47,"0.0021","ok","./gepia_pdfs/gepia_pdfs_ph1/ph1__chromatin_vs_heme__BRD2_vs_CPOX__COAD_Normal__spearman.pdf"
"ph1","chromatin_vs_heme","BRD2","CPOX","ESCA_Normal",0.71,"0.0088","ok","./gepia_pdfs/gepia_pdfs_ph1/ph1__chromatin_vs_heme__BRD2_vs_CPOX__ESCA_Normal__spearman.pdf"
"ph1","chromatin_vs_heme","BRD2","CPOX","HNSC_Normal",0.56,"8.7e-05","ok","./gepia_pdfs/gepia_pdfs_ph1/ph1__chromatin_vs_heme__BRD2_vs_CPOX__HNSC_Normal__spearman.pdf"
"ph1","chromatin_vs_heme","BRD2","CPOX","KICH_Normal",0.38,"0.064","ok","./gepia_pdfs/gepia_pdfs_ph1/ph1__chromatin_vs_heme__BRD2_vs_CPOX__KICH_Normal__spearman.pdf"
"ph1","chromatin_vs_heme","BRD2","CPOX","KIRC_Normal",0.56,"2.6e-07","ok","./gepia_pdfs/gepia_pdfs_ph1/ph1__chromatin_vs_heme__BRD2_vs_CPOX__KIRC_Normal__spearman.pdf"
"ph1","chromatin_vs_heme","BRD2","CPOX","KIRP_Normal",0.53,"0.0016","ok","./gepia_pdfs/gepia_pdfs_ph1/ph1__chromatin_vs_heme__BRD2_vs_CPOX__KIRP_Normal__spearman.pdf"
"ph1","chromatin_vs_heme","BRD2","CPOX","LIHC_Normal",-0.032,"0.83","ok","./gepia_pdfs/gepia_pdfs_ph1/ph1__chromatin_vs_heme__BRD2_vs_CPOX__LIHC_Normal__spearman.pdf"
"ph1","chromatin_vs_heme","BRD2","CPOX","LUAD_Normal",0.44,"0.00057","ok","./gepia_pdfs/gepia_pdfs_ph1/ph1__chromatin_vs_heme__BRD2_vs_CPOX__LUAD_Normal__spearman.pdf"
"ph1","chromatin_vs_heme","BRD2","CPOX","LUSC_Normal",0.11,"0.47","ok","./gepia_pdfs/gepia_pdfs_ph1/ph1__chromatin_vs_heme__BRD2_vs_CPOX__LUSC_Normal__spearman.pdf"
"ph1","chromatin_vs_heme","BRD2","CPOX","PAAD_Normal",-0.8,"0.33","ok","./gepia_pdfs/gepia_pdfs_ph1/ph1__chromatin_vs_heme__BRD2_vs_CPOX__PAAD_Normal__spearman.pdf"
"ph1","chromatin_vs_heme","BRD2","CPOX","PCPG_Normal",0.5,"1","ok","./gepia_pdfs/gepia_pdfs_ph1/ph1__chromatin_vs_heme__BRD2_vs_CPOX__PCPG_Normal__spearman.pdf"
"ph1","chromatin_vs_heme","BRD2","CPOX","PRAD_Normal",0.62,"1.1e-06","ok","./gepia_pdfs/gepia_pdfs_ph1/ph1__chromatin_vs_heme__BRD2_vs_CPOX__PRAD_Normal__spearman.pdf"
"ph1","chromatin_vs_heme","BRD2","CPOX","READ_Normal",0.62,"0.06","ok","./gepia_pdfs/gepia_pdfs_ph1/ph1__chromatin_vs_heme__BRD2_vs_CPOX__READ_Normal__spearman.pdf"
"ph1","chromatin_vs_heme","BRD2","CPOX","SARC_Normal",1,"1","ok","./gepia_pdfs/gepia_pdfs_ph1/ph1__chromatin_vs_heme__BRD2_vs_CPOX__SARC_Normal__spearman.pdf"
"ph1","chromatin_vs_heme","BRD2","CPOX","SKCM_Normal",NA,NA,"extraction_failed","./gepia_pdfs/gepia_pdfs_ph1/ph1__chromatin_vs_heme__BRD2_vs_CPOX__SKCM_Normal__spearman.pdf"
"ph1","chromatin_vs_heme","BRD2","CPOX","STAD_Normal",0.45,"0.0053","ok","./gepia_pdfs/gepia_pdfs_ph1/ph1__chromatin_vs_heme__BRD2_vs_CPOX__STAD_Normal__spearman.pdf"
"ph1","chromatin_vs_heme","BRD2","CPOX","THCA_Normal",0.45,"0.00033","ok","./gepia_pdfs/gepia_pdfs_ph1/ph1__chromatin_vs_heme__BRD2_vs_CPOX__THCA_Normal__spearman.pdf"
"ph1","chromatin_vs_heme","BRD2","CPOX","THYM_Normal",1,"1","ok","./gepia_pdfs/gepia_pdfs_ph1/ph1__chromatin_vs_heme__BRD2_vs_CPOX__THYM_Normal__spearman.pdf"
"ph1","chromatin_vs_heme","BRD2","CPOX","UCEC_Normal",0.53,"0.067","ok","./gepia_pdfs/gepia_pdfs_ph1/ph1__chromatin_vs_heme__BRD2_vs_CPOX__UCEC_Normal__spearman.pdf"
"ph1","chromatin_vs_heme","BRD2","FECH","BLCA_Normal",-0.47,"0.043","ok","./gepia_pdfs/gepia_pdfs_ph1/ph1__chromatin_vs_heme__BRD2_vs_FECH__BLCA_Normal__spearman.pdf"
"ph1","chromatin_vs_heme","BRD2","FECH","BRCA_Normal",0.61,"1.1e-12","ok","./gepia_pdfs/gepia_pdfs_ph1/ph1__chromatin_vs_heme__BRD2_vs_FECH__BRCA_Normal__spearman.pdf"
"ph1","chromatin_vs_heme","BRD2","FECH","CESC_Normal",0.5,"1","ok","./gepia_pdfs/gepia_pdfs_ph1/ph1__chromatin_vs_heme__BRD2_vs_FECH__CESC_Normal__spearman.pdf"
"ph1","chromatin_vs_heme","BRD2","FECH","CHOL_Normal",-0.42,"0.27","ok","./gepia_pdfs/gepia_pdfs_ph1/ph1__chromatin_vs_heme__BRD2_vs_FECH__CHOL_Normal__spearman.pdf"
"ph1","chromatin_vs_heme","BRD2","FECH","COAD_Normal",0.08,"0.62","ok","./gepia_pdfs/gepia_pdfs_ph1/ph1__chromatin_vs_heme__BRD2_vs_FECH__COAD_Normal__spearman.pdf"
"ph1","chromatin_vs_heme","BRD2","FECH","ESCA_Normal",0.7,"0.0096","ok","./gepia_pdfs/gepia_pdfs_ph1/ph1__chromatin_vs_heme__BRD2_vs_FECH__ESCA_Normal__spearman.pdf"
"ph1","chromatin_vs_heme","BRD2","FECH","HNSC_Normal",0.12,"0.43","ok","./gepia_pdfs/gepia_pdfs_ph1/ph1__chromatin_vs_heme__BRD2_vs_FECH__HNSC_Normal__spearman.pdf"
"ph1","chromatin_vs_heme","BRD2","FECH","KICH_Normal",0.21,"0.3","ok","./gepia_pdfs/gepia_pdfs_ph1/ph1__chromatin_vs_heme__BRD2_vs_FECH__KICH_Normal__spearman.pdf"
"ph1","chromatin_vs_heme","BRD2","FECH","KIRC_Normal",0.28,"0.016","ok","./gepia_pdfs/gepia_pdfs_ph1/ph1__chromatin_vs_heme__BRD2_vs_FECH__KIRC_Normal__spearman.pdf"
"ph1","chromatin_vs_heme","BRD2","FECH","KIRP_Normal",0.25,"0.16","ok","./gepia_pdfs/gepia_pdfs_ph1/ph1__chromatin_vs_heme__BRD2_vs_FECH__KIRP_Normal__spearman.pdf"
"ph1","chromatin_vs_heme","BRD2","FECH","LIHC_Normal",0.096,"0.51","ok","./gepia_pdfs/gepia_pdfs_ph1/ph1__chromatin_vs_heme__BRD2_vs_FECH__LIHC_Normal__spearman.pdf"
"ph1","chromatin_vs_heme","BRD2","FECH","LUAD_Normal",0.15,"0.25","ok","./gepia_pdfs/gepia_pdfs_ph1/ph1__chromatin_vs_heme__BRD2_vs_FECH__LUAD_Normal__spearman.pdf"
"ph1","chromatin_vs_heme","BRD2","FECH","LUSC_Normal",0.21,"0.14","ok","./gepia_pdfs/gepia_pdfs_ph1/ph1__chromatin_vs_heme__BRD2_vs_FECH__LUSC_Normal__spearman.pdf"
"ph1","chromatin_vs_heme","BRD2","FECH","PAAD_Normal",-0.4,"0.75","ok","./gepia_pdfs/gepia_pdfs_ph1/ph1__chromatin_vs_heme__BRD2_vs_FECH__PAAD_Normal__spearman.pdf"
"ph1","chromatin_vs_heme","BRD2","FECH","PCPG_Normal",0.5,"1","ok","./gepia_pdfs/gepia_pdfs_ph1/ph1__chromatin_vs_heme__BRD2_vs_FECH__PCPG_Normal__spearman.pdf"
"ph1","chromatin_vs_heme","BRD2","FECH","PRAD_Normal",0.31,"0.025","ok","./gepia_pdfs/gepia_pdfs_ph1/ph1__chromatin_vs_heme__BRD2_vs_FECH__PRAD_Normal__spearman.pdf"
"ph1","chromatin_vs_heme","BRD2","FECH","READ_Normal",0.33,"0.35","ok","./gepia_pdfs/gepia_pdfs_ph1/ph1__chromatin_vs_heme__BRD2_vs_FECH__READ_Normal__spearman.pdf"
"ph1","chromatin_vs_heme","BRD2","FECH","SARC_Normal",1,"1","ok","./gepia_pdfs/gepia_pdfs_ph1/ph1__chromatin_vs_heme__BRD2_vs_FECH__SARC_Normal__spearman.pdf"
"ph1","chromatin_vs_heme","BRD2","FECH","SKCM_Normal",NA,NA,"extraction_failed","./gepia_pdfs/gepia_pdfs_ph1/ph1__chromatin_vs_heme__BRD2_vs_FECH__SKCM_Normal__spearman.pdf"
"ph1","chromatin_vs_heme","BRD2","FECH","STAD_Normal",0.72,"2e-06","ok","./gepia_pdfs/gepia_pdfs_ph1/ph1__chromatin_vs_heme__BRD2_vs_FECH__STAD_Normal__spearman.pdf"
"ph1","chromatin_vs_heme","BRD2","FECH","THCA_Normal",0.62,"1.4e-07","ok","./gepia_pdfs/gepia_pdfs_ph1/ph1__chromatin_vs_heme__BRD2_vs_FECH__THCA_Normal__spearman.pdf"
"ph1","chromatin_vs_heme","BRD2","FECH","THYM_Normal",1,"1","ok","./gepia_pdfs/gepia_pdfs_ph1/ph1__chromatin_vs_heme__BRD2_vs_FECH__THYM_Normal__spearman.pdf"
"ph1","chromatin_vs_heme","BRD2","FECH","UCEC_Normal",0.12,"0.7","ok","./gepia_pdfs/gepia_pdfs_ph1/ph1__chromatin_vs_heme__BRD2_vs_FECH__UCEC_Normal__spearman.pdf"
"ph1","chromatin_vs_heme","BRD2","HMBS","BLCA_Normal",-0.38,"0.11","ok","./gepia_pdfs/gepia_pdfs_ph1/ph1__chromatin_vs_heme__BRD2_vs_HMBS__BLCA_Normal__spearman.pdf"
"ph1","chromatin_vs_heme","BRD2","HMBS","BRCA_Normal",0.14,"0.15","ok","./gepia_pdfs/gepia_pdfs_ph1/ph1__chromatin_vs_heme__BRD2_vs_HMBS__BRCA_Normal__spearman.pdf"
"ph1","chromatin_vs_heme","BRD2","HMBS","CESC_Normal",0.5,"1","ok","./gepia_pdfs/gepia_pdfs_ph1/ph1__chromatin_vs_heme__BRD2_vs_HMBS__CESC_Normal__spearman.pdf"
"ph1","chromatin_vs_heme","BRD2","HMBS","CHOL_Normal",-0.4,"0.29","ok","./gepia_pdfs/gepia_pdfs_ph1/ph1__chromatin_vs_heme__BRD2_vs_HMBS__CHOL_Normal__spearman.pdf"
"ph1","chromatin_vs_heme","BRD2","HMBS","COAD_Normal",0.27,"0.094","ok","./gepia_pdfs/gepia_pdfs_ph1/ph1__chromatin_vs_heme__BRD2_vs_HMBS__COAD_Normal__spearman.pdf"
"ph1","chromatin_vs_heme","BRD2","HMBS","ESCA_Normal",0.75,"0.0044","ok","./gepia_pdfs/gepia_pdfs_ph1/ph1__chromatin_vs_heme__BRD2_vs_HMBS__ESCA_Normal__spearman.pdf"
"ph1","chromatin_vs_heme","BRD2","HMBS","HNSC_Normal",0.16,"0.29","ok","./gepia_pdfs/gepia_pdfs_ph1/ph1__chromatin_vs_heme__BRD2_vs_HMBS__HNSC_Normal__spearman.pdf"
"ph1","chromatin_vs_heme","BRD2","HMBS","KICH_Normal",-0.05,"0.81","ok","./gepia_pdfs/gepia_pdfs_ph1/ph1__chromatin_vs_heme__BRD2_vs_HMBS__KICH_Normal__spearman.pdf"
"ph1","chromatin_vs_heme","BRD2","HMBS","KIRC_Normal",0.47,"3.1e-05","ok","./gepia_pdfs/gepia_pdfs_ph1/ph1__chromatin_vs_heme__BRD2_vs_HMBS__KIRC_Normal__spearman.pdf"
"ph1","chromatin_vs_heme","BRD2","HMBS","KIRP_Normal",0.42,"0.018","ok","./gepia_pdfs/gepia_pdfs_ph1/ph1__chromatin_vs_heme__BRD2_vs_HMBS__KIRP_Normal__spearman.pdf"
"ph1","chromatin_vs_heme","BRD2","HMBS","LIHC_Normal",0.19,"0.18","ok","./gepia_pdfs/gepia_pdfs_ph1/ph1__chromatin_vs_heme__BRD2_vs_HMBS__LIHC_Normal__spearman.pdf"
"ph1","chromatin_vs_heme","BRD2","HMBS","LUAD_Normal",-0.4,"0.0017","ok","./gepia_pdfs/gepia_pdfs_ph1/ph1__chromatin_vs_heme__BRD2_vs_HMBS__LUAD_Normal__spearman.pdf"
"ph1","chromatin_vs_heme","BRD2","HMBS","LUSC_Normal",-0.35,"0.013","ok","./gepia_pdfs/gepia_pdfs_ph1/ph1__chromatin_vs_heme__BRD2_vs_HMBS__LUSC_Normal__spearman.pdf"
"ph1","chromatin_vs_heme","BRD2","HMBS","PAAD_Normal",-0.2,"0.92","ok","./gepia_pdfs/gepia_pdfs_ph1/ph1__chromatin_vs_heme__BRD2_vs_HMBS__PAAD_Normal__spearman.pdf"
"ph1","chromatin_vs_heme","BRD2","HMBS","PCPG_Normal",0.5,"1","ok","./gepia_pdfs/gepia_pdfs_ph1/ph1__chromatin_vs_heme__BRD2_vs_HMBS__PCPG_Normal__spearman.pdf"
"ph1","chromatin_vs_heme","BRD2","HMBS","PRAD_Normal",0.31,"0.024","ok","./gepia_pdfs/gepia_pdfs_ph1/ph1__chromatin_vs_heme__BRD2_vs_HMBS__PRAD_Normal__spearman.pdf"
"ph1","chromatin_vs_heme","BRD2","HMBS","READ_Normal",-0.68,"0.035","ok","./gepia_pdfs/gepia_pdfs_ph1/ph1__chromatin_vs_heme__BRD2_vs_HMBS__READ_Normal__spearman.pdf"
"ph1","chromatin_vs_heme","BRD2","HMBS","SARC_Normal",-1,"1","ok","./gepia_pdfs/gepia_pdfs_ph1/ph1__chromatin_vs_heme__BRD2_vs_HMBS__SARC_Normal__spearman.pdf"
"ph1","chromatin_vs_heme","BRD2","HMBS","SKCM_Normal",NA,NA,"extraction_failed","./gepia_pdfs/gepia_pdfs_ph1/ph1__chromatin_vs_heme__BRD2_vs_HMBS__SKCM_Normal__spearman.pdf"
"ph1","chromatin_vs_heme","BRD2","HMBS","STAD_Normal",-0.15,"0.39","ok","./gepia_pdfs/gepia_pdfs_ph1/ph1__chromatin_vs_heme__BRD2_vs_HMBS__STAD_Normal__spearman.pdf"
"ph1","chromatin_vs_heme","BRD2","HMBS","THCA_Normal",-0.032,"0.81","ok","./gepia_pdfs/gepia_pdfs_ph1/ph1__chromatin_vs_heme__BRD2_vs_HMBS__THCA_Normal__spearman.pdf"
"ph1","chromatin_vs_heme","BRD2","HMBS","THYM_Normal",1,"1","ok","./gepia_pdfs/gepia_pdfs_ph1/ph1__chromatin_vs_heme__BRD2_vs_HMBS__THYM_Normal__spearman.pdf"
"ph1","chromatin_vs_heme","BRD2","HMBS","UCEC_Normal",-0.082,"0.79","ok","./gepia_pdfs/gepia_pdfs_ph1/ph1__chromatin_vs_heme__BRD2_vs_HMBS__UCEC_Normal__spearman.pdf"
"ph1","chromatin_vs_heme","BRD2","PPOX","BLCA_Normal",0.14,"0.58","ok","./gepia_pdfs/gepia_pdfs_ph1/ph1__chromatin_vs_heme__BRD2_vs_PPOX__BLCA_Normal__spearman.pdf"
"ph1","chromatin_vs_heme","BRD2","PPOX","BRCA_Normal",0.72,"3.2e-19","ok","./gepia_pdfs/gepia_pdfs_ph1/ph1__chromatin_vs_heme__BRD2_vs_PPOX__BRCA_Normal__spearman.pdf"
"ph1","chromatin_vs_heme","BRD2","PPOX","CESC_Normal",1,"0.33","ok","./gepia_pdfs/gepia_pdfs_ph1/ph1__chromatin_vs_heme__BRD2_vs_PPOX__CESC_Normal__spearman.pdf"
"ph1","chromatin_vs_heme","BRD2","PPOX","CHOL_Normal",-0.067,"0.88","ok","./gepia_pdfs/gepia_pdfs_ph1/ph1__chromatin_vs_heme__BRD2_vs_PPOX__CHOL_Normal__spearman.pdf"
"ph1","chromatin_vs_heme","BRD2","PPOX","COAD_Normal",0.22,"0.16","ok","./gepia_pdfs/gepia_pdfs_ph1/ph1__chromatin_vs_heme__BRD2_vs_PPOX__COAD_Normal__spearman.pdf"
"ph1","chromatin_vs_heme","BRD2","PPOX","ESCA_Normal",0.64,"0.021","ok","./gepia_pdfs/gepia_pdfs_ph1/ph1__chromatin_vs_heme__BRD2_vs_PPOX__ESCA_Normal__spearman.pdf"
"ph1","chromatin_vs_heme","BRD2","PPOX","HNSC_Normal",0.23,"0.14","ok","./gepia_pdfs/gepia_pdfs_ph1/ph1__chromatin_vs_heme__BRD2_vs_PPOX__HNSC_Normal__spearman.pdf"
"ph1","chromatin_vs_heme","BRD2","PPOX","KICH_Normal",0.18,"0.38","ok","./gepia_pdfs/gepia_pdfs_ph1/ph1__chromatin_vs_heme__BRD2_vs_PPOX__KICH_Normal__spearman.pdf"
"ph1","chromatin_vs_heme","BRD2","PPOX","KIRC_Normal",0.37,"0.0015","ok","./gepia_pdfs/gepia_pdfs_ph1/ph1__chromatin_vs_heme__BRD2_vs_PPOX__KIRC_Normal__spearman.pdf"
"ph1","chromatin_vs_heme","BRD2","PPOX","KIRP_Normal",0.63,"0.00011","ok","./gepia_pdfs/gepia_pdfs_ph1/ph1__chromatin_vs_heme__BRD2_vs_PPOX__KIRP_Normal__spearman.pdf"
"ph1","chromatin_vs_heme","BRD2","PPOX","LIHC_Normal",0.26,"0.072","ok","./gepia_pdfs/gepia_pdfs_ph1/ph1__chromatin_vs_heme__BRD2_vs_PPOX__LIHC_Normal__spearman.pdf"
"ph1","chromatin_vs_heme","BRD2","PPOX","LUAD_Normal",0.3,"0.02","ok","./gepia_pdfs/gepia_pdfs_ph1/ph1__chromatin_vs_heme__BRD2_vs_PPOX__LUAD_Normal__spearman.pdf"
"ph1","chromatin_vs_heme","BRD2","PPOX","LUSC_Normal",0.09,"0.53","ok","./gepia_pdfs/gepia_pdfs_ph1/ph1__chromatin_vs_heme__BRD2_vs_PPOX__LUSC_Normal__spearman.pdf"
"ph1","chromatin_vs_heme","BRD2","PPOX","PAAD_Normal",1,"0.083","ok","./gepia_pdfs/gepia_pdfs_ph1/ph1__chromatin_vs_heme__BRD2_vs_PPOX__PAAD_Normal__spearman.pdf"
"ph1","chromatin_vs_heme","BRD2","PPOX","PCPG_Normal",-0.5,"1","ok","./gepia_pdfs/gepia_pdfs_ph1/ph1__chromatin_vs_heme__BRD2_vs_PPOX__PCPG_Normal__spearman.pdf"
"ph1","chromatin_vs_heme","BRD2","PPOX","PRAD_Normal",0.32,"0.022","ok","./gepia_pdfs/gepia_pdfs_ph1/ph1__chromatin_vs_heme__BRD2_vs_PPOX__PRAD_Normal__spearman.pdf"
"ph1","chromatin_vs_heme","BRD2","PPOX","READ_Normal",0.5,"0.14","ok","./gepia_pdfs/gepia_pdfs_ph1/ph1__chromatin_vs_heme__BRD2_vs_PPOX__READ_Normal__spearman.pdf"
"ph1","chromatin_vs_heme","BRD2","PPOX","SARC_Normal",-1,"1","ok","./gepia_pdfs/gepia_pdfs_ph1/ph1__chromatin_vs_heme__BRD2_vs_PPOX__SARC_Normal__spearman.pdf"
"ph1","chromatin_vs_heme","BRD2","PPOX","SKCM_Normal",NA,NA,"extraction_failed","./gepia_pdfs/gepia_pdfs_ph1/ph1__chromatin_vs_heme__BRD2_vs_PPOX__SKCM_Normal__spearman.pdf"
"ph1","chromatin_vs_heme","BRD2","PPOX","STAD_Normal",0.76,"6.8e-08","ok","./gepia_pdfs/gepia_pdfs_ph1/ph1__chromatin_vs_heme__BRD2_vs_PPOX__STAD_Normal__spearman.pdf"
"ph1","chromatin_vs_heme","BRD2","PPOX","THCA_Normal",0.15,"0.25","ok","./gepia_pdfs/gepia_pdfs_ph1/ph1__chromatin_vs_heme__BRD2_vs_PPOX__THCA_Normal__spearman.pdf"
"ph1","chromatin_vs_heme","BRD2","PPOX","THYM_Normal",1,"1","ok","./gepia_pdfs/gepia_pdfs_ph1/ph1__chromatin_vs_heme__BRD2_vs_PPOX__THYM_Normal__spearman.pdf"
"ph1","chromatin_vs_heme","BRD2","PPOX","UCEC_Normal",0.25,"0.4","ok","./gepia_pdfs/gepia_pdfs_ph1/ph1__chromatin_vs_heme__BRD2_vs_PPOX__UCEC_Normal__spearman.pdf"
"ph1","chromatin_vs_heme","BRD2","UROD","BLCA_Normal",-0.53,"0.021","ok","./gepia_pdfs/gepia_pdfs_ph1/ph1__chromatin_vs_heme__BRD2_vs_UROD__BLCA_Normal__spearman.pdf"
"ph1","chromatin_vs_heme","BRD2","UROD","BRCA_Normal",-0.28,"0.0028","ok","./gepia_pdfs/gepia_pdfs_ph1/ph1__chromatin_vs_heme__BRD2_vs_UROD__BRCA_Normal__spearman.pdf"
"ph1","chromatin_vs_heme","BRD2","UROD","CESC_Normal",0.5,"1","ok","./gepia_pdfs/gepia_pdfs_ph1/ph1__chromatin_vs_heme__BRD2_vs_UROD__CESC_Normal__spearman.pdf"
"ph1","chromatin_vs_heme","BRD2","UROD","CHOL_Normal",-0.42,"0.27","ok","./gepia_pdfs/gepia_pdfs_ph1/ph1__chromatin_vs_heme__BRD2_vs_UROD__CHOL_Normal__spearman.pdf"
"ph1","chromatin_vs_heme","BRD2","UROD","COAD_Normal",-0.28,"0.074","ok","./gepia_pdfs/gepia_pdfs_ph1/ph1__chromatin_vs_heme__BRD2_vs_UROD__COAD_Normal__spearman.pdf"
"ph1","chromatin_vs_heme","BRD2","UROD","ESCA_Normal",0.87,"0.00012","ok","./gepia_pdfs/gepia_pdfs_ph1/ph1__chromatin_vs_heme__BRD2_vs_UROD__ESCA_Normal__spearman.pdf"
"ph1","chromatin_vs_heme","BRD2","UROD","HNSC_Normal",-0.072,"0.64","ok","./gepia_pdfs/gepia_pdfs_ph1/ph1__chromatin_vs_heme__BRD2_vs_UROD__HNSC_Normal__spearman.pdf"
"ph1","chromatin_vs_heme","BRD2","UROD","KICH_Normal",-0.32,"0.11","ok","./gepia_pdfs/gepia_pdfs_ph1/ph1__chromatin_vs_heme__BRD2_vs_UROD__KICH_Normal__spearman.pdf"
"ph1","chromatin_vs_heme","BRD2","UROD","KIRC_Normal",0.15,"0.2","ok","./gepia_pdfs/gepia_pdfs_ph1/ph1__chromatin_vs_heme__BRD2_vs_UROD__KIRC_Normal__spearman.pdf"
"ph1","chromatin_vs_heme","BRD2","UROD","KIRP_Normal",0.34,"0.055","ok","./gepia_pdfs/gepia_pdfs_ph1/ph1__chromatin_vs_heme__BRD2_vs_UROD__KIRP_Normal__spearman.pdf"
"ph1","chromatin_vs_heme","BRD2","UROD","LIHC_Normal",0.11,"0.46","ok","./gepia_pdfs/gepia_pdfs_ph1/ph1__chromatin_vs_heme__BRD2_vs_UROD__LIHC_Normal__spearman.pdf"
"ph1","chromatin_vs_heme","BRD2","UROD","LUAD_Normal",-0.36,"0.0055","ok","./gepia_pdfs/gepia_pdfs_ph1/ph1__chromatin_vs_heme__BRD2_vs_UROD__LUAD_Normal__spearman.pdf"
"ph1","chromatin_vs_heme","BRD2","UROD","LUSC_Normal",-0.39,"0.006","ok","./gepia_pdfs/gepia_pdfs_ph1/ph1__chromatin_vs_heme__BRD2_vs_UROD__LUSC_Normal__spearman.pdf"
"ph1","chromatin_vs_heme","BRD2","UROD","PAAD_Normal",-0.8,"0.33","ok","./gepia_pdfs/gepia_pdfs_ph1/ph1__chromatin_vs_heme__BRD2_vs_UROD__PAAD_Normal__spearman.pdf"
"ph1","chromatin_vs_heme","BRD2","UROD","PCPG_Normal",1,"0.33","ok","./gepia_pdfs/gepia_pdfs_ph1/ph1__chromatin_vs_heme__BRD2_vs_UROD__PCPG_Normal__spearman.pdf"
"ph1","chromatin_vs_heme","BRD2","UROD","PRAD_Normal",0.086,"0.55","ok","./gepia_pdfs/gepia_pdfs_ph1/ph1__chromatin_vs_heme__BRD2_vs_UROD__PRAD_Normal__spearman.pdf"
"ph1","chromatin_vs_heme","BRD2","UROD","READ_Normal",-0.15,"0.68","ok","./gepia_pdfs/gepia_pdfs_ph1/ph1__chromatin_vs_heme__BRD2_vs_UROD__READ_Normal__spearman.pdf"
"ph1","chromatin_vs_heme","BRD2","UROD","SARC_Normal",-1,"1","ok","./gepia_pdfs/gepia_pdfs_ph1/ph1__chromatin_vs_heme__BRD2_vs_UROD__SARC_Normal__spearman.pdf"
"ph1","chromatin_vs_heme","BRD2","UROD","SKCM_Normal",NA,NA,"extraction_failed","./gepia_pdfs/gepia_pdfs_ph1/ph1__chromatin_vs_heme__BRD2_vs_UROD__SKCM_Normal__spearman.pdf"
"ph1","chromatin_vs_heme","BRD2","UROD","STAD_Normal",0.66,"2.3e-05","ok","./gepia_pdfs/gepia_pdfs_ph1/ph1__chromatin_vs_heme__BRD2_vs_UROD__STAD_Normal__spearman.pdf"
"ph1","chromatin_vs_heme","BRD2","UROD","THCA_Normal",0.24,"0.066","ok","./gepia_pdfs/gepia_pdfs_ph1/ph1__chromatin_vs_heme__BRD2_vs_UROD__THCA_Normal__spearman.pdf"
"ph1","chromatin_vs_heme","BRD2","UROD","THYM_Normal",1,"1","ok","./gepia_pdfs/gepia_pdfs_ph1/ph1__chromatin_vs_heme__BRD2_vs_UROD__THYM_Normal__spearman.pdf"
"ph1","chromatin_vs_heme","BRD2","UROD","UCEC_Normal",-0.53,"0.064","ok","./gepia_pdfs/gepia_pdfs_ph1/ph1__chromatin_vs_heme__BRD2_vs_UROD__UCEC_Normal__spearman.pdf"
"ph1","chromatin_vs_heme","BRD2","UROS","BLCA_Normal",-0.63,"0.0046","ok","./gepia_pdfs/gepia_pdfs_ph1/ph1__chromatin_vs_heme__BRD2_vs_UROS__BLCA_Normal__spearman.pdf"
"ph1","chromatin_vs_heme","BRD2","UROS","BRCA_Normal",-0.096,"0.31","ok","./gepia_pdfs/gepia_pdfs_ph1/ph1__chromatin_vs_heme__BRD2_vs_UROS__BRCA_Normal__spearman.pdf"
"ph1","chromatin_vs_heme","BRD2","UROS","CESC_Normal",0.5,"1","ok","./gepia_pdfs/gepia_pdfs_ph1/ph1__chromatin_vs_heme__BRD2_vs_UROS__CESC_Normal__spearman.pdf"
"ph1","chromatin_vs_heme","BRD2","UROS","CHOL_Normal",-0.45,"0.23","ok","./gepia_pdfs/gepia_pdfs_ph1/ph1__chromatin_vs_heme__BRD2_vs_UROS__CHOL_Normal__spearman.pdf"
"ph1","chromatin_vs_heme","BRD2","UROS","COAD_Normal",-0.089,"0.58","ok","./gepia_pdfs/gepia_pdfs_ph1/ph1__chromatin_vs_heme__BRD2_vs_UROS__COAD_Normal__spearman.pdf"
"ph1","chromatin_vs_heme","BRD2","UROS","ESCA_Normal",0.97,"0","ok","./gepia_pdfs/gepia_pdfs_ph1/ph1__chromatin_vs_heme__BRD2_vs_UROS__ESCA_Normal__spearman.pdf"
"ph1","chromatin_vs_heme","BRD2","UROS","HNSC_Normal",-0.19,"0.22","ok","./gepia_pdfs/gepia_pdfs_ph1/ph1__chromatin_vs_heme__BRD2_vs_UROS__HNSC_Normal__spearman.pdf"
"ph1","chromatin_vs_heme","BRD2","UROS","KICH_Normal",-0.33,"0.1","ok","./gepia_pdfs/gepia_pdfs_ph1/ph1__chromatin_vs_heme__BRD2_vs_UROS__KICH_Normal__spearman.pdf"
"ph1","chromatin_vs_heme","BRD2","UROS","KIRC_Normal",0.17,"0.15","ok","./gepia_pdfs/gepia_pdfs_ph1/ph1__chromatin_vs_heme__BRD2_vs_UROS__KIRC_Normal__spearman.pdf"
"ph1","chromatin_vs_heme","BRD2","UROS","KIRP_Normal",0.28,"0.12","ok","./gepia_pdfs/gepia_pdfs_ph1/ph1__chromatin_vs_heme__BRD2_vs_UROS__KIRP_Normal__spearman.pdf"
"ph1","chromatin_vs_heme","BRD2","UROS","LIHC_Normal",-0.001,"0.99","ok","./gepia_pdfs/gepia_pdfs_ph1/ph1__chromatin_vs_heme__BRD2_vs_UROS__LIHC_Normal__spearman.pdf"
"ph1","chromatin_vs_heme","BRD2","UROS","LUAD_Normal",-0.23,"0.078","ok","./gepia_pdfs/gepia_pdfs_ph1/ph1__chromatin_vs_heme__BRD2_vs_UROS__LUAD_Normal__spearman.pdf"
"ph1","chromatin_vs_heme","BRD2","UROS","LUSC_Normal",-0.34,"0.017","ok","./gepia_pdfs/gepia_pdfs_ph1/ph1__chromatin_vs_heme__BRD2_vs_UROS__LUSC_Normal__spearman.pdf"
"ph1","chromatin_vs_heme","BRD2","UROS","PAAD_Normal",-0.4,"0.75","ok","./gepia_pdfs/gepia_pdfs_ph1/ph1__chromatin_vs_heme__BRD2_vs_UROS__PAAD_Normal__spearman.pdf"
"ph1","chromatin_vs_heme","BRD2","UROS","PCPG_Normal",0.5,"1","ok","./gepia_pdfs/gepia_pdfs_ph1/ph1__chromatin_vs_heme__BRD2_vs_UROS__PCPG_Normal__spearman.pdf"
"ph1","chromatin_vs_heme","BRD2","UROS","PRAD_Normal",-0.081,"0.57","ok","./gepia_pdfs/gepia_pdfs_ph1/ph1__chromatin_vs_heme__BRD2_vs_UROS__PRAD_Normal__spearman.pdf"
"ph1","chromatin_vs_heme","BRD2","UROS","READ_Normal",0.27,"0.45","ok","./gepia_pdfs/gepia_pdfs_ph1/ph1__chromatin_vs_heme__BRD2_vs_UROS__READ_Normal__spearman.pdf"
"ph1","chromatin_vs_heme","BRD2","UROS","SARC_Normal",-1,"1","ok","./gepia_pdfs/gepia_pdfs_ph1/ph1__chromatin_vs_heme__BRD2_vs_UROS__SARC_Normal__spearman.pdf"
"ph1","chromatin_vs_heme","BRD2","UROS","SKCM_Normal",NA,NA,"extraction_failed","./gepia_pdfs/gepia_pdfs_ph1/ph1__chromatin_vs_heme__BRD2_vs_UROS__SKCM_Normal__spearman.pdf"
"ph1","chromatin_vs_heme","BRD2","UROS","STAD_Normal",0.52,"0.0015","ok","./gepia_pdfs/gepia_pdfs_ph1/ph1__chromatin_vs_heme__BRD2_vs_UROS__STAD_Normal__spearman.pdf"
"ph1","chromatin_vs_heme","BRD2","UROS","THCA_Normal",0.21,"0.11","ok","./gepia_pdfs/gepia_pdfs_ph1/ph1__chromatin_vs_heme__BRD2_vs_UROS__THCA_Normal__spearman.pdf"
"ph1","chromatin_vs_heme","BRD2","UROS","THYM_Normal",1,"1","ok","./gepia_pdfs/gepia_pdfs_ph1/ph1__chromatin_vs_heme__BRD2_vs_UROS__THYM_Normal__spearman.pdf"
"ph1","chromatin_vs_heme","BRD2","UROS","UCEC_Normal",-0.48,"0.097","ok","./gepia_pdfs/gepia_pdfs_ph1/ph1__chromatin_vs_heme__BRD2_vs_UROS__UCEC_Normal__spearman.pdf"
"ph1","chromatin_vs_heme","BRD4","ALAD","BLCA_Normal",0.38,"0.11","ok","./gepia_pdfs/gepia_pdfs_ph1/ph1__chromatin_vs_heme__BRD4_vs_ALAD__BLCA_Normal__spearman.pdf"
"ph1","chromatin_vs_heme","BRD4","ALAD","BRCA_Normal",0.15,"0.13","ok","./gepia_pdfs/gepia_pdfs_ph1/ph1__chromatin_vs_heme__BRD4_vs_ALAD__BRCA_Normal__spearman.pdf"
"ph1","chromatin_vs_heme","BRD4","ALAD","CESC_Normal",0.5,"1","ok","./gepia_pdfs/gepia_pdfs_ph1/ph1__chromatin_vs_heme__BRD4_vs_ALAD__CESC_Normal__spearman.pdf"
"ph1","chromatin_vs_heme","BRD4","ALAD","CHOL_Normal",0.13,"0.74","ok","./gepia_pdfs/gepia_pdfs_ph1/ph1__chromatin_vs_heme__BRD4_vs_ALAD__CHOL_Normal__spearman.pdf"
"ph1","chromatin_vs_heme","BRD4","ALAD","COAD_Normal",0.26,"0.099","ok","./gepia_pdfs/gepia_pdfs_ph1/ph1__chromatin_vs_heme__BRD4_vs_ALAD__COAD_Normal__spearman.pdf"
"ph1","chromatin_vs_heme","BRD4","ALAD","ESCA_Normal",0.21,"0.48","ok","./gepia_pdfs/gepia_pdfs_ph1/ph1__chromatin_vs_heme__BRD4_vs_ALAD__ESCA_Normal__spearman.pdf"
"ph1","chromatin_vs_heme","BRD4","ALAD","HNSC_Normal",0.56,"9.5e-05","ok","./gepia_pdfs/gepia_pdfs_ph1/ph1__chromatin_vs_heme__BRD4_vs_ALAD__HNSC_Normal__spearman.pdf"
"ph1","chromatin_vs_heme","BRD4","ALAD","KICH_Normal",-0.38,"0.064","ok","./gepia_pdfs/gepia_pdfs_ph1/ph1__chromatin_vs_heme__BRD4_vs_ALAD__KICH_Normal__spearman.pdf"
"ph1","chromatin_vs_heme","BRD4","ALAD","KIRC_Normal",-0.13,"0.26","ok","./gepia_pdfs/gepia_pdfs_ph1/ph1__chromatin_vs_heme__BRD4_vs_ALAD__KIRC_Normal__spearman.pdf"
"ph1","chromatin_vs_heme","BRD4","ALAD","KIRP_Normal",-0.18,"0.31","ok","./gepia_pdfs/gepia_pdfs_ph1/ph1__chromatin_vs_heme__BRD4_vs_ALAD__KIRP_Normal__spearman.pdf"
"ph1","chromatin_vs_heme","BRD4","ALAD","LIHC_Normal",0.36,"0.011","ok","./gepia_pdfs/gepia_pdfs_ph1/ph1__chromatin_vs_heme__BRD4_vs_ALAD__LIHC_Normal__spearman.pdf"
"ph1","chromatin_vs_heme","BRD4","ALAD","LUAD_Normal",0.6,"4.2e-07","ok","./gepia_pdfs/gepia_pdfs_ph1/ph1__chromatin_vs_heme__BRD4_vs_ALAD__LUAD_Normal__spearman.pdf"
"ph1","chromatin_vs_heme","BRD4","ALAD","LUSC_Normal",0.55,"3.8e-05","ok","./gepia_pdfs/gepia_pdfs_ph1/ph1__chromatin_vs_heme__BRD4_vs_ALAD__LUSC_Normal__spearman.pdf"
"ph1","chromatin_vs_heme","BRD4","ALAD","PAAD_Normal",-0.8,"0.33","ok","./gepia_pdfs/gepia_pdfs_ph1/ph1__chromatin_vs_heme__BRD4_vs_ALAD__PAAD_Normal__spearman.pdf"
"ph1","chromatin_vs_heme","BRD4","ALAD","PCPG_Normal",0.5,"1","ok","./gepia_pdfs/gepia_pdfs_ph1/ph1__chromatin_vs_heme__BRD4_vs_ALAD__PCPG_Normal__spearman.pdf"
"ph1","chromatin_vs_heme","BRD4","ALAD","PRAD_Normal",0.3,"0.031","ok","./gepia_pdfs/gepia_pdfs_ph1/ph1__chromatin_vs_heme__BRD4_vs_ALAD__PRAD_Normal__spearman.pdf"
"ph1","chromatin_vs_heme","BRD4","ALAD","READ_Normal",0.15,"0.68","ok","./gepia_pdfs/gepia_pdfs_ph1/ph1__chromatin_vs_heme__BRD4_vs_ALAD__READ_Normal__spearman.pdf"
"ph1","chromatin_vs_heme","BRD4","ALAD","SARC_Normal",1,"1","ok","./gepia_pdfs/gepia_pdfs_ph1/ph1__chromatin_vs_heme__BRD4_vs_ALAD__SARC_Normal__spearman.pdf"
"ph1","chromatin_vs_heme","BRD4","ALAD","SKCM_Normal",NA,NA,"extraction_failed","./gepia_pdfs/gepia_pdfs_ph1/ph1__chromatin_vs_heme__BRD4_vs_ALAD__SKCM_Normal__spearman.pdf"
"ph1","chromatin_vs_heme","BRD4","ALAD","STAD_Normal",0.53,"0.0012","ok","./gepia_pdfs/gepia_pdfs_ph1/ph1__chromatin_vs_heme__BRD4_vs_ALAD__STAD_Normal__spearman.pdf"
"ph1","chromatin_vs_heme","BRD4","ALAD","THCA_Normal",0.45,"0.00031","ok","./gepia_pdfs/gepia_pdfs_ph1/ph1__chromatin_vs_heme__BRD4_vs_ALAD__THCA_Normal__spearman.pdf"
"ph1","chromatin_vs_heme","BRD4","ALAD","THYM_Normal",-1,"1","ok","./gepia_pdfs/gepia_pdfs_ph1/ph1__chromatin_vs_heme__BRD4_vs_ALAD__THYM_Normal__spearman.pdf"
"ph1","chromatin_vs_heme","BRD4","ALAD","UCEC_Normal",0.53,"0.067","ok","./gepia_pdfs/gepia_pdfs_ph1/ph1__chromatin_vs_heme__BRD4_vs_ALAD__UCEC_Normal__spearman.pdf"
"ph1","chromatin_vs_heme","BRD4","ALAS1","BLCA_Normal",-0.25,"0.29","ok","./gepia_pdfs/gepia_pdfs_ph1/ph1__chromatin_vs_heme__BRD4_vs_ALAS1__BLCA_Normal__spearman.pdf"
"ph1","chromatin_vs_heme","BRD4","ALAS1","BRCA_Normal",-0.09,"0.35","ok","./gepia_pdfs/gepia_pdfs_ph1/ph1__chromatin_vs_heme__BRD4_vs_ALAS1__BRCA_Normal__spearman.pdf"
"ph1","chromatin_vs_heme","BRD4","ALAS1","CESC_Normal",-1,"0.33","ok","./gepia_pdfs/gepia_pdfs_ph1/ph1__chromatin_vs_heme__BRD4_vs_ALAS1__CESC_Normal__spearman.pdf"
"ph1","chromatin_vs_heme","BRD4","ALAS1","CHOL_Normal",0.72,"0.037","ok","./gepia_pdfs/gepia_pdfs_ph1/ph1__chromatin_vs_heme__BRD4_vs_ALAS1__CHOL_Normal__spearman.pdf"
"ph1","chromatin_vs_heme","BRD4","ALAS1","COAD_Normal",0.1,"0.52","ok","./gepia_pdfs/gepia_pdfs_ph1/ph1__chromatin_vs_heme__BRD4_vs_ALAS1__COAD_Normal__spearman.pdf"
"ph1","chromatin_vs_heme","BRD4","ALAS1","ESCA_Normal",0.72,"0.0075","ok","./gepia_pdfs/gepia_pdfs_ph1/ph1__chromatin_vs_heme__BRD4_vs_ALAS1__ESCA_Normal__spearman.pdf"
"ph1","chromatin_vs_heme","BRD4","ALAS1","HNSC_Normal",0.42,"0.0051","ok","./gepia_pdfs/gepia_pdfs_ph1/ph1__chromatin_vs_heme__BRD4_vs_ALAS1__HNSC_Normal__spearman.pdf"
"ph1","chromatin_vs_heme","BRD4","ALAS1","KICH_Normal",0.28,"0.18","ok","./gepia_pdfs/gepia_pdfs_ph1/ph1__chromatin_vs_heme__BRD4_vs_ALAS1__KICH_Normal__spearman.pdf"
"ph1","chromatin_vs_heme","BRD4","ALAS1","KIRC_Normal",0.58,"1.6e-07","ok","./gepia_pdfs/gepia_pdfs_ph1/ph1__chromatin_vs_heme__BRD4_vs_ALAS1__KIRC_Normal__spearman.pdf"
"ph1","chromatin_vs_heme","BRD4","ALAS1","KIRP_Normal",0.55,"0.0011","ok","./gepia_pdfs/gepia_pdfs_ph1/ph1__chromatin_vs_heme__BRD4_vs_ALAS1__KIRP_Normal__spearman.pdf"
"ph1","chromatin_vs_heme","BRD4","ALAS1","LIHC_Normal",0.0015,"0.99","ok","./gepia_pdfs/gepia_pdfs_ph1/ph1__chromatin_vs_heme__BRD4_vs_ALAS1__LIHC_Normal__spearman.pdf"
"ph1","chromatin_vs_heme","BRD4","ALAS1","LUAD_Normal",0.015,"0.91","ok","./gepia_pdfs/gepia_pdfs_ph1/ph1__chromatin_vs_heme__BRD4_vs_ALAS1__LUAD_Normal__spearman.pdf"
"ph1","chromatin_vs_heme","BRD4","ALAS1","LUSC_Normal",0.5,"0.00021","ok","./gepia_pdfs/gepia_pdfs_ph1/ph1__chromatin_vs_heme__BRD4_vs_ALAS1__LUSC_Normal__spearman.pdf"
"ph1","chromatin_vs_heme","BRD4","ALAS1","PAAD_Normal",-0.4,"0.75","ok","./gepia_pdfs/gepia_pdfs_ph1/ph1__chromatin_vs_heme__BRD4_vs_ALAS1__PAAD_Normal__spearman.pdf"
"ph1","chromatin_vs_heme","BRD4","ALAS1","PCPG_Normal",0.5,"1","ok","./gepia_pdfs/gepia_pdfs_ph1/ph1__chromatin_vs_heme__BRD4_vs_ALAS1__PCPG_Normal__spearman.pdf"
"ph1","chromatin_vs_heme","BRD4","ALAS1","PRAD_Normal",0.28,"0.042","ok","./gepia_pdfs/gepia_pdfs_ph1/ph1__chromatin_vs_heme__BRD4_vs_ALAS1__PRAD_Normal__spearman.pdf"
"ph1","chromatin_vs_heme","BRD4","ALAS1","READ_Normal",0.59,"0.08","ok","./gepia_pdfs/gepia_pdfs_ph1/ph1__chromatin_vs_heme__BRD4_vs_ALAS1__READ_Normal__spearman.pdf"
"ph1","chromatin_vs_heme","BRD4","ALAS1","SARC_Normal",1,"1","ok","./gepia_pdfs/gepia_pdfs_ph1/ph1__chromatin_vs_heme__BRD4_vs_ALAS1__SARC_Normal__spearman.pdf"
"ph1","chromatin_vs_heme","BRD4","ALAS1","SKCM_Normal",NA,NA,"extraction_failed","./gepia_pdfs/gepia_pdfs_ph1/ph1__chromatin_vs_heme__BRD4_vs_ALAS1__SKCM_Normal__spearman.pdf"
"ph1","chromatin_vs_heme","BRD4","ALAS1","STAD_Normal",-0.17,"0.32","ok","./gepia_pdfs/gepia_pdfs_ph1/ph1__chromatin_vs_heme__BRD4_vs_ALAS1__STAD_Normal__spearman.pdf"
"ph1","chromatin_vs_heme","BRD4","ALAS1","THCA_Normal",0.31,"0.016","ok","./gepia_pdfs/gepia_pdfs_ph1/ph1__chromatin_vs_heme__BRD4_vs_ALAS1__THCA_Normal__spearman.pdf"
"ph1","chromatin_vs_heme","BRD4","ALAS1","THYM_Normal",-1,"1","ok","./gepia_pdfs/gepia_pdfs_ph1/ph1__chromatin_vs_heme__BRD4_vs_ALAS1__THYM_Normal__spearman.pdf"
"ph1","chromatin_vs_heme","BRD4","ALAS1","UCEC_Normal",0.24,"0.43","ok","./gepia_pdfs/gepia_pdfs_ph1/ph1__chromatin_vs_heme__BRD4_vs_ALAS1__UCEC_Normal__spearman.pdf"
"ph1","chromatin_vs_heme","BRD4","CPOX","BLCA_Normal",-0.21,"0.39","ok","./gepia_pdfs/gepia_pdfs_ph1/ph1__chromatin_vs_heme__BRD4_vs_CPOX__BLCA_Normal__spearman.pdf"
"ph1","chromatin_vs_heme","BRD4","CPOX","BRCA_Normal",0.68,"3.2e-16","ok","./gepia_pdfs/gepia_pdfs_ph1/ph1__chromatin_vs_heme__BRD4_vs_CPOX__BRCA_Normal__spearman.pdf"
"ph1","chromatin_vs_heme","BRD4","CPOX","CESC_Normal",0.5,"1","ok","./gepia_pdfs/gepia_pdfs_ph1/ph1__chromatin_vs_heme__BRD4_vs_CPOX__CESC_Normal__spearman.pdf"
"ph1","chromatin_vs_heme","BRD4","CPOX","CHOL_Normal",0.18,"0.64","ok","./gepia_pdfs/gepia_pdfs_ph1/ph1__chromatin_vs_heme__BRD4_vs_CPOX__CHOL_Normal__spearman.pdf"
"ph1","chromatin_vs_heme","BRD4","CPOX","COAD_Normal",0.43,"0.0049","ok","./gepia_pdfs/gepia_pdfs_ph1/ph1__chromatin_vs_heme__BRD4_vs_CPOX__COAD_Normal__spearman.pdf"
"ph1","chromatin_vs_heme","BRD4","CPOX","ESCA_Normal",0.69,"0.011","ok","./gepia_pdfs/gepia_pdfs_ph1/ph1__chromatin_vs_heme__BRD4_vs_CPOX__ESCA_Normal__spearman.pdf"
"ph1","chromatin_vs_heme","BRD4","CPOX","HNSC_Normal",0.61,"1.5e-05","ok","./gepia_pdfs/gepia_pdfs_ph1/ph1__chromatin_vs_heme__BRD4_vs_CPOX__HNSC_Normal__spearman.pdf"
"ph1","chromatin_vs_heme","BRD4","CPOX","KICH_Normal",0.31,"0.13","ok","./gepia_pdfs/gepia_pdfs_ph1/ph1__chromatin_vs_heme__BRD4_vs_CPOX__KICH_Normal__spearman.pdf"
"ph1","chromatin_vs_heme","BRD4","CPOX","KIRC_Normal",0.48,"2e-05","ok","./gepia_pdfs/gepia_pdfs_ph1/ph1__chromatin_vs_heme__BRD4_vs_CPOX__KIRC_Normal__spearman.pdf"
"ph1","chromatin_vs_heme","BRD4","CPOX","KIRP_Normal",0.35,"0.048","ok","./gepia_pdfs/gepia_pdfs_ph1/ph1__chromatin_vs_heme__BRD4_vs_CPOX__KIRP_Normal__spearman.pdf"
"ph1","chromatin_vs_heme","BRD4","CPOX","LIHC_Normal",0.17,"0.25","ok","./gepia_pdfs/gepia_pdfs_ph1/ph1__chromatin_vs_heme__BRD4_vs_CPOX__LIHC_Normal__spearman.pdf"
"ph1","chromatin_vs_heme","BRD4","CPOX","LUAD_Normal",0.42,"8e-04","ok","./gepia_pdfs/gepia_pdfs_ph1/ph1__chromatin_vs_heme__BRD4_vs_CPOX__LUAD_Normal__spearman.pdf"
"ph1","chromatin_vs_heme","BRD4","CPOX","LUSC_Normal",0.034,"0.82","ok","./gepia_pdfs/gepia_pdfs_ph1/ph1__chromatin_vs_heme__BRD4_vs_CPOX__LUSC_Normal__spearman.pdf"
"ph1","chromatin_vs_heme","BRD4","CPOX","PAAD_Normal",-0.4,"0.75","ok","./gepia_pdfs/gepia_pdfs_ph1/ph1__chromatin_vs_heme__BRD4_vs_CPOX__PAAD_Normal__spearman.pdf"
"ph1","chromatin_vs_heme","BRD4","CPOX","PCPG_Normal",1,"0.33","ok","./gepia_pdfs/gepia_pdfs_ph1/ph1__chromatin_vs_heme__BRD4_vs_CPOX__PCPG_Normal__spearman.pdf"
"ph1","chromatin_vs_heme","BRD4","CPOX","PRAD_Normal",0.55,"2.7e-05","ok","./gepia_pdfs/gepia_pdfs_ph1/ph1__chromatin_vs_heme__BRD4_vs_CPOX__PRAD_Normal__spearman.pdf"
"ph1","chromatin_vs_heme","BRD4","CPOX","READ_Normal",0.042,"0.92","ok","./gepia_pdfs/gepia_pdfs_ph1/ph1__chromatin_vs_heme__BRD4_vs_CPOX__READ_Normal__spearman.pdf"
"ph1","chromatin_vs_heme","BRD4","CPOX","SARC_Normal",1,"1","ok","./gepia_pdfs/gepia_pdfs_ph1/ph1__chromatin_vs_heme__BRD4_vs_CPOX__SARC_Normal__spearman.pdf"
"ph1","chromatin_vs_heme","BRD4","CPOX","SKCM_Normal",NA,NA,"extraction_failed","./gepia_pdfs/gepia_pdfs_ph1/ph1__chromatin_vs_heme__BRD4_vs_CPOX__SKCM_Normal__spearman.pdf"
"ph1","chromatin_vs_heme","BRD4","CPOX","STAD_Normal",0.5,"0.0019","ok","./gepia_pdfs/gepia_pdfs_ph1/ph1__chromatin_vs_heme__BRD4_vs_CPOX__STAD_Normal__spearman.pdf"
"ph1","chromatin_vs_heme","BRD4","CPOX","THCA_Normal",0.35,"0.0063","ok","./gepia_pdfs/gepia_pdfs_ph1/ph1__chromatin_vs_heme__BRD4_vs_CPOX__THCA_Normal__spearman.pdf"
"ph1","chromatin_vs_heme","BRD4","CPOX","THYM_Normal",1,"1","ok","./gepia_pdfs/gepia_pdfs_ph1/ph1__chromatin_vs_heme__BRD4_vs_CPOX__THYM_Normal__spearman.pdf"
"ph1","chromatin_vs_heme","BRD4","CPOX","UCEC_Normal",0.57,"0.045","ok","./gepia_pdfs/gepia_pdfs_ph1/ph1__chromatin_vs_heme__BRD4_vs_CPOX__UCEC_Normal__spearman.pdf"
"ph1","chromatin_vs_heme","BRD4","FECH","BLCA_Normal",0.45,"0.056","ok","./gepia_pdfs/gepia_pdfs_ph1/ph1__chromatin_vs_heme__BRD4_vs_FECH__BLCA_Normal__spearman.pdf"
"ph1","chromatin_vs_heme","BRD4","FECH","BRCA_Normal",0.61,"8e-13","ok","./gepia_pdfs/gepia_pdfs_ph1/ph1__chromatin_vs_heme__BRD4_vs_FECH__BRCA_Normal__spearman.pdf"
"ph1","chromatin_vs_heme","BRD4","FECH","CESC_Normal",0.5,"1","ok","./gepia_pdfs/gepia_pdfs_ph1/ph1__chromatin_vs_heme__BRD4_vs_FECH__CESC_Normal__spearman.pdf"
"ph1","chromatin_vs_heme","BRD4","FECH","CHOL_Normal",0.28,"0.46","ok","./gepia_pdfs/gepia_pdfs_ph1/ph1__chromatin_vs_heme__BRD4_vs_FECH__CHOL_Normal__spearman.pdf"
"ph1","chromatin_vs_heme","BRD4","FECH","COAD_Normal",-0.093,"0.56","ok","./gepia_pdfs/gepia_pdfs_ph1/ph1__chromatin_vs_heme__BRD4_vs_FECH__COAD_Normal__spearman.pdf"
"ph1","chromatin_vs_heme","BRD4","FECH","ESCA_Normal",0.82,"0.0011","ok","./gepia_pdfs/gepia_pdfs_ph1/ph1__chromatin_vs_heme__BRD4_vs_FECH__ESCA_Normal__spearman.pdf"
"ph1","chromatin_vs_heme","BRD4","FECH","HNSC_Normal",0.39,"0.01","ok","./gepia_pdfs/gepia_pdfs_ph1/ph1__chromatin_vs_heme__BRD4_vs_FECH__HNSC_Normal__spearman.pdf"
"ph1","chromatin_vs_heme","BRD4","FECH","KICH_Normal",0.063,"0.76","ok","./gepia_pdfs/gepia_pdfs_ph1/ph1__chromatin_vs_heme__BRD4_vs_FECH__KICH_Normal__spearman.pdf"
"ph1","chromatin_vs_heme","BRD4","FECH","KIRC_Normal",0.28,"0.017","ok","./gepia_pdfs/gepia_pdfs_ph1/ph1__chromatin_vs_heme__BRD4_vs_FECH__KIRC_Normal__spearman.pdf"
"ph1","chromatin_vs_heme","BRD4","FECH","KIRP_Normal",0.27,"0.13","ok","./gepia_pdfs/gepia_pdfs_ph1/ph1__chromatin_vs_heme__BRD4_vs_FECH__KIRP_Normal__spearman.pdf"
"ph1","chromatin_vs_heme","BRD4","FECH","LIHC_Normal",0.32,"0.024","ok","./gepia_pdfs/gepia_pdfs_ph1/ph1__chromatin_vs_heme__BRD4_vs_FECH__LIHC_Normal__spearman.pdf"
"ph1","chromatin_vs_heme","BRD4","FECH","LUAD_Normal",0.35,"0.0068","ok","./gepia_pdfs/gepia_pdfs_ph1/ph1__chromatin_vs_heme__BRD4_vs_FECH__LUAD_Normal__spearman.pdf"
"ph1","chromatin_vs_heme","BRD4","FECH","LUSC_Normal",0.25,"0.082","ok","./gepia_pdfs/gepia_pdfs_ph1/ph1__chromatin_vs_heme__BRD4_vs_FECH__LUSC_Normal__spearman.pdf"
"ph1","chromatin_vs_heme","BRD4","FECH","PAAD_Normal",-0.8,"0.33","ok","./gepia_pdfs/gepia_pdfs_ph1/ph1__chromatin_vs_heme__BRD4_vs_FECH__PAAD_Normal__spearman.pdf"
"ph1","chromatin_vs_heme","BRD4","FECH","PCPG_Normal",1,"0.33","ok","./gepia_pdfs/gepia_pdfs_ph1/ph1__chromatin_vs_heme__BRD4_vs_FECH__PCPG_Normal__spearman.pdf"
"ph1","chromatin_vs_heme","BRD4","FECH","PRAD_Normal",0.36,"0.0079","ok","./gepia_pdfs/gepia_pdfs_ph1/ph1__chromatin_vs_heme__BRD4_vs_FECH__PRAD_Normal__spearman.pdf"
"ph1","chromatin_vs_heme","BRD4","FECH","READ_Normal",-0.055,"0.89","ok","./gepia_pdfs/gepia_pdfs_ph1/ph1__chromatin_vs_heme__BRD4_vs_FECH__READ_Normal__spearman.pdf"
"ph1","chromatin_vs_heme","BRD4","FECH","SARC_Normal",1,"1","ok","./gepia_pdfs/gepia_pdfs_ph1/ph1__chromatin_vs_heme__BRD4_vs_FECH__SARC_Normal__spearman.pdf"
"ph1","chromatin_vs_heme","BRD4","FECH","SKCM_Normal",NA,NA,"extraction_failed","./gepia_pdfs/gepia_pdfs_ph1/ph1__chromatin_vs_heme__BRD4_vs_FECH__SKCM_Normal__spearman.pdf"
"ph1","chromatin_vs_heme","BRD4","FECH","STAD_Normal",0.74,"1.2e-06","ok","./gepia_pdfs/gepia_pdfs_ph1/ph1__chromatin_vs_heme__BRD4_vs_FECH__STAD_Normal__spearman.pdf"
"ph1","chromatin_vs_heme","BRD4","FECH","THCA_Normal",0.44,"0.00043","ok","./gepia_pdfs/gepia_pdfs_ph1/ph1__chromatin_vs_heme__BRD4_vs_FECH__THCA_Normal__spearman.pdf"
"ph1","chromatin_vs_heme","BRD4","FECH","THYM_Normal",1,"1","ok","./gepia_pdfs/gepia_pdfs_ph1/ph1__chromatin_vs_heme__BRD4_vs_FECH__THYM_Normal__spearman.pdf"
"ph1","chromatin_vs_heme","BRD4","FECH","UCEC_Normal",0.23,"0.45","ok","./gepia_pdfs/gepia_pdfs_ph1/ph1__chromatin_vs_heme__BRD4_vs_FECH__UCEC_Normal__spearman.pdf"
"ph1","chromatin_vs_heme","BRD4","HMBS","BLCA_Normal",-0.33,"0.17","ok","./gepia_pdfs/gepia_pdfs_ph1/ph1__chromatin_vs_heme__BRD4_vs_HMBS__BLCA_Normal__spearman.pdf"
"ph1","chromatin_vs_heme","BRD4","HMBS","BRCA_Normal",0.29,"0.0018","ok","./gepia_pdfs/gepia_pdfs_ph1/ph1__chromatin_vs_heme__BRD4_vs_HMBS__BRCA_Normal__spearman.pdf"
"ph1","chromatin_vs_heme","BRD4","HMBS","CESC_Normal",0.5,"1","ok","./gepia_pdfs/gepia_pdfs_ph1/ph1__chromatin_vs_heme__BRD4_vs_HMBS__CESC_Normal__spearman.pdf"
"ph1","chromatin_vs_heme","BRD4","HMBS","CHOL_Normal",0.017,"0.98","ok","./gepia_pdfs/gepia_pdfs_ph1/ph1__chromatin_vs_heme__BRD4_vs_HMBS__CHOL_Normal__spearman.pdf"
"ph1","chromatin_vs_heme","BRD4","HMBS","COAD_Normal",0.07,"0.67","ok","./gepia_pdfs/gepia_pdfs_ph1/ph1__chromatin_vs_heme__BRD4_vs_HMBS__COAD_Normal__spearman.pdf"
"ph1","chromatin_vs_heme","BRD4","HMBS","ESCA_Normal",0.7,"0.0096","ok","./gepia_pdfs/gepia_pdfs_ph1/ph1__chromatin_vs_heme__BRD4_vs_HMBS__ESCA_Normal__spearman.pdf"
"ph1","chromatin_vs_heme","BRD4","HMBS","HNSC_Normal",0.032,"0.84","ok","./gepia_pdfs/gepia_pdfs_ph1/ph1__chromatin_vs_heme__BRD4_vs_HMBS__HNSC_Normal__spearman.pdf"
"ph1","chromatin_vs_heme","BRD4","HMBS","KICH_Normal",-0.24,"0.26","ok","./gepia_pdfs/gepia_pdfs_ph1/ph1__chromatin_vs_heme__BRD4_vs_HMBS__KICH_Normal__spearman.pdf"
"ph1","chromatin_vs_heme","BRD4","HMBS","KIRC_Normal",0.34,"0.0034","ok","./gepia_pdfs/gepia_pdfs_ph1/ph1__chromatin_vs_heme__BRD4_vs_HMBS__KIRC_Normal__spearman.pdf"
"ph1","chromatin_vs_heme","BRD4","HMBS","KIRP_Normal",0.27,"0.14","ok","./gepia_pdfs/gepia_pdfs_ph1/ph1__chromatin_vs_heme__BRD4_vs_HMBS__KIRP_Normal__spearman.pdf"
"ph1","chromatin_vs_heme","BRD4","HMBS","LIHC_Normal",0.24,"0.087","ok","./gepia_pdfs/gepia_pdfs_ph1/ph1__chromatin_vs_heme__BRD4_vs_HMBS__LIHC_Normal__spearman.pdf"
"ph1","chromatin_vs_heme","BRD4","HMBS","LUAD_Normal",-0.45,"0.00034","ok","./gepia_pdfs/gepia_pdfs_ph1/ph1__chromatin_vs_heme__BRD4_vs_HMBS__LUAD_Normal__spearman.pdf"
"ph1","chromatin_vs_heme","BRD4","HMBS","LUSC_Normal",-0.28,"0.048","ok","./gepia_pdfs/gepia_pdfs_ph1/ph1__chromatin_vs_heme__BRD4_vs_HMBS__LUSC_Normal__spearman.pdf"
"ph1","chromatin_vs_heme","BRD4","HMBS","PAAD_Normal",-1,"0.083","ok","./gepia_pdfs/gepia_pdfs_ph1/ph1__chromatin_vs_heme__BRD4_vs_HMBS__PAAD_Normal__spearman.pdf"
"ph1","chromatin_vs_heme","BRD4","HMBS","PCPG_Normal",-0.5,"1","ok","./gepia_pdfs/gepia_pdfs_ph1/ph1__chromatin_vs_heme__BRD4_vs_HMBS__PCPG_Normal__spearman.pdf"
"ph1","chromatin_vs_heme","BRD4","HMBS","PRAD_Normal",0.082,"0.56","ok","./gepia_pdfs/gepia_pdfs_ph1/ph1__chromatin_vs_heme__BRD4_vs_HMBS__PRAD_Normal__spearman.pdf"
"ph1","chromatin_vs_heme","BRD4","HMBS","READ_Normal",0.18,"0.63","ok","./gepia_pdfs/gepia_pdfs_ph1/ph1__chromatin_vs_heme__BRD4_vs_HMBS__READ_Normal__spearman.pdf"
"ph1","chromatin_vs_heme","BRD4","HMBS","SARC_Normal",-1,"1","ok","./gepia_pdfs/gepia_pdfs_ph1/ph1__chromatin_vs_heme__BRD4_vs_HMBS__SARC_Normal__spearman.pdf"
"ph1","chromatin_vs_heme","BRD4","HMBS","SKCM_Normal",NA,NA,"extraction_failed","./gepia_pdfs/gepia_pdfs_ph1/ph1__chromatin_vs_heme__BRD4_vs_HMBS__SKCM_Normal__spearman.pdf"
"ph1","chromatin_vs_heme","BRD4","HMBS","STAD_Normal",-0.39,"0.02","ok","./gepia_pdfs/gepia_pdfs_ph1/ph1__chromatin_vs_heme__BRD4_vs_HMBS__STAD_Normal__spearman.pdf"
"ph1","chromatin_vs_heme","BRD4","HMBS","THCA_Normal",-0.23,"0.084","ok","./gepia_pdfs/gepia_pdfs_ph1/ph1__chromatin_vs_heme__BRD4_vs_HMBS__THCA_Normal__spearman.pdf"
"ph1","chromatin_vs_heme","BRD4","HMBS","THYM_Normal",1,"1","ok","./gepia_pdfs/gepia_pdfs_ph1/ph1__chromatin_vs_heme__BRD4_vs_HMBS__THYM_Normal__spearman.pdf"
"ph1","chromatin_vs_heme","BRD4","HMBS","UCEC_Normal",-0.29,"0.33","ok","./gepia_pdfs/gepia_pdfs_ph1/ph1__chromatin_vs_heme__BRD4_vs_HMBS__UCEC_Normal__spearman.pdf"
"ph1","chromatin_vs_heme","BRD4","PPOX","BLCA_Normal",-0.38,"0.1","ok","./gepia_pdfs/gepia_pdfs_ph1/ph1__chromatin_vs_heme__BRD4_vs_PPOX__BLCA_Normal__spearman.pdf"
"ph1","chromatin_vs_heme","BRD4","PPOX","BRCA_Normal",0.73,"4.7e-20","ok","./gepia_pdfs/gepia_pdfs_ph1/ph1__chromatin_vs_heme__BRD4_vs_PPOX__BRCA_Normal__spearman.pdf"
"ph1","chromatin_vs_heme","BRD4","PPOX","CESC_Normal",1,"0.33","ok","./gepia_pdfs/gepia_pdfs_ph1/ph1__chromatin_vs_heme__BRD4_vs_PPOX__CESC_Normal__spearman.pdf"
"ph1","chromatin_vs_heme","BRD4","PPOX","CHOL_Normal",0.37,"0.34","ok","./gepia_pdfs/gepia_pdfs_ph1/ph1__chromatin_vs_heme__BRD4_vs_PPOX__CHOL_Normal__spearman.pdf"
"ph1","chromatin_vs_heme","BRD4","PPOX","COAD_Normal",0.25,"0.12","ok","./gepia_pdfs/gepia_pdfs_ph1/ph1__chromatin_vs_heme__BRD4_vs_PPOX__COAD_Normal__spearman.pdf"
"ph1","chromatin_vs_heme","BRD4","PPOX","ESCA_Normal",0.6,"0.032","ok","./gepia_pdfs/gepia_pdfs_ph1/ph1__chromatin_vs_heme__BRD4_vs_PPOX__ESCA_Normal__spearman.pdf"
"ph1","chromatin_vs_heme","BRD4","PPOX","HNSC_Normal",0.17,"0.28","ok","./gepia_pdfs/gepia_pdfs_ph1/ph1__chromatin_vs_heme__BRD4_vs_PPOX__HNSC_Normal__spearman.pdf"
"ph1","chromatin_vs_heme","BRD4","PPOX","KICH_Normal",0.021,"0.92","ok","./gepia_pdfs/gepia_pdfs_ph1/ph1__chromatin_vs_heme__BRD4_vs_PPOX__KICH_Normal__spearman.pdf"
"ph1","chromatin_vs_heme","BRD4","PPOX","KIRC_Normal",0.35,"0.0025","ok","./gepia_pdfs/gepia_pdfs_ph1/ph1__chromatin_vs_heme__BRD4_vs_PPOX__KIRC_Normal__spearman.pdf"
"ph1","chromatin_vs_heme","BRD4","PPOX","KIRP_Normal",0.47,"0.0066","ok","./gepia_pdfs/gepia_pdfs_ph1/ph1__chromatin_vs_heme__BRD4_vs_PPOX__KIRP_Normal__spearman.pdf"
"ph1","chromatin_vs_heme","BRD4","PPOX","LIHC_Normal",0.15,"0.3","ok","./gepia_pdfs/gepia_pdfs_ph1/ph1__chromatin_vs_heme__BRD4_vs_PPOX__LIHC_Normal__spearman.pdf"
"ph1","chromatin_vs_heme","BRD4","PPOX","LUAD_Normal",0.17,"0.21","ok","./gepia_pdfs/gepia_pdfs_ph1/ph1__chromatin_vs_heme__BRD4_vs_PPOX__LUAD_Normal__spearman.pdf"
"ph1","chromatin_vs_heme","BRD4","PPOX","LUSC_Normal",0.018,"0.9","ok","./gepia_pdfs/gepia_pdfs_ph1/ph1__chromatin_vs_heme__BRD4_vs_PPOX__LUSC_Normal__spearman.pdf"
"ph1","chromatin_vs_heme","BRD4","PPOX","PAAD_Normal",0.2,"0.92","ok","./gepia_pdfs/gepia_pdfs_ph1/ph1__chromatin_vs_heme__BRD4_vs_PPOX__PAAD_Normal__spearman.pdf"
"ph1","chromatin_vs_heme","BRD4","PPOX","PCPG_Normal",0.5,"1","ok","./gepia_pdfs/gepia_pdfs_ph1/ph1__chromatin_vs_heme__BRD4_vs_PPOX__PCPG_Normal__spearman.pdf"
"ph1","chromatin_vs_heme","BRD4","PPOX","PRAD_Normal",-0.19,"0.18","ok","./gepia_pdfs/gepia_pdfs_ph1/ph1__chromatin_vs_heme__BRD4_vs_PPOX__PRAD_Normal__spearman.pdf"
"ph1","chromatin_vs_heme","BRD4","PPOX","READ_Normal",-0.35,"0.33","ok","./gepia_pdfs/gepia_pdfs_ph1/ph1__chromatin_vs_heme__BRD4_vs_PPOX__READ_Normal__spearman.pdf"
"ph1","chromatin_vs_heme","BRD4","PPOX","SARC_Normal",-1,"1","ok","./gepia_pdfs/gepia_pdfs_ph1/ph1__chromatin_vs_heme__BRD4_vs_PPOX__SARC_Normal__spearman.pdf"
"ph1","chromatin_vs_heme","BRD4","PPOX","SKCM_Normal",NA,NA,"extraction_failed","./gepia_pdfs/gepia_pdfs_ph1/ph1__chromatin_vs_heme__BRD4_vs_PPOX__SKCM_Normal__spearman.pdf"
"ph1","chromatin_vs_heme","BRD4","PPOX","STAD_Normal",0.78,"1.6e-08","ok","./gepia_pdfs/gepia_pdfs_ph1/ph1__chromatin_vs_heme__BRD4_vs_PPOX__STAD_Normal__spearman.pdf"
"ph1","chromatin_vs_heme","BRD4","PPOX","THCA_Normal",-0.035,"0.79●","ok","./gepia_pdfs/gepia_pdfs_ph1/ph1__chromatin_vs_heme__BRD4_vs_PPOX__THCA_Normal__spearman.pdf"
"ph1","chromatin_vs_heme","BRD4","PPOX","THYM_Normal",1,"1","ok","./gepia_pdfs/gepia_pdfs_ph1/ph1__chromatin_vs_heme__BRD4_vs_PPOX__THYM_Normal__spearman.pdf"
"ph1","chromatin_vs_heme","BRD4","PPOX","UCEC_Normal",-0.3,"0.32","ok","./gepia_pdfs/gepia_pdfs_ph1/ph1__chromatin_vs_heme__BRD4_vs_PPOX__UCEC_Normal__spearman.pdf"
"ph1","chromatin_vs_heme","BRD4","UROD","BLCA_Normal",0.18,"0.46","ok","./gepia_pdfs/gepia_pdfs_ph1/ph1__chromatin_vs_heme__BRD4_vs_UROD__BLCA_Normal__spearman.pdf"
"ph1","chromatin_vs_heme","BRD4","UROD","BRCA_Normal",-0.23,"0.016","ok","./gepia_pdfs/gepia_pdfs_ph1/ph1__chromatin_vs_heme__BRD4_vs_UROD__BRCA_Normal__spearman.pdf"
"ph1","chromatin_vs_heme","BRD4","UROD","CESC_Normal",0.5,"1","ok","./gepia_pdfs/gepia_pdfs_ph1/ph1__chromatin_vs_heme__BRD4_vs_UROD__CESC_Normal__spearman.pdf"
"ph1","chromatin_vs_heme","BRD4","UROD","CHOL_Normal",0.1,"0.81","ok","./gepia_pdfs/gepia_pdfs_ph1/ph1__chromatin_vs_heme__BRD4_vs_UROD__CHOL_Normal__spearman.pdf"
"ph1","chromatin_vs_heme","BRD4","UROD","COAD_Normal",-0.32,"0.043","ok","./gepia_pdfs/gepia_pdfs_ph1/ph1__chromatin_vs_heme__BRD4_vs_UROD__COAD_Normal__spearman.pdf"
"ph1","chromatin_vs_heme","BRD4","UROD","ESCA_Normal",0.92,"0","ok","./gepia_pdfs/gepia_pdfs_ph1/ph1__chromatin_vs_heme__BRD4_vs_UROD__ESCA_Normal__spearman.pdf"
"ph1","chromatin_vs_heme","BRD4","UROD","HNSC_Normal",-0.042,"0.79","ok","./gepia_pdfs/gepia_pdfs_ph1/ph1__chromatin_vs_heme__BRD4_vs_UROD__HNSC_Normal__spearman.pdf"
"ph1","chromatin_vs_heme","BRD4","UROD","KICH_Normal",-0.38,"0.058","ok","./gepia_pdfs/gepia_pdfs_ph1/ph1__chromatin_vs_heme__BRD4_vs_UROD__KICH_Normal__spearman.pdf"
"ph1","chromatin_vs_heme","BRD4","UROD","KIRC_Normal",0.14,"0.25","ok","./gepia_pdfs/gepia_pdfs_ph1/ph1__chromatin_vs_heme__BRD4_vs_UROD__KIRC_Normal__spearman.pdf"
"ph1","chromatin_vs_heme","BRD4","UROD","KIRP_Normal",0.25,"0.17","ok","./gepia_pdfs/gepia_pdfs_ph1/ph1__chromatin_vs_heme__BRD4_vs_UROD__KIRP_Normal__spearman.pdf"
"ph1","chromatin_vs_heme","BRD4","UROD","LIHC_Normal",0.066,"0.65","ok","./gepia_pdfs/gepia_pdfs_ph1/ph1__chromatin_vs_heme__BRD4_vs_UROD__LIHC_Normal__spearman.pdf"
"ph1","chromatin_vs_heme","BRD4","UROD","LUAD_Normal",-0.39,"0.0023","ok","./gepia_pdfs/gepia_pdfs_ph1/ph1__chromatin_vs_heme__BRD4_vs_UROD__LUAD_Normal__spearman.pdf"
"ph1","chromatin_vs_heme","BRD4","UROD","LUSC_Normal",-0.41,"0.0033","ok","./gepia_pdfs/gepia_pdfs_ph1/ph1__chromatin_vs_heme__BRD4_vs_UROD__LUSC_Normal__spearman.pdf"
"ph1","chromatin_vs_heme","BRD4","UROD","PAAD_Normal",-0.4,"0.75","ok","./gepia_pdfs/gepia_pdfs_ph1/ph1__chromatin_vs_heme__BRD4_vs_UROD__PAAD_Normal__spearman.pdf"
"ph1","chromatin_vs_heme","BRD4","UROD","PCPG_Normal",0.5,"1","ok","./gepia_pdfs/gepia_pdfs_ph1/ph1__chromatin_vs_heme__BRD4_vs_UROD__PCPG_Normal__spearman.pdf"
"ph1","chromatin_vs_heme","BRD4","UROD","PRAD_Normal",0.056,"0.69","ok","./gepia_pdfs/gepia_pdfs_ph1/ph1__chromatin_vs_heme__BRD4_vs_UROD__PRAD_Normal__spearman.pdf"
"ph1","chromatin_vs_heme","BRD4","UROD","READ_Normal",-0.47,"0.18","ok","./gepia_pdfs/gepia_pdfs_ph1/ph1__chromatin_vs_heme__BRD4_vs_UROD__READ_Normal__spearman.pdf"
"ph1","chromatin_vs_heme","BRD4","UROD","SARC_Normal",-1,"1","ok","./gepia_pdfs/gepia_pdfs_ph1/ph1__chromatin_vs_heme__BRD4_vs_UROD__SARC_Normal__spearman.pdf"
"ph1","chromatin_vs_heme","BRD4","UROD","SKCM_Normal",NA,NA,"extraction_failed","./gepia_pdfs/gepia_pdfs_ph1/ph1__chromatin_vs_heme__BRD4_vs_UROD__SKCM_Normal__spearman.pdf"
"ph1","chromatin_vs_heme","BRD4","UROD","STAD_Normal",0.55,"0.00063","ok","./gepia_pdfs/gepia_pdfs_ph1/ph1__chromatin_vs_heme__BRD4_vs_UROD__STAD_Normal__spearman.pdf"
"ph1","chromatin_vs_heme","BRD4","UROD","THCA_Normal",-0.023,"0.86","ok","./gepia_pdfs/gepia_pdfs_ph1/ph1__chromatin_vs_heme__BRD4_vs_UROD__THCA_Normal__spearman.pdf"
"ph1","chromatin_vs_heme","BRD4","UROD","THYM_Normal",1,"1","ok","./gepia_pdfs/gepia_pdfs_ph1/ph1__chromatin_vs_heme__BRD4_vs_UROD__THYM_Normal__spearman.pdf"
"ph1","chromatin_vs_heme","BRD4","UROD","UCEC_Normal",-0.093,"0.76","ok","./gepia_pdfs/gepia_pdfs_ph1/ph1__chromatin_vs_heme__BRD4_vs_UROD__UCEC_Normal__spearman.pdf"
"ph1","chromatin_vs_heme","BRD4","UROS","BLCA_Normal",0.16,"0.52","ok","./gepia_pdfs/gepia_pdfs_ph1/ph1__chromatin_vs_heme__BRD4_vs_UROS__BLCA_Normal__spearman.pdf"
"ph1","chromatin_vs_heme","BRD4","UROS","BRCA_Normal",-0.1,"0.29","ok","./gepia_pdfs/gepia_pdfs_ph1/ph1__chromatin_vs_heme__BRD4_vs_UROS__BRCA_Normal__spearman.pdf"
"ph1","chromatin_vs_heme","BRD4","UROS","CESC_Normal",0.5,"1","ok","./gepia_pdfs/gepia_pdfs_ph1/ph1__chromatin_vs_heme__BRD4_vs_UROS__CESC_Normal__spearman.pdf"
"ph1","chromatin_vs_heme","BRD4","UROS","CHOL_Normal",-0.18,"0.64","ok","./gepia_pdfs/gepia_pdfs_ph1/ph1__chromatin_vs_heme__BRD4_vs_UROS__CHOL_Normal__spearman.pdf"
"ph1","chromatin_vs_heme","BRD4","UROS","COAD_Normal",-0.11,"0.47","ok","./gepia_pdfs/gepia_pdfs_ph1/ph1__chromatin_vs_heme__BRD4_vs_UROS__COAD_Normal__spearman.pdf"
"ph1","chromatin_vs_heme","BRD4","UROS","ESCA_Normal",0.96,"0","ok","./gepia_pdfs/gepia_pdfs_ph1/ph1__chromatin_vs_heme__BRD4_vs_UROS__ESCA_Normal__spearman.pdf"
"ph1","chromatin_vs_heme","BRD4","UROS","HNSC_Normal",-0.11,"0.47","ok","./gepia_pdfs/gepia_pdfs_ph1/ph1__chromatin_vs_heme__BRD4_vs_UROS__HNSC_Normal__spearman.pdf"
"ph1","chromatin_vs_heme","BRD4","UROS","KICH_Normal",-0.55,"0.0047","ok","./gepia_pdfs/gepia_pdfs_ph1/ph1__chromatin_vs_heme__BRD4_vs_UROS__KICH_Normal__spearman.pdf"
"ph1","chromatin_vs_heme","BRD4","UROS","KIRC_Normal",0.084,"0.48","ok","./gepia_pdfs/gepia_pdfs_ph1/ph1__chromatin_vs_heme__BRD4_vs_UROS__KIRC_Normal__spearman.pdf"
"ph1","chromatin_vs_heme","BRD4","UROS","KIRP_Normal",0.14,"0.44","ok","./gepia_pdfs/gepia_pdfs_ph1/ph1__chromatin_vs_heme__BRD4_vs_UROS__KIRP_Normal__spearman.pdf"
"ph1","chromatin_vs_heme","BRD4","UROS","LIHC_Normal",0.037,"0.8","ok","./gepia_pdfs/gepia_pdfs_ph1/ph1__chromatin_vs_heme__BRD4_vs_UROS__LIHC_Normal__spearman.pdf"
"ph1","chromatin_vs_heme","BRD4","UROS","LUAD_Normal",-0.27,"0.038","ok","./gepia_pdfs/gepia_pdfs_ph1/ph1__chromatin_vs_heme__BRD4_vs_UROS__LUAD_Normal__spearman.pdf"
"ph1","chromatin_vs_heme","BRD4","UROS","LUSC_Normal",-0.37,"0.0077","ok","./gepia_pdfs/gepia_pdfs_ph1/ph1__chromatin_vs_heme__BRD4_vs_UROS__LUSC_Normal__spearman.pdf"
"ph1","chromatin_vs_heme","BRD4","UROS","PAAD_Normal",-0.8,"0.33","ok","./gepia_pdfs/gepia_pdfs_ph1/ph1__chromatin_vs_heme__BRD4_vs_UROS__PAAD_Normal__spearman.pdf"
"ph1","chromatin_vs_heme","BRD4","UROS","PCPG_Normal",-0.5,"1","ok","./gepia_pdfs/gepia_pdfs_ph1/ph1__chromatin_vs_heme__BRD4_vs_UROS__PCPG_Normal__spearman.pdf"
"ph1","chromatin_vs_heme","BRD4","UROS","PRAD_Normal",0.055,"0.7","ok","./gepia_pdfs/gepia_pdfs_ph1/ph1__chromatin_vs_heme__BRD4_vs_UROS__PRAD_Normal__spearman.pdf"
"ph1","chromatin_vs_heme","BRD4","UROS","READ_Normal",-0.055,"0.89","ok","./gepia_pdfs/gepia_pdfs_ph1/ph1__chromatin_vs_heme__BRD4_vs_UROS__READ_Normal__spearman.pdf"
"ph1","chromatin_vs_heme","BRD4","UROS","SARC_Normal",-1,"1","ok","./gepia_pdfs/gepia_pdfs_ph1/ph1__chromatin_vs_heme__BRD4_vs_UROS__SARC_Normal__spearman.pdf"
"ph1","chromatin_vs_heme","BRD4","UROS","SKCM_Normal",NA,NA,"extraction_failed","./gepia_pdfs/gepia_pdfs_ph1/ph1__chromatin_vs_heme__BRD4_vs_UROS__SKCM_Normal__spearman.pdf"
"ph1","chromatin_vs_heme","BRD4","UROS","STAD_Normal",0.39,"0.021","ok","./gepia_pdfs/gepia_pdfs_ph1/ph1__chromatin_vs_heme__BRD4_vs_UROS__STAD_Normal__spearman.pdf"
"ph1","chromatin_vs_heme","BRD4","UROS","THCA_Normal",-0.12,"0.35","ok","./gepia_pdfs/gepia_pdfs_ph1/ph1__chromatin_vs_heme__BRD4_vs_UROS__THCA_Normal__spearman.pdf"
"ph1","chromatin_vs_heme","BRD4","UROS","THYM_Normal",1,"1","ok","./gepia_pdfs/gepia_pdfs_ph1/ph1__chromatin_vs_heme__BRD4_vs_UROS__THYM_Normal__spearman.pdf"
"ph1","chromatin_vs_heme","BRD4","UROS","UCEC_Normal",-0.58,"0.043","ok","./gepia_pdfs/gepia_pdfs_ph1/ph1__chromatin_vs_heme__BRD4_vs_UROS__UCEC_Normal__spearman.pdf"
"ph1","chromatin_vs_heme","H2AFZ","ALAD","Adipose_Subcutaneous",-0.18,"0.0015","ok","./gepia_pdfs/gepia_pdfs_ph1/ph1__chromatin_vs_heme__H2AFZ_vs_ALAD__Adipose_Subcutaneous__spearman.pdf"
"ph1","chromatin_vs_heme","H2AFZ","ALAD","BLCA_Normal",0.047,"0.85","ok","./gepia_pdfs/gepia_pdfs_ph1/ph1__chromatin_vs_heme__H2AFZ_vs_ALAD__BLCA_Normal__spearman.pdf"
"ph1","chromatin_vs_heme","H2AFZ","ALAD","BRCA_Normal",-0.37,"5.9e-05","ok","./gepia_pdfs/gepia_pdfs_ph1/ph1__chromatin_vs_heme__H2AFZ_vs_ALAD__BRCA_Normal__spearman.pdf"
"ph1","chromatin_vs_heme","H2AFZ","ALAD","CESC_Normal",0.5,"1","ok","./gepia_pdfs/gepia_pdfs_ph1/ph1__chromatin_vs_heme__H2AFZ_vs_ALAD__CESC_Normal__spearman.pdf"
"ph1","chromatin_vs_heme","H2AFZ","ALAD","CHOL_Normal",-0.23,"0.55","ok","./gepia_pdfs/gepia_pdfs_ph1/ph1__chromatin_vs_heme__H2AFZ_vs_ALAD__CHOL_Normal__spearman.pdf"
"ph1","chromatin_vs_heme","H2AFZ","ALAD","COAD_Normal",-0.45,"0.0033","ok","./gepia_pdfs/gepia_pdfs_ph1/ph1__chromatin_vs_heme__H2AFZ_vs_ALAD__COAD_Normal__spearman.pdf"
"ph1","chromatin_vs_heme","H2AFZ","ALAD","ESCA_Normal",-0.21,"0.48","ok","./gepia_pdfs/gepia_pdfs_ph1/ph1__chromatin_vs_heme__H2AFZ_vs_ALAD__ESCA_Normal__spearman.pdf"
"ph1","chromatin_vs_heme","H2AFZ","ALAD","HNSC_Normal",0.16,"0.31","ok","./gepia_pdfs/gepia_pdfs_ph1/ph1__chromatin_vs_heme__H2AFZ_vs_ALAD__HNSC_Normal__spearman.pdf"
"ph1","chromatin_vs_heme","H2AFZ","ALAD","KICH_Normal",-0.59,"0.0023","ok","./gepia_pdfs/gepia_pdfs_ph1/ph1__chromatin_vs_heme__H2AFZ_vs_ALAD__KICH_Normal__spearman.pdf"
"ph1","chromatin_vs_heme","H2AFZ","ALAD","KIRC_Normal",-0.46,"6.3e-05","ok","./gepia_pdfs/gepia_pdfs_ph1/ph1__chromatin_vs_heme__H2AFZ_vs_ALAD__KIRC_Normal__spearman.pdf"
"ph1","chromatin_vs_heme","H2AFZ","ALAD","KIRP_Normal",-0.4,"0.025","ok","./gepia_pdfs/gepia_pdfs_ph1/ph1__chromatin_vs_heme__H2AFZ_vs_ALAD__KIRP_Normal__spearman.pdf"
"ph1","chromatin_vs_heme","H2AFZ","ALAD","LIHC_Normal",0.11,"0.44","ok","./gepia_pdfs/gepia_pdfs_ph1/ph1__chromatin_vs_heme__H2AFZ_vs_ALAD__LIHC_Normal__spearman.pdf"
"ph1","chromatin_vs_heme","H2AFZ","ALAD","LUAD_Normal",-0.31,"0.017","ok","./gepia_pdfs/gepia_pdfs_ph1/ph1__chromatin_vs_heme__H2AFZ_vs_ALAD__LUAD_Normal__spearman.pdf"
"ph1","chromatin_vs_heme","H2AFZ","ALAD","LUSC_Normal",0.14,"0.34","ok","./gepia_pdfs/gepia_pdfs_ph1/ph1__chromatin_vs_heme__H2AFZ_vs_ALAD__LUSC_Normal__spearman.pdf"
"ph1","chromatin_vs_heme","H2AFZ","ALAD","PAAD_Normal",0.2,"0.92","ok","./gepia_pdfs/gepia_pdfs_ph1/ph1__chromatin_vs_heme__H2AFZ_vs_ALAD__PAAD_Normal__spearman.pdf"
"ph1","chromatin_vs_heme","H2AFZ","ALAD","PCPG_Normal",-0.5,"1","ok","./gepia_pdfs/gepia_pdfs_ph1/ph1__chromatin_vs_heme__H2AFZ_vs_ALAD__PCPG_Normal__spearman.pdf"
"ph1","chromatin_vs_heme","H2AFZ","ALAD","PRAD_Normal",-0.051,"0.72","ok","./gepia_pdfs/gepia_pdfs_ph1/ph1__chromatin_vs_heme__H2AFZ_vs_ALAD__PRAD_Normal__spearman.pdf"
"ph1","chromatin_vs_heme","H2AFZ","ALAD","READ_Normal",-0.7,"0.031","ok","./gepia_pdfs/gepia_pdfs_ph1/ph1__chromatin_vs_heme__H2AFZ_vs_ALAD__READ_Normal__spearman.pdf"
"ph1","chromatin_vs_heme","H2AFZ","ALAD","SARC_Normal",-1,"1","ok","./gepia_pdfs/gepia_pdfs_ph1/ph1__chromatin_vs_heme__H2AFZ_vs_ALAD__SARC_Normal__spearman.pdf"
"ph1","chromatin_vs_heme","H2AFZ","ALAD","SKCM_Normal",NA,NA,"extraction_failed","./gepia_pdfs/gepia_pdfs_ph1/ph1__chromatin_vs_heme__H2AFZ_vs_ALAD__SKCM_Normal__spearman.pdf"
"ph1","chromatin_vs_heme","H2AFZ","ALAD","STAD_Normal",-0.019,"0.91","ok","./gepia_pdfs/gepia_pdfs_ph1/ph1__chromatin_vs_heme__H2AFZ_vs_ALAD__STAD_Normal__spearman.pdf"
"ph1","chromatin_vs_heme","H2AFZ","ALAD","THCA_Normal",-0.4,"0.002","ok","./gepia_pdfs/gepia_pdfs_ph1/ph1__chromatin_vs_heme__H2AFZ_vs_ALAD__THCA_Normal__spearman.pdf"
"ph1","chromatin_vs_heme","H2AFZ","ALAD","THYM_Normal",-1,"1","ok","./gepia_pdfs/gepia_pdfs_ph1/ph1__chromatin_vs_heme__H2AFZ_vs_ALAD__THYM_Normal__spearman.pdf"
"ph1","chromatin_vs_heme","H2AFZ","ALAD","UCEC_Normal",0.63,"0.025","ok","./gepia_pdfs/gepia_pdfs_ph1/ph1__chromatin_vs_heme__H2AFZ_vs_ALAD__UCEC_Normal__spearman.pdf"
"ph1","chromatin_vs_heme","H2AFZ","ALAS1","Adipose_Subcutaneous",0.012,"0.83","ok","./gepia_pdfs/gepia_pdfs_ph1/ph1__chromatin_vs_heme__H2AFZ_vs_ALAS1__Adipose_Subcutaneous__spearman.pdf"
"ph1","chromatin_vs_heme","H2AFZ","ALAS1","BLCA_Normal",-0.43,"0.065","ok","./gepia_pdfs/gepia_pdfs_ph1/ph1__chromatin_vs_heme__H2AFZ_vs_ALAS1__BLCA_Normal__spearman.pdf"
"ph1","chromatin_vs_heme","H2AFZ","ALAS1","BRCA_Normal",0.0068,"0.94","ok","./gepia_pdfs/gepia_pdfs_ph1/ph1__chromatin_vs_heme__H2AFZ_vs_ALAS1__BRCA_Normal__spearman.pdf"
"ph1","chromatin_vs_heme","H2AFZ","ALAS1","CESC_Normal",0.5,"1","ok","./gepia_pdfs/gepia_pdfs_ph1/ph1__chromatin_vs_heme__H2AFZ_vs_ALAS1__CESC_Normal__spearman.pdf"
"ph1","chromatin_vs_heme","H2AFZ","ALAS1","CHOL_Normal",0.38,"0.31","ok","./gepia_pdfs/gepia_pdfs_ph1/ph1__chromatin_vs_heme__H2AFZ_vs_ALAS1__CHOL_Normal__spearman.pdf"
"ph1","chromatin_vs_heme","H2AFZ","ALAS1","COAD_Normal",-0.15,"0.36","ok","./gepia_pdfs/gepia_pdfs_ph1/ph1__chromatin_vs_heme__H2AFZ_vs_ALAS1__COAD_Normal__spearman.pdf"
"ph1","chromatin_vs_heme","H2AFZ","ALAS1","ESCA_Normal",0.79,"0.0021","ok","./gepia_pdfs/gepia_pdfs_ph1/ph1__chromatin_vs_heme__H2AFZ_vs_ALAS1__ESCA_Normal__spearman.pdf"
"ph1","chromatin_vs_heme","H2AFZ","ALAS1","HNSC_Normal",0.2,"0.19","ok","./gepia_pdfs/gepia_pdfs_ph1/ph1__chromatin_vs_heme__H2AFZ_vs_ALAS1__HNSC_Normal__spearman.pdf"
"ph1","chromatin_vs_heme","H2AFZ","ALAS1","KICH_Normal",-0.27,"0.2","ok","./gepia_pdfs/gepia_pdfs_ph1/ph1__chromatin_vs_heme__H2AFZ_vs_ALAS1__KICH_Normal__spearman.pdf"
"ph1","chromatin_vs_heme","H2AFZ","ALAS1","KIRC_Normal",0.35,"0.0027","ok","./gepia_pdfs/gepia_pdfs_ph1/ph1__chromatin_vs_heme__H2AFZ_vs_ALAS1__KIRC_Normal__spearman.pdf"
"ph1","chromatin_vs_heme","H2AFZ","ALAS1","KIRP_Normal",0.45,"0.011","ok","./gepia_pdfs/gepia_pdfs_ph1/ph1__chromatin_vs_heme__H2AFZ_vs_ALAS1__KIRP_Normal__spearman.pdf"
"ph1","chromatin_vs_heme","H2AFZ","ALAS1","LIHC_Normal",0.13,"0.36","ok","./gepia_pdfs/gepia_pdfs_ph1/ph1__chromatin_vs_heme__H2AFZ_vs_ALAS1__LIHC_Normal__spearman.pdf"
"ph1","chromatin_vs_heme","H2AFZ","ALAS1","LUAD_Normal",0.15,"0.25","ok","./gepia_pdfs/gepia_pdfs_ph1/ph1__chromatin_vs_heme__H2AFZ_vs_ALAS1__LUAD_Normal__spearman.pdf"
"ph1","chromatin_vs_heme","H2AFZ","ALAS1","LUSC_Normal",0.031,"0.83","ok","./gepia_pdfs/gepia_pdfs_ph1/ph1__chromatin_vs_heme__H2AFZ_vs_ALAS1__LUSC_Normal__spearman.pdf"
"ph1","chromatin_vs_heme","H2AFZ","ALAS1","PAAD_Normal",1,"0.083","ok","./gepia_pdfs/gepia_pdfs_ph1/ph1__chromatin_vs_heme__H2AFZ_vs_ALAS1__PAAD_Normal__spearman.pdf"
"ph1","chromatin_vs_heme","H2AFZ","ALAS1","PCPG_Normal",1,"0.33","ok","./gepia_pdfs/gepia_pdfs_ph1/ph1__chromatin_vs_heme__H2AFZ_vs_ALAS1__PCPG_Normal__spearman.pdf"
"ph1","chromatin_vs_heme","H2AFZ","ALAS1","PRAD_Normal",-0.53,"6.1e-05","ok","./gepia_pdfs/gepia_pdfs_ph1/ph1__chromatin_vs_heme__H2AFZ_vs_ALAS1__PRAD_Normal__spearman.pdf"
"ph1","chromatin_vs_heme","H2AFZ","ALAS1","READ_Normal",0.14,"0.71","ok","./gepia_pdfs/gepia_pdfs_ph1/ph1__chromatin_vs_heme__H2AFZ_vs_ALAS1__READ_Normal__spearman.pdf"
"ph1","chromatin_vs_heme","H2AFZ","ALAS1","SARC_Normal",-1,"1","ok","./gepia_pdfs/gepia_pdfs_ph1/ph1__chromatin_vs_heme__H2AFZ_vs_ALAS1__SARC_Normal__spearman.pdf"
"ph1","chromatin_vs_heme","H2AFZ","ALAS1","SKCM_Normal",NA,NA,"extraction_failed","./gepia_pdfs/gepia_pdfs_ph1/ph1__chromatin_vs_heme__H2AFZ_vs_ALAS1__SKCM_Normal__spearman.pdf"
"ph1","chromatin_vs_heme","H2AFZ","ALAS1","STAD_Normal",-0.36,"0.031","ok","./gepia_pdfs/gepia_pdfs_ph1/ph1__chromatin_vs_heme__H2AFZ_vs_ALAS1__STAD_Normal__spearman.pdf"
"ph1","chromatin_vs_heme","H2AFZ","ALAS1","THCA_Normal",-0.018,"0.89","ok","./gepia_pdfs/gepia_pdfs_ph1/ph1__chromatin_vs_heme__H2AFZ_vs_ALAS1__THCA_Normal__spearman.pdf"
"ph1","chromatin_vs_heme","H2AFZ","ALAS1","THYM_Normal",-1,"1","ok","./gepia_pdfs/gepia_pdfs_ph1/ph1__chromatin_vs_heme__H2AFZ_vs_ALAS1__THYM_Normal__spearman.pdf"
"ph1","chromatin_vs_heme","H2AFZ","ALAS1","UCEC_Normal",0.22,"0.47","ok","./gepia_pdfs/gepia_pdfs_ph1/ph1__chromatin_vs_heme__H2AFZ_vs_ALAS1__UCEC_Normal__spearman.pdf"
"ph1","chromatin_vs_heme","H2AFZ","CPOX","Adipose_Subcutaneous",0.13,"0.02","ok","./gepia_pdfs/gepia_pdfs_ph1/ph1__chromatin_vs_heme__H2AFZ_vs_CPOX__Adipose_Subcutaneous__spearman.pdf"
"ph1","chromatin_vs_heme","H2AFZ","CPOX","BLCA_Normal",0.061,"0.8","ok","./gepia_pdfs/gepia_pdfs_ph1/ph1__chromatin_vs_heme__H2AFZ_vs_CPOX__BLCA_Normal__spearman.pdf"
"ph1","chromatin_vs_heme","H2AFZ","CPOX","BRCA_Normal",0.23,"0.016","ok","./gepia_pdfs/gepia_pdfs_ph1/ph1__chromatin_vs_heme__H2AFZ_vs_CPOX__BRCA_Normal__spearman.pdf"
"ph1","chromatin_vs_heme","H2AFZ","CPOX","CESC_Normal",0.5,"1","ok","./gepia_pdfs/gepia_pdfs_ph1/ph1__chromatin_vs_heme__H2AFZ_vs_CPOX__CESC_Normal__spearman.pdf"
"ph1","chromatin_vs_heme","H2AFZ","CPOX","CHOL_Normal",0.067,"0.88","ok","./gepia_pdfs/gepia_pdfs_ph1/ph1__chromatin_vs_heme__H2AFZ_vs_CPOX__CHOL_Normal__spearman.pdf"
"ph1","chromatin_vs_heme","H2AFZ","CPOX","COAD_Normal",0.067,"0.68","ok","./gepia_pdfs/gepia_pdfs_ph1/ph1__chromatin_vs_heme__H2AFZ_vs_CPOX__COAD_Normal__spearman.pdf"
"ph1","chromatin_vs_heme","H2AFZ","CPOX","ESCA_Normal",0.84,"0.00054","ok","./gepia_pdfs/gepia_pdfs_ph1/ph1__chromatin_vs_heme__H2AFZ_vs_CPOX__ESCA_Normal__spearman.pdf"
"ph1","chromatin_vs_heme","H2AFZ","CPOX","HNSC_Normal",0.66,"2.2e-06","ok","./gepia_pdfs/gepia_pdfs_ph1/ph1__chromatin_vs_heme__H2AFZ_vs_CPOX__HNSC_Normal__spearman.pdf"
"ph1","chromatin_vs_heme","H2AFZ","CPOX","KICH_Normal",-0.088,"0.67","ok","./gepia_pdfs/gepia_pdfs_ph1/ph1__chromatin_vs_heme__H2AFZ_vs_CPOX__KICH_Normal__spearman.pdf"
"ph1","chromatin_vs_heme","H2AFZ","CPOX","KIRC_Normal",0.47,"3.1e-05","ok","./gepia_pdfs/gepia_pdfs_ph1/ph1__chromatin_vs_heme__H2AFZ_vs_CPOX__KIRC_Normal__spearman.pdf"
"ph1","chromatin_vs_heme","H2AFZ","CPOX","KIRP_Normal",0.57,"0.00066","ok","./gepia_pdfs/gepia_pdfs_ph1/ph1__chromatin_vs_heme__H2AFZ_vs_CPOX__KIRP_Normal__spearman.pdf"
"ph1","chromatin_vs_heme","H2AFZ","CPOX","LIHC_Normal",0.28,"0.045","ok","./gepia_pdfs/gepia_pdfs_ph1/ph1__chromatin_vs_heme__H2AFZ_vs_CPOX__LIHC_Normal__spearman.pdf"
"ph1","chromatin_vs_heme","H2AFZ","CPOX","LUAD_Normal",-0.29,"0.026","ok","./gepia_pdfs/gepia_pdfs_ph1/ph1__chromatin_vs_heme__H2AFZ_vs_CPOX__LUAD_Normal__spearman.pdf"
"ph1","chromatin_vs_heme","H2AFZ","CPOX","LUSC_Normal",0.25,"0.077","ok","./gepia_pdfs/gepia_pdfs_ph1/ph1__chromatin_vs_heme__H2AFZ_vs_CPOX__LUSC_Normal__spearman.pdf"
"ph1","chromatin_vs_heme","H2AFZ","CPOX","PAAD_Normal",1,"0.083","ok","./gepia_pdfs/gepia_pdfs_ph1/ph1__chromatin_vs_heme__H2AFZ_vs_CPOX__PAAD_Normal__spearman.pdf"
"ph1","chromatin_vs_heme","H2AFZ","CPOX","PCPG_Normal",0.5,"1","ok","./gepia_pdfs/gepia_pdfs_ph1/ph1__chromatin_vs_heme__H2AFZ_vs_CPOX__PCPG_Normal__spearman.pdf"
"ph1","chromatin_vs_heme","H2AFZ","CPOX","PRAD_Normal",0.29,"0.035","ok","./gepia_pdfs/gepia_pdfs_ph1/ph1__chromatin_vs_heme__H2AFZ_vs_CPOX__PRAD_Normal__spearman.pdf"
"ph1","chromatin_vs_heme","H2AFZ","CPOX","READ_Normal",-0.38,"0.28","ok","./gepia_pdfs/gepia_pdfs_ph1/ph1__chromatin_vs_heme__H2AFZ_vs_CPOX__READ_Normal__spearman.pdf"
"ph1","chromatin_vs_heme","H2AFZ","CPOX","SARC_Normal",-1,"1","ok","./gepia_pdfs/gepia_pdfs_ph1/ph1__chromatin_vs_heme__H2AFZ_vs_CPOX__SARC_Normal__spearman.pdf"
"ph1","chromatin_vs_heme","H2AFZ","CPOX","SKCM_Normal",NA,NA,"extraction_failed","./gepia_pdfs/gepia_pdfs_ph1/ph1__chromatin_vs_heme__H2AFZ_vs_CPOX__SKCM_Normal__spearman.pdf"
"ph1","chromatin_vs_heme","H2AFZ","CPOX","STAD_Normal",0.14,"0.42","ok","./gepia_pdfs/gepia_pdfs_ph1/ph1__chromatin_vs_heme__H2AFZ_vs_CPOX__STAD_Normal__spearman.pdf"
"ph1","chromatin_vs_heme","H2AFZ","CPOX","THCA_Normal",-0.018,"0.89","ok","./gepia_pdfs/gepia_pdfs_ph1/ph1__chromatin_vs_heme__H2AFZ_vs_CPOX__THCA_Normal__spearman.pdf"
"ph1","chromatin_vs_heme","H2AFZ","CPOX","THYM_Normal",1,"1","ok","./gepia_pdfs/gepia_pdfs_ph1/ph1__chromatin_vs_heme__H2AFZ_vs_CPOX__THYM_Normal__spearman.pdf"
"ph1","chromatin_vs_heme","H2AFZ","CPOX","UCEC_Normal",0.34,"0.25","ok","./gepia_pdfs/gepia_pdfs_ph1/ph1__chromatin_vs_heme__H2AFZ_vs_CPOX__UCEC_Normal__spearman.pdf"
"ph1","chromatin_vs_heme","H2AFZ","FECH","Adipose_Subcutaneous",-0.019,"0.74","ok","./gepia_pdfs/gepia_pdfs_ph1/ph1__chromatin_vs_heme__H2AFZ_vs_FECH__Adipose_Subcutaneous__spearman.pdf"
"ph1","chromatin_vs_heme","H2AFZ","FECH","BLCA_Normal",0.29,"0.23","ok","./gepia_pdfs/gepia_pdfs_ph1/ph1__chromatin_vs_heme__H2AFZ_vs_FECH__BLCA_Normal__spearman.pdf"
"ph1","chromatin_vs_heme","H2AFZ","FECH","BRCA_Normal",0.11,"0.27","ok","./gepia_pdfs/gepia_pdfs_ph1/ph1__chromatin_vs_heme__H2AFZ_vs_FECH__BRCA_Normal__spearman.pdf"
"ph1","chromatin_vs_heme","H2AFZ","FECH","CESC_Normal",0.5,"1","ok","./gepia_pdfs/gepia_pdfs_ph1/ph1__chromatin_vs_heme__H2AFZ_vs_FECH__CESC_Normal__spearman.pdf"
"ph1","chromatin_vs_heme","H2AFZ","FECH","CHOL_Normal",0.067,"0.88","ok","./gepia_pdfs/gepia_pdfs_ph1/ph1__chromatin_vs_heme__H2AFZ_vs_FECH__CHOL_Normal__spearman.pdf"
"ph1","chromatin_vs_heme","H2AFZ","FECH","COAD_Normal",0.1,"0.52","ok","./gepia_pdfs/gepia_pdfs_ph1/ph1__chromatin_vs_heme__H2AFZ_vs_FECH__COAD_Normal__spearman.pdf"
"ph1","chromatin_vs_heme","H2AFZ","FECH","ESCA_Normal",0.69,"0.011","ok","./gepia_pdfs/gepia_pdfs_ph1/ph1__chromatin_vs_heme__H2AFZ_vs_FECH__ESCA_Normal__spearman.pdf"
"ph1","chromatin_vs_heme","H2AFZ","FECH","HNSC_Normal",0.068,"0.66","ok","./gepia_pdfs/gepia_pdfs_ph1/ph1__chromatin_vs_heme__H2AFZ_vs_FECH__HNSC_Normal__spearman.pdf"
"ph1","chromatin_vs_heme","H2AFZ","FECH","KICH_Normal",0.17,"0.41","ok","./gepia_pdfs/gepia_pdfs_ph1/ph1__chromatin_vs_heme__H2AFZ_vs_FECH__KICH_Normal__spearman.pdf"
"ph1","chromatin_vs_heme","H2AFZ","FECH","KIRC_Normal",0.065,"0.59","ok","./gepia_pdfs/gepia_pdfs_ph1/ph1__chromatin_vs_heme__H2AFZ_vs_FECH__KIRC_Normal__spearman.pdf"
"ph1","chromatin_vs_heme","H2AFZ","FECH","KIRP_Normal",-0.058,"0.75","ok","./gepia_pdfs/gepia_pdfs_ph1/ph1__chromatin_vs_heme__H2AFZ_vs_FECH__KIRP_Normal__spearman.pdf"
"ph1","chromatin_vs_heme","H2AFZ","FECH","LIHC_Normal",0.29,"0.039","ok","./gepia_pdfs/gepia_pdfs_ph1/ph1__chromatin_vs_heme__H2AFZ_vs_FECH__LIHC_Normal__spearman.pdf"
"ph1","chromatin_vs_heme","H2AFZ","FECH","LUAD_Normal",-0.12,"0.38","ok","./gepia_pdfs/gepia_pdfs_ph1/ph1__chromatin_vs_heme__H2AFZ_vs_FECH__LUAD_Normal__spearman.pdf"
"ph1","chromatin_vs_heme","H2AFZ","FECH","LUSC_Normal",0.21,"0.14","ok","./gepia_pdfs/gepia_pdfs_ph1/ph1__chromatin_vs_heme__H2AFZ_vs_FECH__LUSC_Normal__spearman.pdf"
"ph1","chromatin_vs_heme","H2AFZ","FECH","PAAD_Normal",0.2,"0.92","ok","./gepia_pdfs/gepia_pdfs_ph1/ph1__chromatin_vs_heme__H2AFZ_vs_FECH__PAAD_Normal__spearman.pdf"
"ph1","chromatin_vs_heme","H2AFZ","FECH","PCPG_Normal",0.5,"1","ok","./gepia_pdfs/gepia_pdfs_ph1/ph1__chromatin_vs_heme__H2AFZ_vs_FECH__PCPG_Normal__spearman.pdf"
"ph1","chromatin_vs_heme","H2AFZ","FECH","PRAD_Normal",0.4,"0.0031","ok","./gepia_pdfs/gepia_pdfs_ph1/ph1__chromatin_vs_heme__H2AFZ_vs_FECH__PRAD_Normal__spearman.pdf"
"ph1","chromatin_vs_heme","H2AFZ","FECH","READ_Normal",-0.33,"0.35","ok","./gepia_pdfs/gepia_pdfs_ph1/ph1__chromatin_vs_heme__H2AFZ_vs_FECH__READ_Normal__spearman.pdf"
"ph1","chromatin_vs_heme","H2AFZ","FECH","SARC_Normal",-1,"1","ok","./gepia_pdfs/gepia_pdfs_ph1/ph1__chromatin_vs_heme__H2AFZ_vs_FECH__SARC_Normal__spearman.pdf"
"ph1","chromatin_vs_heme","H2AFZ","FECH","SKCM_Normal",NA,NA,"extraction_failed","./gepia_pdfs/gepia_pdfs_ph1/ph1__chromatin_vs_heme__H2AFZ_vs_FECH__SKCM_Normal__spearman.pdf"
"ph1","chromatin_vs_heme","H2AFZ","FECH","STAD_Normal",0.35,"0.035","ok","./gepia_pdfs/gepia_pdfs_ph1/ph1__chromatin_vs_heme__H2AFZ_vs_FECH__STAD_Normal__spearman.pdf"
"ph1","chromatin_vs_heme","H2AFZ","FECH","THCA_Normal",-0.19,"0.14","ok","./gepia_pdfs/gepia_pdfs_ph1/ph1__chromatin_vs_heme__H2AFZ_vs_FECH__THCA_Normal__spearman.pdf"
"ph1","chromatin_vs_heme","H2AFZ","FECH","THYM_Normal",1,"1","ok","./gepia_pdfs/gepia_pdfs_ph1/ph1__chromatin_vs_heme__H2AFZ_vs_FECH__THYM_Normal__spearman.pdf"
"ph1","chromatin_vs_heme","H2AFZ","FECH","UCEC_Normal",0.46,"0.12","ok","./gepia_pdfs/gepia_pdfs_ph1/ph1__chromatin_vs_heme__H2AFZ_vs_FECH__UCEC_Normal__spearman.pdf"
"ph1","chromatin_vs_heme","H2AFZ","HMBS","Adipose_Subcutaneous",0.087,"0.12","ok","./gepia_pdfs/gepia_pdfs_ph1/ph1__chromatin_vs_heme__H2AFZ_vs_HMBS__Adipose_Subcutaneous__spearman.pdf"
"ph1","chromatin_vs_heme","H2AFZ","HMBS","BLCA_Normal",0.18,"0.47","ok","./gepia_pdfs/gepia_pdfs_ph1/ph1__chromatin_vs_heme__H2AFZ_vs_HMBS__BLCA_Normal__spearman.pdf"
"ph1","chromatin_vs_heme","H2AFZ","HMBS","BRCA_Normal",0.25,"0.0071","ok","./gepia_pdfs/gepia_pdfs_ph1/ph1__chromatin_vs_heme__H2AFZ_vs_HMBS__BRCA_Normal__spearman.pdf"
"ph1","chromatin_vs_heme","H2AFZ","HMBS","CESC_Normal",0.5,"1","ok","./gepia_pdfs/gepia_pdfs_ph1/ph1__chromatin_vs_heme__H2AFZ_vs_HMBS__CESC_Normal__spearman.pdf"
"ph1","chromatin_vs_heme","H2AFZ","HMBS","CHOL_Normal",0.63,"0.076","ok","./gepia_pdfs/gepia_pdfs_ph1/ph1__chromatin_vs_heme__H2AFZ_vs_HMBS__CHOL_Normal__spearman.pdf"
"ph1","chromatin_vs_heme","H2AFZ","HMBS","COAD_Normal",0.7,"8.6e-07","ok","./gepia_pdfs/gepia_pdfs_ph1/ph1__chromatin_vs_heme__H2AFZ_vs_HMBS__COAD_Normal__spearman.pdf"
"ph1","chromatin_vs_heme","H2AFZ","HMBS","ESCA_Normal",0.87,"0.00012","ok","./gepia_pdfs/gepia_pdfs_ph1/ph1__chromatin_vs_heme__H2AFZ_vs_HMBS__ESCA_Normal__spearman.pdf"
"ph1","chromatin_vs_heme","H2AFZ","HMBS","HNSC_Normal",0.45,"0.0023","ok","./gepia_pdfs/gepia_pdfs_ph1/ph1__chromatin_vs_heme__H2AFZ_vs_HMBS__HNSC_Normal__spearman.pdf"
"ph1","chromatin_vs_heme","H2AFZ","HMBS","KICH_Normal",0.62,"0.0011","ok","./gepia_pdfs/gepia_pdfs_ph1/ph1__chromatin_vs_heme__H2AFZ_vs_HMBS__KICH_Normal__spearman.pdf"
"ph1","chromatin_vs_heme","H2AFZ","HMBS","KIRC_Normal",0.79,"1.5e-16","ok","./gepia_pdfs/gepia_pdfs_ph1/ph1__chromatin_vs_heme__H2AFZ_vs_HMBS__KIRC_Normal__spearman.pdf"
"ph1","chromatin_vs_heme","H2AFZ","HMBS","KIRP_Normal",0.82,"9.5e-09","ok","./gepia_pdfs/gepia_pdfs_ph1/ph1__chromatin_vs_heme__H2AFZ_vs_HMBS__KIRP_Normal__spearman.pdf"
"ph1","chromatin_vs_heme","H2AFZ","HMBS","LIHC_Normal",0.65,"3.9e-07","ok","./gepia_pdfs/gepia_pdfs_ph1/ph1__chromatin_vs_heme__H2AFZ_vs_HMBS__LIHC_Normal__spearman.pdf"
"ph1","chromatin_vs_heme","H2AFZ","HMBS","LUAD_Normal",0.19,"0.14","ok","./gepia_pdfs/gepia_pdfs_ph1/ph1__chromatin_vs_heme__H2AFZ_vs_HMBS__LUAD_Normal__spearman.pdf"
"ph1","chromatin_vs_heme","H2AFZ","HMBS","LUSC_Normal",0.32,"0.022","ok","./gepia_pdfs/gepia_pdfs_ph1/ph1__chromatin_vs_heme__H2AFZ_vs_HMBS__LUSC_Normal__spearman.pdf"
"ph1","chromatin_vs_heme","H2AFZ","HMBS","PAAD_Normal",0.4,"0.75","ok","./gepia_pdfs/gepia_pdfs_ph1/ph1__chromatin_vs_heme__H2AFZ_vs_HMBS__PAAD_Normal__spearman.pdf"
"ph1","chromatin_vs_heme","H2AFZ","HMBS","PCPG_Normal",0.5,"1","ok","./gepia_pdfs/gepia_pdfs_ph1/ph1__chromatin_vs_heme__H2AFZ_vs_HMBS__PCPG_Normal__spearman.pdf"
"ph1","chromatin_vs_heme","H2AFZ","HMBS","PRAD_Normal",0.11,"0.42","ok","./gepia_pdfs/gepia_pdfs_ph1/ph1__chromatin_vs_heme__H2AFZ_vs_HMBS__PRAD_Normal__spearman.pdf"
"ph1","chromatin_vs_heme","H2AFZ","HMBS","READ_Normal",0.71,"0.028","ok","./gepia_pdfs/gepia_pdfs_ph1/ph1__chromatin_vs_heme__H2AFZ_vs_HMBS__READ_Normal__spearman.pdf"
"ph1","chromatin_vs_heme","H2AFZ","HMBS","SARC_Normal",1,"1","ok","./gepia_pdfs/gepia_pdfs_ph1/ph1__chromatin_vs_heme__H2AFZ_vs_HMBS__SARC_Normal__spearman.pdf"
"ph1","chromatin_vs_heme","H2AFZ","HMBS","SKCM_Normal",NA,NA,"extraction_failed","./gepia_pdfs/gepia_pdfs_ph1/ph1__chromatin_vs_heme__H2AFZ_vs_HMBS__SKCM_Normal__spearman.pdf"
"ph1","chromatin_vs_heme","H2AFZ","HMBS","STAD_Normal",0.21,"0.21","ok","./gepia_pdfs/gepia_pdfs_ph1/ph1__chromatin_vs_heme__H2AFZ_vs_HMBS__STAD_Normal__spearman.pdf"
"ph1","chromatin_vs_heme","H2AFZ","HMBS","THCA_Normal",-0.074,"0.58","ok","./gepia_pdfs/gepia_pdfs_ph1/ph1__chromatin_vs_heme__H2AFZ_vs_HMBS__THCA_Normal__spearman.pdf"
"ph1","chromatin_vs_heme","H2AFZ","HMBS","THYM_Normal",1,"1","ok","./gepia_pdfs/gepia_pdfs_ph1/ph1__chromatin_vs_heme__H2AFZ_vs_HMBS__THYM_Normal__spearman.pdf"
"ph1","chromatin_vs_heme","H2AFZ","HMBS","UCEC_Normal",-0.12,"0.71","ok","./gepia_pdfs/gepia_pdfs_ph1/ph1__chromatin_vs_heme__H2AFZ_vs_HMBS__UCEC_Normal__spearman.pdf"
"ph1","chromatin_vs_heme","H2AFZ","PPOX","Adipose_Subcutaneous",-0.088,"0.12","ok","./gepia_pdfs/gepia_pdfs_ph1/ph1__chromatin_vs_heme__H2AFZ_vs_PPOX__Adipose_Subcutaneous__spearman.pdf"
"ph1","chromatin_vs_heme","H2AFZ","PPOX","BLCA_Normal",-0.41,"0.081","ok","./gepia_pdfs/gepia_pdfs_ph1/ph1__chromatin_vs_heme__H2AFZ_vs_PPOX__BLCA_Normal__spearman.pdf"
"ph1","chromatin_vs_heme","H2AFZ","PPOX","BRCA_Normal",0.38,"3.1e-05","ok","./gepia_pdfs/gepia_pdfs_ph1/ph1__chromatin_vs_heme__H2AFZ_vs_PPOX__BRCA_Normal__spearman.pdf"
"ph1","chromatin_vs_heme","H2AFZ","PPOX","CESC_Normal",-0.5,"1","ok","./gepia_pdfs/gepia_pdfs_ph1/ph1__chromatin_vs_heme__H2AFZ_vs_PPOX__CESC_Normal__spearman.pdf"
"ph1","chromatin_vs_heme","H2AFZ","PPOX","CHOL_Normal",0.083,"0.84","ok","./gepia_pdfs/gepia_pdfs_ph1/ph1__chromatin_vs_heme__H2AFZ_vs_PPOX__CHOL_Normal__spearman.pdf"
"ph1","chromatin_vs_heme","H2AFZ","PPOX","COAD_Normal",-0.013,"0.93","ok","./gepia_pdfs/gepia_pdfs_ph1/ph1__chromatin_vs_heme__H2AFZ_vs_PPOX__COAD_Normal__spearman.pdf"
"ph1","chromatin_vs_heme","H2AFZ","PPOX","ESCA_Normal",0.45,"0.12","ok","./gepia_pdfs/gepia_pdfs_ph1/ph1__chromatin_vs_heme__H2AFZ_vs_PPOX__ESCA_Normal__spearman.pdf"
"ph1","chromatin_vs_heme","H2AFZ","PPOX","HNSC_Normal",0.039,"0.8","ok","./gepia_pdfs/gepia_pdfs_ph1/ph1__chromatin_vs_heme__H2AFZ_vs_PPOX__HNSC_Normal__spearman.pdf"
"ph1","chromatin_vs_heme","H2AFZ","PPOX","KICH_Normal",0.57,"0.0032","ok","./gepia_pdfs/gepia_pdfs_ph1/ph1__chromatin_vs_heme__H2AFZ_vs_PPOX__KICH_Normal__spearman.pdf"
"ph1","chromatin_vs_heme","H2AFZ","PPOX","KIRC_Normal",0.42,"0.00024","ok","./gepia_pdfs/gepia_pdfs_ph1/ph1__chromatin_vs_heme__H2AFZ_vs_PPOX__KIRC_Normal__spearman.pdf"
"ph1","chromatin_vs_heme","H2AFZ","PPOX","KIRP_Normal",0.67,"3.2e-05","ok","./gepia_pdfs/gepia_pdfs_ph1/ph1__chromatin_vs_heme__H2AFZ_vs_PPOX__KIRP_Normal__spearman.pdf"
"ph1","chromatin_vs_heme","H2AFZ","PPOX","LIHC_Normal",0.57,"1.5e-05","ok","./gepia_pdfs/gepia_pdfs_ph1/ph1__chromatin_vs_heme__H2AFZ_vs_PPOX__LIHC_Normal__spearman.pdf"
"ph1","chromatin_vs_heme","H2AFZ","PPOX","LUAD_Normal",-0.19,"0.16","ok","./gepia_pdfs/gepia_pdfs_ph1/ph1__chromatin_vs_heme__H2AFZ_vs_PPOX__LUAD_Normal__spearman.pdf"
"ph1","chromatin_vs_heme","H2AFZ","PPOX","LUSC_Normal",0.22,"0.13","ok","./gepia_pdfs/gepia_pdfs_ph1/ph1__chromatin_vs_heme__H2AFZ_vs_PPOX__LUSC_Normal__spearman.pdf"
"ph1","chromatin_vs_heme","H2AFZ","PPOX","PAAD_Normal",-0.8,"0.33","ok","./gepia_pdfs/gepia_pdfs_ph1/ph1__chromatin_vs_heme__H2AFZ_vs_PPOX__PAAD_Normal__spearman.pdf"
"ph1","chromatin_vs_heme","H2AFZ","PPOX","PCPG_Normal",-0.5,"1","ok","./gepia_pdfs/gepia_pdfs_ph1/ph1__chromatin_vs_heme__H2AFZ_vs_PPOX__PCPG_Normal__spearman.pdf"
"ph1","chromatin_vs_heme","H2AFZ","PPOX","PRAD_Normal",0.00047,"1","ok","./gepia_pdfs/gepia_pdfs_ph1/ph1__chromatin_vs_heme__H2AFZ_vs_PPOX__PRAD_Normal__spearman.pdf"
"ph1","chromatin_vs_heme","H2AFZ","PPOX","READ_Normal",-0.41,"0.25","ok","./gepia_pdfs/gepia_pdfs_ph1/ph1__chromatin_vs_heme__H2AFZ_vs_PPOX__READ_Normal__spearman.pdf"
"ph1","chromatin_vs_heme","H2AFZ","PPOX","SARC_Normal",1,"1","ok","./gepia_pdfs/gepia_pdfs_ph1/ph1__chromatin_vs_heme__H2AFZ_vs_PPOX__SARC_Normal__spearman.pdf"
"ph1","chromatin_vs_heme","H2AFZ","PPOX","SKCM_Normal",NA,NA,"extraction_failed","./gepia_pdfs/gepia_pdfs_ph1/ph1__chromatin_vs_heme__H2AFZ_vs_PPOX__SKCM_Normal__spearman.pdf"
"ph1","chromatin_vs_heme","H2AFZ","PPOX","STAD_Normal",0.56,"0.00042","ok","./gepia_pdfs/gepia_pdfs_ph1/ph1__chromatin_vs_heme__H2AFZ_vs_PPOX__STAD_Normal__spearman.pdf"
"ph1","chromatin_vs_heme","H2AFZ","PPOX","THCA_Normal",-0.16,"0.22","ok","./gepia_pdfs/gepia_pdfs_ph1/ph1__chromatin_vs_heme__H2AFZ_vs_PPOX__THCA_Normal__spearman.pdf"
"ph1","chromatin_vs_heme","H2AFZ","PPOX","THYM_Normal",1,"1","ok","./gepia_pdfs/gepia_pdfs_ph1/ph1__chromatin_vs_heme__H2AFZ_vs_PPOX__THYM_Normal__spearman.pdf"
"ph1","chromatin_vs_heme","H2AFZ","PPOX","UCEC_Normal",-0.63,"0.025","ok","./gepia_pdfs/gepia_pdfs_ph1/ph1__chromatin_vs_heme__H2AFZ_vs_PPOX__UCEC_Normal__spearman.pdf"
"ph1","chromatin_vs_heme","H2AFZ","UROD","Adipose_Subcutaneous",-0.066,"0.24","ok","./gepia_pdfs/gepia_pdfs_ph1/ph1__chromatin_vs_heme__H2AFZ_vs_UROD__Adipose_Subcutaneous__spearman.pdf"
"ph1","chromatin_vs_heme","H2AFZ","UROD","BLCA_Normal",0.45,"0.057","ok","./gepia_pdfs/gepia_pdfs_ph1/ph1__chromatin_vs_heme__H2AFZ_vs_UROD__BLCA_Normal__spearman.pdf"
"ph1","chromatin_vs_heme","H2AFZ","UROD","BRCA_Normal",-0.052,"0.59","ok","./gepia_pdfs/gepia_pdfs_ph1/ph1__chromatin_vs_heme__H2AFZ_vs_UROD__BRCA_Normal__spearman.pdf"
"ph1","chromatin_vs_heme","H2AFZ","UROD","CESC_Normal",0.5,"1","ok","./gepia_pdfs/gepia_pdfs_ph1/ph1__chromatin_vs_heme__H2AFZ_vs_UROD__CESC_Normal__spearman.pdf"
"ph1","chromatin_vs_heme","H2AFZ","UROD","CHOL_Normal",0.42,"0.27","ok","./gepia_pdfs/gepia_pdfs_ph1/ph1__chromatin_vs_heme__H2AFZ_vs_UROD__CHOL_Normal__spearman.pdf"
"ph1","chromatin_vs_heme","H2AFZ","UROD","COAD_Normal",0.21,"0.18","ok","./gepia_pdfs/gepia_pdfs_ph1/ph1__chromatin_vs_heme__H2AFZ_vs_UROD__COAD_Normal__spearman.pdf"
"ph1","chromatin_vs_heme","H2AFZ","UROD","ESCA_Normal",0.77,"0.0033","ok","./gepia_pdfs/gepia_pdfs_ph1/ph1__chromatin_vs_heme__H2AFZ_vs_UROD__ESCA_Normal__spearman.pdf"
"ph1","chromatin_vs_heme","H2AFZ","UROD","HNSC_Normal",-0.34,"0.025","ok","./gepia_pdfs/gepia_pdfs_ph1/ph1__chromatin_vs_heme__H2AFZ_vs_UROD__HNSC_Normal__spearman.pdf"
"ph1","chromatin_vs_heme","H2AFZ","UROD","KICH_Normal",0.5,"0.01","ok","./gepia_pdfs/gepia_pdfs_ph1/ph1__chromatin_vs_heme__H2AFZ_vs_UROD__KICH_Normal__spearman.pdf"
"ph1","chromatin_vs_heme","H2AFZ","UROD","KIRC_Normal",0.55,"5.9e-07","ok","./gepia_pdfs/gepia_pdfs_ph1/ph1__chromatin_vs_heme__H2AFZ_vs_UROD__KIRC_Normal__spearman.pdf"
"ph1","chromatin_vs_heme","H2AFZ","UROD","KIRP_Normal",0.74,"3.1e-06","ok","./gepia_pdfs/gepia_pdfs_ph1/ph1__chromatin_vs_heme__H2AFZ_vs_UROD__KIRP_Normal__spearman.pdf"
"ph1","chromatin_vs_heme","H2AFZ","UROD","LIHC_Normal",0.66,"2e-07","ok","./gepia_pdfs/gepia_pdfs_ph1/ph1__chromatin_vs_heme__H2AFZ_vs_UROD__LIHC_Normal__spearman.pdf"
"ph1","chromatin_vs_heme","H2AFZ","UROD","LUAD_Normal",0.37,"0.0041","ok","./gepia_pdfs/gepia_pdfs_ph1/ph1__chromatin_vs_heme__H2AFZ_vs_UROD__LUAD_Normal__spearman.pdf"
"ph1","chromatin_vs_heme","H2AFZ","UROD","LUSC_Normal",0.69,"4e-08","ok","./gepia_pdfs/gepia_pdfs_ph1/ph1__chromatin_vs_heme__H2AFZ_vs_UROD__LUSC_Normal__spearman.pdf"
"ph1","chromatin_vs_heme","H2AFZ","UROD","PAAD_Normal",1,"0.083","ok","./gepia_pdfs/gepia_pdfs_ph1/ph1__chromatin_vs_heme__H2AFZ_vs_UROD__PAAD_Normal__spearman.pdf"
"ph1","chromatin_vs_heme","H2AFZ","UROD","PCPG_Normal",1,"0.33","ok","./gepia_pdfs/gepia_pdfs_ph1/ph1__chromatin_vs_heme__H2AFZ_vs_UROD__PCPG_Normal__spearman.pdf"
"ph1","chromatin_vs_heme","H2AFZ","UROD","PRAD_Normal",0.6,"2e-06","ok","./gepia_pdfs/gepia_pdfs_ph1/ph1__chromatin_vs_heme__H2AFZ_vs_UROD__PRAD_Normal__spearman.pdf"
"ph1","chromatin_vs_heme","H2AFZ","UROD","READ_Normal",0.0061,"1","ok","./gepia_pdfs/gepia_pdfs_ph1/ph1__chromatin_vs_heme__H2AFZ_vs_UROD__READ_Normal__spearman.pdf"
"ph1","chromatin_vs_heme","H2AFZ","UROD","SARC_Normal",1,"1","ok","./gepia_pdfs/gepia_pdfs_ph1/ph1__chromatin_vs_heme__H2AFZ_vs_UROD__SARC_Normal__spearman.pdf"
"ph1","chromatin_vs_heme","H2AFZ","UROD","SKCM_Normal",NA,NA,"extraction_failed","./gepia_pdfs/gepia_pdfs_ph1/ph1__chromatin_vs_heme__H2AFZ_vs_UROD__SKCM_Normal__spearman.pdf"
"ph1","chromatin_vs_heme","H2AFZ","UROD","STAD_Normal",0.42,"0.01","ok","./gepia_pdfs/gepia_pdfs_ph1/ph1__chromatin_vs_heme__H2AFZ_vs_UROD__STAD_Normal__spearman.pdf"
"ph1","chromatin_vs_heme","H2AFZ","UROD","THCA_Normal",-0.35,"0.0064","ok","./gepia_pdfs/gepia_pdfs_ph1/ph1__chromatin_vs_heme__H2AFZ_vs_UROD__THCA_Normal__spearman.pdf"
"ph1","chromatin_vs_heme","H2AFZ","UROD","THYM_Normal",1,"1","ok","./gepia_pdfs/gepia_pdfs_ph1/ph1__chromatin_vs_heme__H2AFZ_vs_UROD__THYM_Normal__spearman.pdf"
"ph1","chromatin_vs_heme","H2AFZ","UROD","UCEC_Normal",0.43,"0.14","ok","./gepia_pdfs/gepia_pdfs_ph1/ph1__chromatin_vs_heme__H2AFZ_vs_UROD__UCEC_Normal__spearman.pdf"
"ph1","chromatin_vs_heme","H2AFZ","UROS","Adipose_Subcutaneous",0.071,"0.2","ok","./gepia_pdfs/gepia_pdfs_ph1/ph1__chromatin_vs_heme__H2AFZ_vs_UROS__Adipose_Subcutaneous__spearman.pdf"
"ph1","chromatin_vs_heme","H2AFZ","UROS","BLCA_Normal",0.36,"0.13","ok","./gepia_pdfs/gepia_pdfs_ph1/ph1__chromatin_vs_heme__H2AFZ_vs_UROS__BLCA_Normal__spearman.pdf"
"ph1","chromatin_vs_heme","H2AFZ","UROS","BRCA_Normal",0.19,"0.044","ok","./gepia_pdfs/gepia_pdfs_ph1/ph1__chromatin_vs_heme__H2AFZ_vs_UROS__BRCA_Normal__spearman.pdf"
"ph1","chromatin_vs_heme","H2AFZ","UROS","CESC_Normal",0.5,"1","ok","./gepia_pdfs/gepia_pdfs_ph1/ph1__chromatin_vs_heme__H2AFZ_vs_UROS__CESC_Normal__spearman.pdf"
"ph1","chromatin_vs_heme","H2AFZ","UROS","CHOL_Normal",0.35,"0.36","ok","./gepia_pdfs/gepia_pdfs_ph1/ph1__chromatin_vs_heme__H2AFZ_vs_UROS__CHOL_Normal__spearman.pdf"
"ph1","chromatin_vs_heme","H2AFZ","UROS","COAD_Normal",0.55,"0.00028","ok","./gepia_pdfs/gepia_pdfs_ph1/ph1__chromatin_vs_heme__H2AFZ_vs_UROS__COAD_Normal__spearman.pdf"
"ph1","chromatin_vs_heme","H2AFZ","UROS","ESCA_Normal",0.86,"0.00026","ok","./gepia_pdfs/gepia_pdfs_ph1/ph1__chromatin_vs_heme__H2AFZ_vs_UROS__ESCA_Normal__spearman.pdf"
"ph1","chromatin_vs_heme","H2AFZ","UROS","HNSC_Normal",-0.36,"0.017","ok","./gepia_pdfs/gepia_pdfs_ph1/ph1__chromatin_vs_heme__H2AFZ_vs_UROS__HNSC_Normal__spearman.pdf"
"ph1","chromatin_vs_heme","H2AFZ","UROS","KICH_Normal",0.48,"0.015","ok","./gepia_pdfs/gepia_pdfs_ph1/ph1__chromatin_vs_heme__H2AFZ_vs_UROS__KICH_Normal__spearman.pdf"
"ph1","chromatin_vs_heme","H2AFZ","UROS","KIRC_Normal",0.49,"1.6e-05","ok","./gepia_pdfs/gepia_pdfs_ph1/ph1__chromatin_vs_heme__H2AFZ_vs_UROS__KIRC_Normal__spearman.pdf"
"ph1","chromatin_vs_heme","H2AFZ","UROS","KIRP_Normal",0.55,"0.001","ok","./gepia_pdfs/gepia_pdfs_ph1/ph1__chromatin_vs_heme__H2AFZ_vs_UROS__KIRP_Normal__spearman.pdf"
"ph1","chromatin_vs_heme","H2AFZ","UROS","LIHC_Normal",0.6,"4.1e-06","ok","./gepia_pdfs/gepia_pdfs_ph1/ph1__chromatin_vs_heme__H2AFZ_vs_UROS__LIHC_Normal__spearman.pdf"
"ph1","chromatin_vs_heme","H2AFZ","UROS","LUAD_Normal",0.31,"0.019","ok","./gepia_pdfs/gepia_pdfs_ph1/ph1__chromatin_vs_heme__H2AFZ_vs_UROS__LUAD_Normal__spearman.pdf"
"ph1","chromatin_vs_heme","H2AFZ","UROS","LUSC_Normal",0.53,"8.8e-05","ok","./gepia_pdfs/gepia_pdfs_ph1/ph1__chromatin_vs_heme__H2AFZ_vs_UROS__LUSC_Normal__spearman.pdf"
"ph1","chromatin_vs_heme","H2AFZ","UROS","PAAD_Normal",0.2,"0.92","ok","./gepia_pdfs/gepia_pdfs_ph1/ph1__chromatin_vs_heme__H2AFZ_vs_UROS__PAAD_Normal__spearman.pdf"
"ph1","chromatin_vs_heme","H2AFZ","UROS","PCPG_Normal",0.5,"1","ok","./gepia_pdfs/gepia_pdfs_ph1/ph1__chromatin_vs_heme__H2AFZ_vs_UROS__PCPG_Normal__spearman.pdf"
"ph1","chromatin_vs_heme","H2AFZ","UROS","PRAD_Normal",0.64,"6.2e-07","ok","./gepia_pdfs/gepia_pdfs_ph1/ph1__chromatin_vs_heme__H2AFZ_vs_UROS__PRAD_Normal__spearman.pdf"
"ph1","chromatin_vs_heme","H2AFZ","UROS","READ_Normal",-0.22,"0.54","ok","./gepia_pdfs/gepia_pdfs_ph1/ph1__chromatin_vs_heme__H2AFZ_vs_UROS__READ_Normal__spearman.pdf"
"ph1","chromatin_vs_heme","H2AFZ","UROS","SARC_Normal",1,"1","ok","./gepia_pdfs/gepia_pdfs_ph1/ph1__chromatin_vs_heme__H2AFZ_vs_UROS__SARC_Normal__spearman.pdf"
"ph1","chromatin_vs_heme","H2AFZ","UROS","SKCM_Normal",NA,NA,"extraction_failed","./gepia_pdfs/gepia_pdfs_ph1/ph1__chromatin_vs_heme__H2AFZ_vs_UROS__SKCM_Normal__spearman.pdf"
"ph1","chromatin_vs_heme","H2AFZ","UROS","STAD_Normal",0.41,"0.013","ok","./gepia_pdfs/gepia_pdfs_ph1/ph1__chromatin_vs_heme__H2AFZ_vs_UROS__STAD_Normal__spearman.pdf"
"ph1","chromatin_vs_heme","H2AFZ","UROS","THCA_Normal",-0.14,"0.29","ok","./gepia_pdfs/gepia_pdfs_ph1/ph1__chromatin_vs_heme__H2AFZ_vs_UROS__THCA_Normal__spearman.pdf"
"ph1","chromatin_vs_heme","H2AFZ","UROS","THYM_Normal",1,"1","ok","./gepia_pdfs/gepia_pdfs_ph1/ph1__chromatin_vs_heme__H2AFZ_vs_UROS__THYM_Normal__spearman.pdf"
"ph1","chromatin_vs_heme","H2AFZ","UROS","UCEC_Normal",-0.41,"0.17","ok","./gepia_pdfs/gepia_pdfs_ph1/ph1__chromatin_vs_heme__H2AFZ_vs_UROS__UCEC_Normal__spearman.pdf"
"ph1","heme_consecutive","ALAD","HMBS","Adipose_Subcutaneous",0.3,"8e-08","ok","./gepia_pdfs/gepia_pdfs_ph1/ph1__heme_consecutive__ALAD_vs_HMBS__Adipose_Subcutaneous__spearman.pdf"
"ph1","heme_consecutive","ALAD","HMBS","BLCA_Normal",0.035,"0.89","ok","./gepia_pdfs/gepia_pdfs_ph1/ph1__heme_consecutive__ALAD_vs_HMBS__BLCA_Normal__spearman.pdf"
"ph1","heme_consecutive","ALAD","HMBS","BRCA_Normal",0.088,"0.36","ok","./gepia_pdfs/gepia_pdfs_ph1/ph1__heme_consecutive__ALAD_vs_HMBS__BRCA_Normal__spearman.pdf"
"ph1","heme_consecutive","ALAD","HMBS","CESC_Normal",1,"0.33","ok","./gepia_pdfs/gepia_pdfs_ph1/ph1__heme_consecutive__ALAD_vs_HMBS__CESC_Normal__spearman.pdf"
"ph1","heme_consecutive","ALAD","HMBS","CHOL_Normal",0.05,"0.91","ok","./gepia_pdfs/gepia_pdfs_ph1/ph1__heme_consecutive__ALAD_vs_HMBS__CHOL_Normal__spearman.pdf"
"ph1","heme_consecutive","ALAD","HMBS","COAD_Normal",-0.39,"0.013","ok","./gepia_pdfs/gepia_pdfs_ph1/ph1__heme_consecutive__ALAD_vs_HMBS__COAD_Normal__spearman.pdf"
"ph1","heme_consecutive","ALAD","HMBS","ESCA_Normal",0.071,"0.82","ok","./gepia_pdfs/gepia_pdfs_ph1/ph1__heme_consecutive__ALAD_vs_HMBS__ESCA_Normal__spearman.pdf"
"ph1","heme_consecutive","ALAD","HMBS","HNSC_Normal",0.03,"0.85","ok","./gepia_pdfs/gepia_pdfs_ph1/ph1__heme_consecutive__ALAD_vs_HMBS__HNSC_Normal__spearman.pdf"
"ph1","heme_consecutive","ALAD","HMBS","KICH_Normal",-0.22,"0.29","ok","./gepia_pdfs/gepia_pdfs_ph1/ph1__heme_consecutive__ALAD_vs_HMBS__KICH_Normal__spearman.pdf"
"ph1","heme_consecutive","ALAD","HMBS","KIRC_Normal",-0.39,"0.00081","ok","./gepia_pdfs/gepia_pdfs_ph1/ph1__heme_consecutive__ALAD_vs_HMBS__KIRC_Normal__spearman.pdf"
"ph1","heme_consecutive","ALAD","HMBS","KIRP_Normal",-0.41,"0.021","ok","./gepia_pdfs/gepia_pdfs_ph1/ph1__heme_consecutive__ALAD_vs_HMBS__KIRP_Normal__spearman.pdf"
"ph1","heme_consecutive","ALAD","HMBS","LIHC_Normal",0.14,"0.32","ok","./gepia_pdfs/gepia_pdfs_ph1/ph1__heme_consecutive__ALAD_vs_HMBS__LIHC_Normal__spearman.pdf"
"ph1","heme_consecutive","ALAD","HMBS","LUAD_Normal",-0.46,"0.00022","ok","./gepia_pdfs/gepia_pdfs_ph1/ph1__heme_consecutive__ALAD_vs_HMBS__LUAD_Normal__spearman.pdf"
"ph1","heme_consecutive","ALAD","HMBS","LUSC_Normal",-0.18,"0.21","ok","./gepia_pdfs/gepia_pdfs_ph1/ph1__heme_consecutive__ALAD_vs_HMBS__LUSC_Normal__spearman.pdf"
"ph1","heme_consecutive","ALAD","HMBS","PAAD_Normal",0.8,"0.33","ok","./gepia_pdfs/gepia_pdfs_ph1/ph1__heme_consecutive__ALAD_vs_HMBS__PAAD_Normal__spearman.pdf"
"ph1","heme_consecutive","ALAD","HMBS","PCPG_Normal",-1,"0.33","ok","./gepia_pdfs/gepia_pdfs_ph1/ph1__heme_consecutive__ALAD_vs_HMBS__PCPG_Normal__spearman.pdf"
"ph1","heme_consecutive","ALAD","HMBS","PRAD_Normal",0.28,"0.045","ok","./gepia_pdfs/gepia_pdfs_ph1/ph1__heme_consecutive__ALAD_vs_HMBS__PRAD_Normal__spearman.pdf"
"ph1","heme_consecutive","ALAD","HMBS","READ_Normal",-0.84,"0.0045","ok","./gepia_pdfs/gepia_pdfs_ph1/ph1__heme_consecutive__ALAD_vs_HMBS__READ_Normal__spearman.pdf"
"ph1","heme_consecutive","ALAD","HMBS","SARC_Normal",-1,"1","ok","./gepia_pdfs/gepia_pdfs_ph1/ph1__heme_consecutive__ALAD_vs_HMBS__SARC_Normal__spearman.pdf"
"ph1","heme_consecutive","ALAD","HMBS","SKCM_Normal",NA,NA,"extraction_failed","./gepia_pdfs/gepia_pdfs_ph1/ph1__heme_consecutive__ALAD_vs_HMBS__SKCM_Normal__spearman.pdf"
"ph1","heme_consecutive","ALAD","HMBS","STAD_Normal",-0.074,"0.67","ok","./gepia_pdfs/gepia_pdfs_ph1/ph1__heme_consecutive__ALAD_vs_HMBS__STAD_Normal__spearman.pdf"
"ph1","heme_consecutive","ALAD","HMBS","THCA_Normal",0.14,"0.27","ok","./gepia_pdfs/gepia_pdfs_ph1/ph1__heme_consecutive__ALAD_vs_HMBS__THCA_Normal__spearman.pdf"
"ph1","heme_consecutive","ALAD","HMBS","THYM_Normal",-1,"1","ok","./gepia_pdfs/gepia_pdfs_ph1/ph1__heme_consecutive__ALAD_vs_HMBS__THYM_Normal__spearman.pdf"
"ph1","heme_consecutive","ALAD","HMBS","UCEC_Normal",-0.42,"0.15","ok","./gepia_pdfs/gepia_pdfs_ph1/ph1__heme_consecutive__ALAD_vs_HMBS__UCEC_Normal__spearman.pdf"
"ph1","heme_consecutive","ALAS1","ALAD","Adipose_Subcutaneous",0.23,"3.2e-05","ok","./gepia_pdfs/gepia_pdfs_ph1/ph1__heme_consecutive__ALAS1_vs_ALAD__Adipose_Subcutaneous__spearman.pdf"
"ph1","heme_consecutive","ALAS1","ALAD","BLCA_Normal",-0.59,"0.0096","ok","./gepia_pdfs/gepia_pdfs_ph1/ph1__heme_consecutive__ALAS1_vs_ALAD__BLCA_Normal__spearman.pdf"
"ph1","heme_consecutive","ALAS1","ALAD","BRCA_Normal",0.32,"0.00051","ok","./gepia_pdfs/gepia_pdfs_ph1/ph1__heme_consecutive__ALAS1_vs_ALAD__BRCA_Normal__spearman.pdf"
"ph1","heme_consecutive","ALAS1","ALAD","CESC_Normal",-0.5,"1","ok","./gepia_pdfs/gepia_pdfs_ph1/ph1__heme_consecutive__ALAS1_vs_ALAD__CESC_Normal__spearman.pdf"
"ph1","heme_consecutive","ALAS1","ALAD","CHOL_Normal",0.017,"0.98","ok","./gepia_pdfs/gepia_pdfs_ph1/ph1__heme_consecutive__ALAS1_vs_ALAD__CHOL_Normal__spearman.pdf"
"ph1","heme_consecutive","ALAS1","ALAD","COAD_Normal",0.072,"0.65","ok","./gepia_pdfs/gepia_pdfs_ph1/ph1__heme_consecutive__ALAS1_vs_ALAD__COAD_Normal__spearman.pdf"
"ph1","heme_consecutive","ALAS1","ALAD","ESCA_Normal",0.15,"0.62","ok","./gepia_pdfs/gepia_pdfs_ph1/ph1__heme_consecutive__ALAS1_vs_ALAD__ESCA_Normal__spearman.pdf"
"ph1","heme_consecutive","ALAS1","ALAD","HNSC_Normal",0.0013,"0.99","ok","./gepia_pdfs/gepia_pdfs_ph1/ph1__heme_consecutive__ALAS1_vs_ALAD__HNSC_Normal__spearman.pdf"
"ph1","heme_consecutive","ALAS1","ALAD","KICH_Normal",0.064,"0.76","ok","./gepia_pdfs/gepia_pdfs_ph1/ph1__heme_consecutive__ALAS1_vs_ALAD__KICH_Normal__spearman.pdf"
"ph1","heme_consecutive","ALAS1","ALAD","KIRC_Normal",-0.12,"0.31","ok","./gepia_pdfs/gepia_pdfs_ph1/ph1__heme_consecutive__ALAS1_vs_ALAD__KIRC_Normal__spearman.pdf"
"ph1","heme_consecutive","ALAS1","ALAD","KIRP_Normal",-0.32,"0.075","ok","./gepia_pdfs/gepia_pdfs_ph1/ph1__heme_consecutive__ALAS1_vs_ALAD__KIRP_Normal__spearman.pdf"
"ph1","heme_consecutive","ALAS1","ALAD","LIHC_Normal",-0.012,"0.93","ok","./gepia_pdfs/gepia_pdfs_ph1/ph1__heme_consecutive__ALAS1_vs_ALAD__LIHC_Normal__spearman.pdf"
"ph1","heme_consecutive","ALAS1","ALAD","LUAD_Normal",0.1,"0.44","ok","./gepia_pdfs/gepia_pdfs_ph1/ph1__heme_consecutive__ALAS1_vs_ALAD__LUAD_Normal__spearman.pdf"
"ph1","heme_consecutive","ALAS1","ALAD","LUSC_Normal",0.37,"0.0085","ok","./gepia_pdfs/gepia_pdfs_ph1/ph1__heme_consecutive__ALAS1_vs_ALAD__LUSC_Normal__spearman.pdf"
"ph1","heme_consecutive","ALAS1","ALAD","PAAD_Normal",0.2,"0.92","ok","./gepia_pdfs/gepia_pdfs_ph1/ph1__heme_consecutive__ALAS1_vs_ALAD__PAAD_Normal__spearman.pdf"
"ph1","heme_consecutive","ALAS1","ALAD","PCPG_Normal",-0.5,"1","ok","./gepia_pdfs/gepia_pdfs_ph1/ph1__heme_consecutive__ALAS1_vs_ALAD__PCPG_Normal__spearman.pdf"
"ph1","heme_consecutive","ALAS1","ALAD","PRAD_Normal",0.3,"0.032","ok","./gepia_pdfs/gepia_pdfs_ph1/ph1__heme_consecutive__ALAS1_vs_ALAD__PRAD_Normal__spearman.pdf"
"ph1","heme_consecutive","ALAS1","ALAD","READ_Normal",-0.091,"0.81","ok","./gepia_pdfs/gepia_pdfs_ph1/ph1__heme_consecutive__ALAS1_vs_ALAD__READ_Normal__spearman.pdf"
"ph1","heme_consecutive","ALAS1","ALAD","SARC_Normal",1,"1","ok","./gepia_pdfs/gepia_pdfs_ph1/ph1__heme_consecutive__ALAS1_vs_ALAD__SARC_Normal__spearman.pdf"
"ph1","heme_consecutive","ALAS1","ALAD","SKCM_Normal",NA,NA,"extraction_failed","./gepia_pdfs/gepia_pdfs_ph1/ph1__heme_consecutive__ALAS1_vs_ALAD__SKCM_Normal__spearman.pdf"
"ph1","heme_consecutive","ALAS1","ALAD","STAD_Normal",0.33,"0.049","ok","./gepia_pdfs/gepia_pdfs_ph1/ph1__heme_consecutive__ALAS1_vs_ALAD__STAD_Normal__spearman.pdf"
"ph1","heme_consecutive","ALAS1","ALAD","THCA_Normal",0.36,"0.0058","ok","./gepia_pdfs/gepia_pdfs_ph1/ph1__heme_consecutive__ALAS1_vs_ALAD__THCA_Normal__spearman.pdf"
"ph1","heme_consecutive","ALAS1","ALAD","THYM_Normal",1,"1","ok","./gepia_pdfs/gepia_pdfs_ph1/ph1__heme_consecutive__ALAS1_vs_ALAD__THYM_Normal__spearman.pdf"
"ph1","heme_consecutive","ALAS1","ALAD","UCEC_Normal",-0.18,"0.57","ok","./gepia_pdfs/gepia_pdfs_ph1/ph1__heme_consecutive__ALAS1_vs_ALAD__UCEC_Normal__spearman.pdf"
"ph1","heme_consecutive","CPOX","PPOX","Adipose_Subcutaneous",0.5,"5.6e-22","ok","./gepia_pdfs/gepia_pdfs_ph1/ph1__heme_consecutive__CPOX_vs_PPOX__Adipose_Subcutaneous__spearman.pdf"
"ph1","heme_consecutive","CPOX","PPOX","BLCA_Normal",0.0097,"0.97","ok","./gepia_pdfs/gepia_pdfs_ph1/ph1__heme_consecutive__CPOX_vs_PPOX__BLCA_Normal__spearman.pdf"
"ph1","heme_consecutive","CPOX","PPOX","BRCA_Normal",0.49,"5.8e-08","ok","./gepia_pdfs/gepia_pdfs_ph1/ph1__heme_consecutive__CPOX_vs_PPOX__BRCA_Normal__spearman.pdf"
"ph1","heme_consecutive","CPOX","PPOX","CESC_Normal",0.5,"1","ok","./gepia_pdfs/gepia_pdfs_ph1/ph1__heme_consecutive__CPOX_vs_PPOX__CESC_Normal__spearman.pdf"
"ph1","heme_consecutive","CPOX","PPOX","CHOL_Normal",0.63,"0.076","ok","./gepia_pdfs/gepia_pdfs_ph1/ph1__heme_consecutive__CPOX_vs_PPOX__CHOL_Normal__spearman.pdf"
"ph1","heme_consecutive","CPOX","PPOX","COAD_Normal",0.19,"0.24","ok","./gepia_pdfs/gepia_pdfs_ph1/ph1__heme_consecutive__CPOX_vs_PPOX__COAD_Normal__spearman.pdf"
"ph1","heme_consecutive","CPOX","PPOX","ESCA_Normal",0.51,"0.078","ok","./gepia_pdfs/gepia_pdfs_ph1/ph1__heme_consecutive__CPOX_vs_PPOX__ESCA_Normal__spearman.pdf"
"ph1","heme_consecutive","CPOX","PPOX","HNSC_Normal",0.19,"0.22","ok","./gepia_pdfs/gepia_pdfs_ph1/ph1__heme_consecutive__CPOX_vs_PPOX__HNSC_Normal__spearman.pdf"
"ph1","heme_consecutive","CPOX","PPOX","KICH_Normal",0.33,"0.11","ok","./gepia_pdfs/gepia_pdfs_ph1/ph1__heme_consecutive__CPOX_vs_PPOX__KICH_Normal__spearman.pdf"
"ph1","heme_consecutive","CPOX","PPOX","KIRC_Normal",0.21,"0.075","ok","./gepia_pdfs/gepia_pdfs_ph1/ph1__heme_consecutive__CPOX_vs_PPOX__KIRC_Normal__spearman.pdf"
"ph1","heme_consecutive","CPOX","PPOX","KIRP_Normal",0.65,"5.3e-05","ok","./gepia_pdfs/gepia_pdfs_ph1/ph1__heme_consecutive__CPOX_vs_PPOX__KIRP_Normal__spearman.pdf"
"ph1","heme_consecutive","CPOX","PPOX","LIHC_Normal",0.19,"0.19","ok","./gepia_pdfs/gepia_pdfs_ph1/ph1__heme_consecutive__CPOX_vs_PPOX__LIHC_Normal__spearman.pdf"
"ph1","heme_consecutive","CPOX","PPOX","LUAD_Normal",0.44,"0.00042","ok","./gepia_pdfs/gepia_pdfs_ph1/ph1__heme_consecutive__CPOX_vs_PPOX__LUAD_Normal__spearman.pdf"
"ph1","heme_consecutive","CPOX","PPOX","LUSC_Normal",0.48,"0.00039","ok","./gepia_pdfs/gepia_pdfs_ph1/ph1__heme_consecutive__CPOX_vs_PPOX__LUSC_Normal__spearman.pdf"
"ph1","heme_consecutive","CPOX","PPOX","PAAD_Normal",-0.8,"0.33","ok","./gepia_pdfs/gepia_pdfs_ph1/ph1__heme_consecutive__CPOX_vs_PPOX__PAAD_Normal__spearman.pdf"
"ph1","heme_consecutive","CPOX","PPOX","PCPG_Normal",0.5,"1","ok","./gepia_pdfs/gepia_pdfs_ph1/ph1__heme_consecutive__CPOX_vs_PPOX__PCPG_Normal__spearman.pdf"
"ph1","heme_consecutive","CPOX","PPOX","PRAD_Normal",0.2,"0.15","ok","./gepia_pdfs/gepia_pdfs_ph1/ph1__heme_consecutive__CPOX_vs_PPOX__PRAD_Normal__spearman.pdf"
"ph1","heme_consecutive","CPOX","PPOX","READ_Normal",0.3,"0.41","ok","./gepia_pdfs/gepia_pdfs_ph1/ph1__heme_consecutive__CPOX_vs_PPOX__READ_Normal__spearman.pdf"
"ph1","heme_consecutive","CPOX","PPOX","SARC_Normal",-1,"1","ok","./gepia_pdfs/gepia_pdfs_ph1/ph1__heme_consecutive__CPOX_vs_PPOX__SARC_Normal__spearman.pdf"
"ph1","heme_consecutive","CPOX","PPOX","SKCM_Normal",NA,NA,"extraction_failed","./gepia_pdfs/gepia_pdfs_ph1/ph1__heme_consecutive__CPOX_vs_PPOX__SKCM_Normal__spearman.pdf"
"ph1","heme_consecutive","CPOX","PPOX","STAD_Normal",0.46,"0.0044","ok","./gepia_pdfs/gepia_pdfs_ph1/ph1__heme_consecutive__CPOX_vs_PPOX__STAD_Normal__spearman.pdf"
"ph1","heme_consecutive","CPOX","PPOX","THCA_Normal",0.16,"0.22","ok","./gepia_pdfs/gepia_pdfs_ph1/ph1__heme_consecutive__CPOX_vs_PPOX__THCA_Normal__spearman.pdf"
"ph1","heme_consecutive","CPOX","PPOX","THYM_Normal",1,"1","ok","./gepia_pdfs/gepia_pdfs_ph1/ph1__heme_consecutive__CPOX_vs_PPOX__THYM_Normal__spearman.pdf"
"ph1","heme_consecutive","CPOX","PPOX","UCEC_Normal",-0.055,"0.86","ok","./gepia_pdfs/gepia_pdfs_ph1/ph1__heme_consecutive__CPOX_vs_PPOX__UCEC_Normal__spearman.pdf"
"ph1","heme_consecutive","HMBS","UROS","Adipose_Subcutaneous",0.57,"1.6e-28","ok","./gepia_pdfs/gepia_pdfs_ph1/ph1__heme_consecutive__HMBS_vs_UROS__Adipose_Subcutaneous__spearman.pdf"
"ph1","heme_consecutive","HMBS","UROS","BLCA_Normal",0.22,"0.36","ok","./gepia_pdfs/gepia_pdfs_ph1/ph1__heme_consecutive__HMBS_vs_UROS__BLCA_Normal__spearman.pdf"
"ph1","heme_consecutive","HMBS","UROS","BRCA_Normal",0.49,"4.8e-08","ok","./gepia_pdfs/gepia_pdfs_ph1/ph1__heme_consecutive__HMBS_vs_UROS__BRCA_Normal__spearman.pdf"
"ph1","heme_consecutive","HMBS","UROS","CESC_Normal",1,"0.33","ok","./gepia_pdfs/gepia_pdfs_ph1/ph1__heme_consecutive__HMBS_vs_UROS__CESC_Normal__spearman.pdf"
"ph1","heme_consecutive","HMBS","UROS","CHOL_Normal",0.8,"0.014","ok","./gepia_pdfs/gepia_pdfs_ph1/ph1__heme_consecutive__HMBS_vs_UROS__CHOL_Normal__spearman.pdf"
"ph1","heme_consecutive","HMBS","UROS","COAD_Normal",0.3,"0.055","ok","./gepia_pdfs/gepia_pdfs_ph1/ph1__heme_consecutive__HMBS_vs_UROS__COAD_Normal__spearman.pdf"
"ph1","heme_consecutive","HMBS","UROS","ESCA_Normal",0.74,"0.0053","ok","./gepia_pdfs/gepia_pdfs_ph1/ph1__heme_consecutive__HMBS_vs_UROS__ESCA_Normal__spearman.pdf"
"ph1","heme_consecutive","HMBS","UROS","HNSC_Normal",0.054,"0.73","ok","./gepia_pdfs/gepia_pdfs_ph1/ph1__heme_consecutive__HMBS_vs_UROS__HNSC_Normal__spearman.pdf"
"ph1","heme_consecutive","HMBS","UROS","KICH_Normal",0.61,"0.0011","ok","./gepia_pdfs/gepia_pdfs_ph1/ph1__heme_consecutive__HMBS_vs_UROS__KICH_Normal__spearman.pdf"
"ph1","heme_consecutive","HMBS","UROS","KIRC_Normal",0.58,"1.1e-07","ok","./gepia_pdfs/gepia_pdfs_ph1/ph1__heme_consecutive__HMBS_vs_UROS__KIRC_Normal__spearman.pdf"
"ph1","heme_consecutive","HMBS","UROS","KIRP_Normal",0.52,"0.0021","ok","./gepia_pdfs/gepia_pdfs_ph1/ph1__heme_consecutive__HMBS_vs_UROS__KIRP_Normal__spearman.pdf"
"ph1","heme_consecutive","HMBS","UROS","LIHC_Normal",0.71,"7.5e-09","ok","./gepia_pdfs/gepia_pdfs_ph1/ph1__heme_consecutive__HMBS_vs_UROS__LIHC_Normal__spearman.pdf"
"ph1","heme_consecutive","HMBS","UROS","LUAD_Normal",0.52,"2.2e-05","ok","./gepia_pdfs/gepia_pdfs_ph1/ph1__heme_consecutive__HMBS_vs_UROS__LUAD_Normal__spearman.pdf"
"ph1","heme_consecutive","HMBS","UROS","LUSC_Normal",0.52,"0.00012","ok","./gepia_pdfs/gepia_pdfs_ph1/ph1__heme_consecutive__HMBS_vs_UROS__LUSC_Normal__spearman.pdf"
"ph1","heme_consecutive","HMBS","UROS","PAAD_Normal",0.8,"0.33","ok","./gepia_pdfs/gepia_pdfs_ph1/ph1__heme_consecutive__HMBS_vs_UROS__PAAD_Normal__spearman.pdf"
"ph1","heme_consecutive","HMBS","UROS","PCPG_Normal",1,"0.33","ok","./gepia_pdfs/gepia_pdfs_ph1/ph1__heme_consecutive__HMBS_vs_UROS__PCPG_Normal__spearman.pdf"
"ph1","heme_consecutive","HMBS","UROS","PRAD_Normal",0.25,"0.071","ok","./gepia_pdfs/gepia_pdfs_ph1/ph1__heme_consecutive__HMBS_vs_UROS__PRAD_Normal__spearman.pdf"
"ph1","heme_consecutive","HMBS","UROS","READ_Normal",-0.49,"0.15","ok","./gepia_pdfs/gepia_pdfs_ph1/ph1__heme_consecutive__HMBS_vs_UROS__READ_Normal__spearman.pdf"
"ph1","heme_consecutive","HMBS","UROS","SARC_Normal",1,"1","ok","./gepia_pdfs/gepia_pdfs_ph1/ph1__heme_consecutive__HMBS_vs_UROS__SARC_Normal__spearman.pdf"
"ph1","heme_consecutive","HMBS","UROS","SKCM_Normal",NA,NA,"extraction_failed","./gepia_pdfs/gepia_pdfs_ph1/ph1__heme_consecutive__HMBS_vs_UROS__SKCM_Normal__spearman.pdf"
"ph1","heme_consecutive","HMBS","UROS","STAD_Normal",-0.12,"0.48","ok","./gepia_pdfs/gepia_pdfs_ph1/ph1__heme_consecutive__HMBS_vs_UROS__STAD_Normal__spearman.pdf"
"ph1","heme_consecutive","HMBS","UROS","THCA_Normal",0.54,"1.7e-05","ok","./gepia_pdfs/gepia_pdfs_ph1/ph1__heme_consecutive__HMBS_vs_UROS__THCA_Normal__spearman.pdf"
"ph1","heme_consecutive","HMBS","UROS","THYM_Normal",1,"1","ok","./gepia_pdfs/gepia_pdfs_ph1/ph1__heme_consecutive__HMBS_vs_UROS__THYM_Normal__spearman.pdf"
"ph1","heme_consecutive","HMBS","UROS","UCEC_Normal",0.62,"0.027","ok","./gepia_pdfs/gepia_pdfs_ph1/ph1__heme_consecutive__HMBS_vs_UROS__UCEC_Normal__spearman.pdf"
"ph1","heme_consecutive","PPOX","FECH","Adipose_Subcutaneous",0.13,"0.016","ok","./gepia_pdfs/gepia_pdfs_ph1/ph1__heme_consecutive__PPOX_vs_FECH__Adipose_Subcutaneous__spearman.pdf"
"ph1","heme_consecutive","PPOX","FECH","BLCA_Normal",-0.27,"0.27","ok","./gepia_pdfs/gepia_pdfs_ph1/ph1__heme_consecutive__PPOX_vs_FECH__BLCA_Normal__spearman.pdf"
"ph1","heme_consecutive","PPOX","FECH","BRCA_Normal",0.35,"0.00013","ok","./gepia_pdfs/gepia_pdfs_ph1/ph1__heme_consecutive__PPOX_vs_FECH__BRCA_Normal__spearman.pdf"
"ph1","heme_consecutive","PPOX","FECH","CESC_Normal",0.5,"1","ok","./gepia_pdfs/gepia_pdfs_ph1/ph1__heme_consecutive__PPOX_vs_FECH__CESC_Normal__spearman.pdf"
"ph1","heme_consecutive","PPOX","FECH","CHOL_Normal",0.13,"0.74","ok","./gepia_pdfs/gepia_pdfs_ph1/ph1__heme_consecutive__PPOX_vs_FECH__CHOL_Normal__spearman.pdf"
"ph1","heme_consecutive","PPOX","FECH","COAD_Normal",0.37,"0.017","ok","./gepia_pdfs/gepia_pdfs_ph1/ph1__heme_consecutive__PPOX_vs_FECH__COAD_Normal__spearman.pdf"
"ph1","heme_consecutive","PPOX","FECH","ESCA_Normal",0.31,"0.3","ok","./gepia_pdfs/gepia_pdfs_ph1/ph1__heme_consecutive__PPOX_vs_FECH__ESCA_Normal__spearman.pdf"
"ph1","heme_consecutive","PPOX","FECH","HNSC_Normal",-0.084,"0.59","ok","./gepia_pdfs/gepia_pdfs_ph1/ph1__heme_consecutive__PPOX_vs_FECH__HNSC_Normal__spearman.pdf"
"ph1","heme_consecutive","PPOX","FECH","KICH_Normal",0.24,"0.25","ok","./gepia_pdfs/gepia_pdfs_ph1/ph1__heme_consecutive__PPOX_vs_FECH__KICH_Normal__spearman.pdf"
"ph1","heme_consecutive","PPOX","FECH","KIRC_Normal",0.18,"0.14","ok","./gepia_pdfs/gepia_pdfs_ph1/ph1__heme_consecutive__PPOX_vs_FECH__KIRC_Normal__spearman.pdf"
"ph1","heme_consecutive","PPOX","FECH","KIRP_Normal",0.039,"0.83","ok","./gepia_pdfs/gepia_pdfs_ph1/ph1__heme_consecutive__PPOX_vs_FECH__KIRP_Normal__spearman.pdf"
"ph1","heme_consecutive","PPOX","FECH","LIHC_Normal",0.24,"0.09","ok","./gepia_pdfs/gepia_pdfs_ph1/ph1__heme_consecutive__PPOX_vs_FECH__LIHC_Normal__spearman.pdf"
"ph1","heme_consecutive","PPOX","FECH","LUAD_Normal",0.015,"0.91","ok","./gepia_pdfs/gepia_pdfs_ph1/ph1__heme_consecutive__PPOX_vs_FECH__LUAD_Normal__spearman.pdf"
"ph1","heme_consecutive","PPOX","FECH","LUSC_Normal",0.023,"0.88","ok","./gepia_pdfs/gepia_pdfs_ph1/ph1__heme_consecutive__PPOX_vs_FECH__LUSC_Normal__spearman.pdf"
"ph1","heme_consecutive","PPOX","FECH","PAAD_Normal",-0.4,"0.75","ok","./gepia_pdfs/gepia_pdfs_ph1/ph1__heme_consecutive__PPOX_vs_FECH__PAAD_Normal__spearman.pdf"
"ph1","heme_consecutive","PPOX","FECH","PCPG_Normal",0.5,"1","ok","./gepia_pdfs/gepia_pdfs_ph1/ph1__heme_consecutive__PPOX_vs_FECH__PCPG_Normal__spearman.pdf"
"ph1","heme_consecutive","PPOX","FECH","PRAD_Normal",0.16,"0.26","ok","./gepia_pdfs/gepia_pdfs_ph1/ph1__heme_consecutive__PPOX_vs_FECH__PRAD_Normal__spearman.pdf"
"ph1","heme_consecutive","PPOX","FECH","READ_Normal",0.52,"0.13","ok","./gepia_pdfs/gepia_pdfs_ph1/ph1__heme_consecutive__PPOX_vs_FECH__READ_Normal__spearman.pdf"
"ph1","heme_consecutive","PPOX","FECH","SARC_Normal",-1,"1","ok","./gepia_pdfs/gepia_pdfs_ph1/ph1__heme_consecutive__PPOX_vs_FECH__SARC_Normal__spearman.pdf"
"ph1","heme_consecutive","PPOX","FECH","SKCM_Normal",NA,NA,"extraction_failed","./gepia_pdfs/gepia_pdfs_ph1/ph1__heme_consecutive__PPOX_vs_FECH__SKCM_Normal__spearman.pdf"
"ph1","heme_consecutive","PPOX","FECH","STAD_Normal",0.82,"9.4e-10","ok","./gepia_pdfs/gepia_pdfs_ph1/ph1__heme_consecutive__PPOX_vs_FECH__STAD_Normal__spearman.pdf"
"ph1","heme_consecutive","PPOX","FECH","THCA_Normal",-0.042,"0.75","ok","./gepia_pdfs/gepia_pdfs_ph1/ph1__heme_consecutive__PPOX_vs_FECH__THCA_Normal__spearman.pdf"
"ph1","heme_consecutive","PPOX","FECH","THYM_Normal",1,"1","ok","./gepia_pdfs/gepia_pdfs_ph1/ph1__heme_consecutive__PPOX_vs_FECH__THYM_Normal__spearman.pdf"
"ph1","heme_consecutive","PPOX","FECH","UCEC_Normal",-0.24,"0.44","ok","./gepia_pdfs/gepia_pdfs_ph1/ph1__heme_consecutive__PPOX_vs_FECH__UCEC_Normal__spearman.pdf"
"ph1","heme_consecutive","UROD","CPOX","Adipose_Subcutaneous",0.13,"0.016","ok","./gepia_pdfs/gepia_pdfs_ph1/ph1__heme_consecutive__UROD_vs_CPOX__Adipose_Subcutaneous__spearman.pdf"
"ph1","heme_consecutive","UROD","CPOX","BLCA_Normal",0.035,"0.89","ok","./gepia_pdfs/gepia_pdfs_ph1/ph1__heme_consecutive__UROD_vs_CPOX__BLCA_Normal__spearman.pdf"
"ph1","heme_consecutive","UROD","CPOX","BRCA_Normal",-0.29,"0.0016","ok","./gepia_pdfs/gepia_pdfs_ph1/ph1__heme_consecutive__UROD_vs_CPOX__BRCA_Normal__spearman.pdf"
"ph1","heme_consecutive","UROD","CPOX","CESC_Normal",1,"0.33","ok","./gepia_pdfs/gepia_pdfs_ph1/ph1__heme_consecutive__UROD_vs_CPOX__CESC_Normal__spearman.pdf"
"ph1","heme_consecutive","UROD","CPOX","CHOL_Normal",0.38,"0.31","ok","./gepia_pdfs/gepia_pdfs_ph1/ph1__heme_consecutive__UROD_vs_CPOX__CHOL_Normal__spearman.pdf"
"ph1","heme_consecutive","UROD","CPOX","COAD_Normal",-0.22,"0.17","ok","./gepia_pdfs/gepia_pdfs_ph1/ph1__heme_consecutive__UROD_vs_CPOX__COAD_Normal__spearman.pdf"
"ph1","heme_consecutive","UROD","CPOX","ESCA_Normal",0.63,"0.024","ok","./gepia_pdfs/gepia_pdfs_ph1/ph1__heme_consecutive__UROD_vs_CPOX__ESCA_Normal__spearman.pdf"
"ph1","heme_consecutive","UROD","CPOX","HNSC_Normal",-0.31,"0.04","ok","./gepia_pdfs/gepia_pdfs_ph1/ph1__heme_consecutive__UROD_vs_CPOX__HNSC_Normal__spearman.pdf"
"ph1","heme_consecutive","UROD","CPOX","KICH_Normal",-0.063,"0.76","ok","./gepia_pdfs/gepia_pdfs_ph1/ph1__heme_consecutive__UROD_vs_CPOX__KICH_Normal__spearman.pdf"
"ph1","heme_consecutive","UROD","CPOX","KIRC_Normal",0.16,"0.17","ok","./gepia_pdfs/gepia_pdfs_ph1/ph1__heme_consecutive__UROD_vs_CPOX__KIRC_Normal__spearman.pdf"
"ph1","heme_consecutive","UROD","CPOX","KIRP_Normal",0.31,"0.084","ok","./gepia_pdfs/gepia_pdfs_ph1/ph1__heme_consecutive__UROD_vs_CPOX__KIRP_Normal__spearman.pdf"
"ph1","heme_consecutive","UROD","CPOX","LIHC_Normal",0.41,"0.0035","ok","./gepia_pdfs/gepia_pdfs_ph1/ph1__heme_consecutive__UROD_vs_CPOX__LIHC_Normal__spearman.pdf"
"ph1","heme_consecutive","UROD","CPOX","LUAD_Normal",-0.14,"0.29","ok","./gepia_pdfs/gepia_pdfs_ph1/ph1__heme_consecutive__UROD_vs_CPOX__LUAD_Normal__spearman.pdf"
"ph1","heme_consecutive","UROD","CPOX","LUSC_Normal",0.27,"0.055","ok","./gepia_pdfs/gepia_pdfs_ph1/ph1__heme_consecutive__UROD_vs_CPOX__LUSC_Normal__spearman.pdf"
"ph1","heme_consecutive","UROD","CPOX","PAAD_Normal",1,"0.083","ok","./gepia_pdfs/gepia_pdfs_ph1/ph1__heme_consecutive__UROD_vs_CPOX__PAAD_Normal__spearman.pdf"
"ph1","heme_consecutive","UROD","CPOX","PCPG_Normal",0.5,"1","ok","./gepia_pdfs/gepia_pdfs_ph1/ph1__heme_consecutive__UROD_vs_CPOX__PCPG_Normal__spearman.pdf"
"ph1","heme_consecutive","UROD","CPOX","PRAD_Normal",0.29,"0.038","ok","./gepia_pdfs/gepia_pdfs_ph1/ph1__heme_consecutive__UROD_vs_CPOX__PRAD_Normal__spearman.pdf"
"ph1","heme_consecutive","UROD","CPOX","READ_Normal",-0.38,"0.28","ok","./gepia_pdfs/gepia_pdfs_ph1/ph1__heme_consecutive__UROD_vs_CPOX__READ_Normal__spearman.pdf"
"ph1","heme_consecutive","UROD","CPOX","SARC_Normal",-1,"1","ok","./gepia_pdfs/gepia_pdfs_ph1/ph1__heme_consecutive__UROD_vs_CPOX__SARC_Normal__spearman.pdf"
"ph1","heme_consecutive","UROD","CPOX","SKCM_Normal",NA,NA,"extraction_failed","./gepia_pdfs/gepia_pdfs_ph1/ph1__heme_consecutive__UROD_vs_CPOX__SKCM_Normal__spearman.pdf"
"ph1","heme_consecutive","UROD","CPOX","STAD_Normal",0.048,"0.78","ok","./gepia_pdfs/gepia_pdfs_ph1/ph1__heme_consecutive__UROD_vs_CPOX__STAD_Normal__spearman.pdf"
"ph1","heme_consecutive","UROD","CPOX","THCA_Normal",-0.02,"0.88","ok","./gepia_pdfs/gepia_pdfs_ph1/ph1__heme_consecutive__UROD_vs_CPOX__THCA_Normal__spearman.pdf"
"ph1","heme_consecutive","UROD","CPOX","THYM_Normal",1,"1","ok","./gepia_pdfs/gepia_pdfs_ph1/ph1__heme_consecutive__UROD_vs_CPOX__THYM_Normal__spearman.pdf"
"ph1","heme_consecutive","UROD","CPOX","UCEC_Normal",-0.027,"0.93","ok","./gepia_pdfs/gepia_pdfs_ph1/ph1__heme_consecutive__UROD_vs_CPOX__UCEC_Normal__spearman.pdf"
"ph1","heme_consecutive","UROS","UROD","Adipose_Subcutaneous",0.44,"2.3e-16","ok","./gepia_pdfs/gepia_pdfs_ph1/ph1__heme_consecutive__UROS_vs_UROD__Adipose_Subcutaneous__spearman.pdf"
"ph1","heme_consecutive","UROS","UROD","BLCA_Normal",0.67,"0.0024","ok","./gepia_pdfs/gepia_pdfs_ph1/ph1__heme_consecutive__UROS_vs_UROD__BLCA_Normal__spearman.pdf"
"ph1","heme_consecutive","UROS","UROD","BRCA_Normal",0.43,"1.7e-06","ok","./gepia_pdfs/gepia_pdfs_ph1/ph1__heme_consecutive__UROS_vs_UROD__BRCA_Normal__spearman.pdf"
"ph1","heme_consecutive","UROS","UROD","CESC_Normal",1,"0.33","ok","./gepia_pdfs/gepia_pdfs_ph1/ph1__heme_consecutive__UROS_vs_UROD__CESC_Normal__spearman.pdf"
"ph1","heme_consecutive","UROS","UROD","CHOL_Normal",0.8,"0.014","ok","./gepia_pdfs/gepia_pdfs_ph1/ph1__heme_consecutive__UROS_vs_UROD__CHOL_Normal__spearman.pdf"
"ph1","heme_consecutive","UROS","UROD","COAD_Normal",0.63,"1.4e-05","ok","./gepia_pdfs/gepia_pdfs_ph1/ph1__heme_consecutive__UROS_vs_UROD__COAD_Normal__spearman.pdf"
"ph1","heme_consecutive","UROS","UROD","ESCA_Normal",0.86,"0.00026","ok","./gepia_pdfs/gepia_pdfs_ph1/ph1__heme_consecutive__UROS_vs_UROD__ESCA_Normal__spearman.pdf"
"ph1","heme_consecutive","UROS","UROD","HNSC_Normal",0.76,"4e-08","ok","./gepia_pdfs/gepia_pdfs_ph1/ph1__heme_consecutive__UROS_vs_UROD__HNSC_Normal__spearman.pdf"
"ph1","heme_consecutive","UROS","UROD","KICH_Normal",0.7,"0.00011","ok","./gepia_pdfs/gepia_pdfs_ph1/ph1__heme_consecutive__UROS_vs_UROD__KICH_Normal__spearman.pdf"
"ph1","heme_consecutive","UROS","UROD","KIRC_Normal",0.7,"1e-11","ok","./gepia_pdfs/gepia_pdfs_ph1/ph1__heme_consecutive__UROS_vs_UROD__KIRC_Normal__spearman.pdf"
"ph1","heme_consecutive","UROS","UROD","KIRP_Normal",0.69,"1.2e-05","ok","./gepia_pdfs/gepia_pdfs_ph1/ph1__heme_consecutive__UROS_vs_UROD__KIRP_Normal__spearman.pdf"
"ph1","heme_consecutive","UROS","UROD","LIHC_Normal",0.74,"7.8e-10","ok","./gepia_pdfs/gepia_pdfs_ph1/ph1__heme_consecutive__UROS_vs_UROD__LIHC_Normal__spearman.pdf"
"ph1","heme_consecutive","UROS","UROD","LUAD_Normal",0.46,"0.00029","ok","./gepia_pdfs/gepia_pdfs_ph1/ph1__heme_consecutive__UROS_vs_UROD__LUAD_Normal__spearman.pdf"
"ph1","heme_consecutive","UROS","UROD","LUSC_Normal",0.61,"4.7e-06","ok","./gepia_pdfs/gepia_pdfs_ph1/ph1__heme_consecutive__UROS_vs_UROD__LUSC_Normal__spearman.pdf"
"ph1","heme_consecutive","UROS","UROD","PAAD_Normal",0.2,"0.92","ok","./gepia_pdfs/gepia_pdfs_ph1/ph1__heme_consecutive__UROS_vs_UROD__PAAD_Normal__spearman.pdf"
"ph1","heme_consecutive","UROS","UROD","PCPG_Normal",0.5,"1","ok","./gepia_pdfs/gepia_pdfs_ph1/ph1__heme_consecutive__UROS_vs_UROD__PCPG_Normal__spearman.pdf"
"ph1","heme_consecutive","UROS","UROD","PRAD_Normal",0.5,"0.00018","ok","./gepia_pdfs/gepia_pdfs_ph1/ph1__heme_consecutive__UROS_vs_UROD__PRAD_Normal__spearman.pdf"
"ph1","heme_consecutive","UROS","UROD","READ_Normal",0.55,"0.1","ok","./gepia_pdfs/gepia_pdfs_ph1/ph1__heme_consecutive__UROS_vs_UROD__READ_Normal__spearman.pdf"
"ph1","heme_consecutive","UROS","UROD","SARC_Normal",1,"1","ok","./gepia_pdfs/gepia_pdfs_ph1/ph1__heme_consecutive__UROS_vs_UROD__SARC_Normal__spearman.pdf"
"ph1","heme_consecutive","UROS","UROD","SKCM_Normal",NA,NA,"extraction_failed","./gepia_pdfs/gepia_pdfs_ph1/ph1__heme_consecutive__UROS_vs_UROD__SKCM_Normal__spearman.pdf"
"ph1","heme_consecutive","UROS","UROD","STAD_Normal",0.85,"4.1e-08","ok","./gepia_pdfs/gepia_pdfs_ph1/ph1__heme_consecutive__UROS_vs_UROD__STAD_Normal__spearman.pdf"
"ph1","heme_consecutive","UROS","UROD","THCA_Normal",0.6,"1e-06","ok","./gepia_pdfs/gepia_pdfs_ph1/ph1__heme_consecutive__UROS_vs_UROD__THCA_Normal__spearman.pdf"
"ph1","heme_consecutive","UROS","UROD","THYM_Normal",1,"1","ok","./gepia_pdfs/gepia_pdfs_ph1/ph1__heme_consecutive__UROS_vs_UROD__THYM_Normal__spearman.pdf"
"ph1","heme_consecutive","UROS","UROD","UCEC_Normal",0.13,"0.68","ok","./gepia_pdfs/gepia_pdfs_ph1/ph1__heme_consecutive__UROS_vs_UROD__UCEC_Normal__spearman.pdf"
"ph1","heme_nonconsecutive","ALAS1","FECH","Adipose_Subcutaneous",0.26,"1.7e-06","ok","./gepia_pdfs/gepia_pdfs_ph1/ph1__heme_nonconsecutive__ALAS1_vs_FECH__Adipose_Subcutaneous__spearman.pdf"
"ph1","heme_nonconsecutive","ALAS1","FECH","BLCA_Normal",-0.73,"0.00052","ok","./gepia_pdfs/gepia_pdfs_ph1/ph1__heme_nonconsecutive__ALAS1_vs_FECH__BLCA_Normal__spearman.pdf"
"ph1","heme_nonconsecutive","ALAS1","FECH","BRCA_Normal",0.056,"0.56","ok","./gepia_pdfs/gepia_pdfs_ph1/ph1__heme_nonconsecutive__ALAS1_vs_FECH__BRCA_Normal__spearman.pdf"
"ph1","heme_nonconsecutive","ALAS1","FECH","CESC_Normal",-0.5,"1","ok","./gepia_pdfs/gepia_pdfs_ph1/ph1__heme_nonconsecutive__ALAS1_vs_FECH__CESC_Normal__spearman.pdf"
"ph1","heme_nonconsecutive","ALAS1","FECH","CHOL_Normal",-0.22,"0.58","ok","./gepia_pdfs/gepia_pdfs_ph1/ph1__heme_nonconsecutive__ALAS1_vs_FECH__CHOL_Normal__spearman.pdf"
"ph1","heme_nonconsecutive","ALAS1","FECH","COAD_Normal",-0.2,"0.21","ok","./gepia_pdfs/gepia_pdfs_ph1/ph1__heme_nonconsecutive__ALAS1_vs_FECH__COAD_Normal__spearman.pdf"
"ph1","heme_nonconsecutive","ALAS1","FECH","ESCA_Normal",0.54,"0.061","ok","./gepia_pdfs/gepia_pdfs_ph1/ph1__heme_nonconsecutive__ALAS1_vs_FECH__ESCA_Normal__spearman.pdf"
"ph1","heme_nonconsecutive","ALAS1","FECH","HNSC_Normal",0.16,"0.31","ok","./gepia_pdfs/gepia_pdfs_ph1/ph1__heme_nonconsecutive__ALAS1_vs_FECH__HNSC_Normal__spearman.pdf"
"ph1","heme_nonconsecutive","ALAS1","FECH","KICH_Normal",0.22,"0.3","ok","./gepia_pdfs/gepia_pdfs_ph1/ph1__heme_nonconsecutive__ALAS1_vs_FECH__KICH_Normal__spearman.pdf"
"ph1","heme_nonconsecutive","ALAS1","FECH","KIRC_Normal",0.31,"0.0081","ok","./gepia_pdfs/gepia_pdfs_ph1/ph1__heme_nonconsecutive__ALAS1_vs_FECH__KIRC_Normal__spearman.pdf"
"ph1","heme_nonconsecutive","ALAS1","FECH","KIRP_Normal",-0.076,"0.68","ok","./gepia_pdfs/gepia_pdfs_ph1/ph1__heme_nonconsecutive__ALAS1_vs_FECH__KIRP_Normal__spearman.pdf"
"ph1","heme_nonconsecutive","ALAS1","FECH","LIHC_Normal",0.0078,"0.96","ok","./gepia_pdfs/gepia_pdfs_ph1/ph1__heme_nonconsecutive__ALAS1_vs_FECH__LIHC_Normal__spearman.pdf"
"ph1","heme_nonconsecutive","ALAS1","FECH","LUAD_Normal",0.15,"0.25","ok","./gepia_pdfs/gepia_pdfs_ph1/ph1__heme_nonconsecutive__ALAS1_vs_FECH__LUAD_Normal__spearman.pdf"
"ph1","heme_nonconsecutive","ALAS1","FECH","LUSC_Normal",0.28,"0.05","ok","./gepia_pdfs/gepia_pdfs_ph1/ph1__heme_nonconsecutive__ALAS1_vs_FECH__LUSC_Normal__spearman.pdf"
"ph1","heme_nonconsecutive","ALAS1","FECH","PAAD_Normal",0.2,"0.92","ok","./gepia_pdfs/gepia_pdfs_ph1/ph1__heme_nonconsecutive__ALAS1_vs_FECH__PAAD_Normal__spearman.pdf"
"ph1","heme_nonconsecutive","ALAS1","FECH","PCPG_Normal",0.5,"1","ok","./gepia_pdfs/gepia_pdfs_ph1/ph1__heme_nonconsecutive__ALAS1_vs_FECH__PCPG_Normal__spearman.pdf"
"ph1","heme_nonconsecutive","ALAS1","FECH","PRAD_Normal",-0.27,"0.05","ok","./gepia_pdfs/gepia_pdfs_ph1/ph1__heme_nonconsecutive__ALAS1_vs_FECH__PRAD_Normal__spearman.pdf"
"ph1","heme_nonconsecutive","ALAS1","FECH","READ_Normal",-0.38,"0.28","ok","./gepia_pdfs/gepia_pdfs_ph1/ph1__heme_nonconsecutive__ALAS1_vs_FECH__READ_Normal__spearman.pdf"
"ph1","heme_nonconsecutive","ALAS1","FECH","SARC_Normal",1,"1","ok","./gepia_pdfs/gepia_pdfs_ph1/ph1__heme_nonconsecutive__ALAS1_vs_FECH__SARC_Normal__spearman.pdf"
"ph1","heme_nonconsecutive","ALAS1","FECH","SKCM_Normal",NA,NA,"extraction_failed","./gepia_pdfs/gepia_pdfs_ph1/ph1__heme_nonconsecutive__ALAS1_vs_FECH__SKCM_Normal__spearman.pdf"
"ph1","heme_nonconsecutive","ALAS1","FECH","STAD_Normal",-0.061,"0.72","ok","./gepia_pdfs/gepia_pdfs_ph1/ph1__heme_nonconsecutive__ALAS1_vs_FECH__STAD_Normal__spearman.pdf"
"ph1","heme_nonconsecutive","ALAS1","FECH","THCA_Normal",0.47,"0.00021","ok","./gepia_pdfs/gepia_pdfs_ph1/ph1__heme_nonconsecutive__ALAS1_vs_FECH__THCA_Normal__spearman.pdf"
"ph1","heme_nonconsecutive","ALAS1","FECH","THYM_Normal",-1,"1","ok","./gepia_pdfs/gepia_pdfs_ph1/ph1__heme_nonconsecutive__ALAS1_vs_FECH__THYM_Normal__spearman.pdf"
"ph1","heme_nonconsecutive","ALAS1","FECH","UCEC_Normal",0.26,"0.38","ok","./gepia_pdfs/gepia_pdfs_ph1/ph1__heme_nonconsecutive__ALAS1_vs_FECH__UCEC_Normal__spearman.pdf"
"ph1","heme_nonconsecutive","HMBS","FECH","Adipose_Subcutaneous",0.31,"1.1e-08","ok","./gepia_pdfs/gepia_pdfs_ph1/ph1__heme_nonconsecutive__HMBS_vs_FECH__Adipose_Subcutaneous__spearman.pdf"
"ph1","heme_nonconsecutive","HMBS","FECH","BLCA_Normal",0.14,"0.55","ok","./gepia_pdfs/gepia_pdfs_ph1/ph1__heme_nonconsecutive__HMBS_vs_FECH__BLCA_Normal__spearman.pdf"
"ph1","heme_nonconsecutive","HMBS","FECH","BRCA_Normal",0.19,"0.046","ok","./gepia_pdfs/gepia_pdfs_ph1/ph1__heme_nonconsecutive__HMBS_vs_FECH__BRCA_Normal__spearman.pdf"
"ph1","heme_nonconsecutive","HMBS","FECH","CESC_Normal",1,"0.33","ok","./gepia_pdfs/gepia_pdfs_ph1/ph1__heme_nonconsecutive__HMBS_vs_FECH__CESC_Normal__spearman.pdf"
"ph1","heme_nonconsecutive","HMBS","FECH","CHOL_Normal",0.53,"0.15","ok","./gepia_pdfs/gepia_pdfs_ph1/ph1__heme_nonconsecutive__HMBS_vs_FECH__CHOL_Normal__spearman.pdf"
"ph1","heme_nonconsecutive","HMBS","FECH","COAD_Normal",0.08,"0.62","ok","./gepia_pdfs/gepia_pdfs_ph1/ph1__heme_nonconsecutive__HMBS_vs_FECH__COAD_Normal__spearman.pdf"
"ph1","heme_nonconsecutive","HMBS","FECH","ESCA_Normal",0.68,"0.014","ok","./gepia_pdfs/gepia_pdfs_ph1/ph1__heme_nonconsecutive__HMBS_vs_FECH__ESCA_Normal__spearman.pdf"
"ph1","heme_nonconsecutive","HMBS","FECH","HNSC_Normal",0.042,"0.79","ok","./gepia_pdfs/gepia_pdfs_ph1/ph1__heme_nonconsecutive__HMBS_vs_FECH__HNSC_Normal__spearman.pdf"
"ph1","heme_nonconsecutive","HMBS","FECH","KICH_Normal",0.28,"0.17","ok","./gepia_pdfs/gepia_pdfs_ph1/ph1__heme_nonconsecutive__HMBS_vs_FECH__KICH_Normal__spearman.pdf"
"ph1","heme_nonconsecutive","HMBS","FECH","KIRC_Normal",0.25,"0.033","ok","./gepia_pdfs/gepia_pdfs_ph1/ph1__heme_nonconsecutive__HMBS_vs_FECH__KIRC_Normal__spearman.pdf"
"ph1","heme_nonconsecutive","HMBS","FECH","KIRP_Normal",0.095,"0.61","ok","./gepia_pdfs/gepia_pdfs_ph1/ph1__heme_nonconsecutive__HMBS_vs_FECH__KIRP_Normal__spearman.pdf"
"ph1","heme_nonconsecutive","HMBS","FECH","LIHC_Normal",0.43,"0.0018","ok","./gepia_pdfs/gepia_pdfs_ph1/ph1__heme_nonconsecutive__HMBS_vs_FECH__LIHC_Normal__spearman.pdf"
"ph1","heme_nonconsecutive","HMBS","FECH","LUAD_Normal",-0.12,"0.37","ok","./gepia_pdfs/gepia_pdfs_ph1/ph1__heme_nonconsecutive__HMBS_vs_FECH__LUAD_Normal__spearman.pdf"
"ph1","heme_nonconsecutive","HMBS","FECH","LUSC_Normal",0.14,"0.32","ok","./gepia_pdfs/gepia_pdfs_ph1/ph1__heme_nonconsecutive__HMBS_vs_FECH__LUSC_Normal__spearman.pdf"
"ph1","heme_nonconsecutive","HMBS","FECH","PAAD_Normal",0.8,"0.33","ok","./gepia_pdfs/gepia_pdfs_ph1/ph1__heme_nonconsecutive__HMBS_vs_FECH__PAAD_Normal__spearman.pdf"
"ph1","heme_nonconsecutive","HMBS","FECH","PCPG_Normal",-0.5,"1","ok","./gepia_pdfs/gepia_pdfs_ph1/ph1__heme_nonconsecutive__HMBS_vs_FECH__PCPG_Normal__spearman.pdf"
"ph1","heme_nonconsecutive","HMBS","FECH","PRAD_Normal",0.41,"0.0023","ok","./gepia_pdfs/gepia_pdfs_ph1/ph1__heme_nonconsecutive__HMBS_vs_FECH__PRAD_Normal__spearman.pdf"
"ph1","heme_nonconsecutive","HMBS","FECH","READ_Normal",-0.47,"0.18","ok","./gepia_pdfs/gepia_pdfs_ph1/ph1__heme_nonconsecutive__HMBS_vs_FECH__READ_Normal__spearman.pdf"
"ph1","heme_nonconsecutive","HMBS","FECH","SARC_Normal",-1,"1","ok","./gepia_pdfs/gepia_pdfs_ph1/ph1__heme_nonconsecutive__HMBS_vs_FECH__SARC_Normal__spearman.pdf"
"ph1","heme_nonconsecutive","HMBS","FECH","SKCM_Normal",NA,NA,"extraction_failed","./gepia_pdfs/gepia_pdfs_ph1/ph1__heme_nonconsecutive__HMBS_vs_FECH__SKCM_Normal__spearman.pdf"
"ph1","heme_nonconsecutive","HMBS","FECH","STAD_Normal",-0.092,"0.59","ok","./gepia_pdfs/gepia_pdfs_ph1/ph1__heme_nonconsecutive__HMBS_vs_FECH__STAD_Normal__spearman.pdf"
"ph1","heme_nonconsecutive","HMBS","FECH","THCA_Normal",0.19,"0.16","ok","./gepia_pdfs/gepia_pdfs_ph1/ph1__heme_nonconsecutive__HMBS_vs_FECH__THCA_Normal__spearman.pdf"
"ph1","heme_nonconsecutive","HMBS","FECH","THYM_Normal",1,"1","ok","./gepia_pdfs/gepia_pdfs_ph1/ph1__heme_nonconsecutive__HMBS_vs_FECH__THYM_Normal__spearman.pdf"
"ph1","heme_nonconsecutive","HMBS","FECH","UCEC_Normal",0.21,"0.48","ok","./gepia_pdfs/gepia_pdfs_ph1/ph1__heme_nonconsecutive__HMBS_vs_FECH__UCEC_Normal__spearman.pdf"
"ph1","heme_nonconsecutive","HMBS","PPOX","Adipose_Subcutaneous",-0.27,"1e-06","ok","./gepia_pdfs/gepia_pdfs_ph1/ph1__heme_nonconsecutive__HMBS_vs_PPOX__Adipose_Subcutaneous__spearman.pdf"
"ph1","heme_nonconsecutive","HMBS","PPOX","BLCA_Normal",0.26,"0.29","ok","./gepia_pdfs/gepia_pdfs_ph1/ph1__heme_nonconsecutive__HMBS_vs_PPOX__BLCA_Normal__spearman.pdf"
"ph1","heme_nonconsecutive","HMBS","PPOX","BRCA_Normal",0.36,"9.9e-05","ok","./gepia_pdfs/gepia_pdfs_ph1/ph1__heme_nonconsecutive__HMBS_vs_PPOX__BRCA_Normal__spearman.pdf"
"ph1","heme_nonconsecutive","HMBS","PPOX","CESC_Normal",0.5,"1","ok","./gepia_pdfs/gepia_pdfs_ph1/ph1__heme_nonconsecutive__HMBS_vs_PPOX__CESC_Normal__spearman.pdf"
"ph1","heme_nonconsecutive","HMBS","PPOX","CHOL_Normal",0.12,"0.78","ok","./gepia_pdfs/gepia_pdfs_ph1/ph1__heme_nonconsecutive__HMBS_vs_PPOX__CHOL_Normal__spearman.pdf"
"ph1","heme_nonconsecutive","HMBS","PPOX","COAD_Normal",0.068,"0.67","ok","./gepia_pdfs/gepia_pdfs_ph1/ph1__heme_nonconsecutive__HMBS_vs_PPOX__COAD_Normal__spearman.pdf"
"ph1","heme_nonconsecutive","HMBS","PPOX","ESCA_Normal",0.37,"0.21","ok","./gepia_pdfs/gepia_pdfs_ph1/ph1__heme_nonconsecutive__HMBS_vs_PPOX__ESCA_Normal__spearman.pdf"
"ph1","heme_nonconsecutive","HMBS","PPOX","HNSC_Normal",0.2,"0.19","ok","./gepia_pdfs/gepia_pdfs_ph1/ph1__heme_nonconsecutive__HMBS_vs_PPOX__HNSC_Normal__spearman.pdf"
"ph1","heme_nonconsecutive","HMBS","PPOX","KICH_Normal",0.39,"0.054","ok","./gepia_pdfs/gepia_pdfs_ph1/ph1__heme_nonconsecutive__HMBS_vs_PPOX__KICH_Normal__spearman.pdf"
"ph1","heme_nonconsecutive","HMBS","PPOX","KIRC_Normal",0.48,"2e-05","ok","./gepia_pdfs/gepia_pdfs_ph1/ph1__heme_nonconsecutive__HMBS_vs_PPOX__KIRC_Normal__spearman.pdf"
"ph1","heme_nonconsecutive","HMBS","PPOX","KIRP_Normal",0.66,"3.8e-05","ok","./gepia_pdfs/gepia_pdfs_ph1/ph1__heme_nonconsecutive__HMBS_vs_PPOX__KIRP_Normal__spearman.pdf"
"ph1","heme_nonconsecutive","HMBS","PPOX","LIHC_Normal",0.49,"0.00031","ok","./gepia_pdfs/gepia_pdfs_ph1/ph1__heme_nonconsecutive__HMBS_vs_PPOX__LIHC_Normal__spearman.pdf"
"ph1","heme_nonconsecutive","HMBS","PPOX","LUAD_Normal",-0.13,"0.32","ok","./gepia_pdfs/gepia_pdfs_ph1/ph1__heme_nonconsecutive__HMBS_vs_PPOX__LUAD_Normal__spearman.pdf"
"ph1","heme_nonconsecutive","HMBS","PPOX","LUSC_Normal",0.13,"0.35","ok","./gepia_pdfs/gepia_pdfs_ph1/ph1__heme_nonconsecutive__HMBS_vs_PPOX__LUSC_Normal__spearman.pdf"
"ph1","heme_nonconsecutive","HMBS","PPOX","PAAD_Normal",-0.2,"0.92","ok","./gepia_pdfs/gepia_pdfs_ph1/ph1__heme_nonconsecutive__HMBS_vs_PPOX__PAAD_Normal__spearman.pdf"
"ph1","heme_nonconsecutive","HMBS","PPOX","PCPG_Normal",-1,"0.33","ok","./gepia_pdfs/gepia_pdfs_ph1/ph1__heme_nonconsecutive__HMBS_vs_PPOX__PCPG_Normal__spearman.pdf"
"ph1","heme_nonconsecutive","HMBS","PPOX","PRAD_Normal",0.29,"0.038","ok","./gepia_pdfs/gepia_pdfs_ph1/ph1__heme_nonconsecutive__HMBS_vs_PPOX__PRAD_Normal__spearman.pdf"
"ph1","heme_nonconsecutive","HMBS","PPOX","READ_Normal",-0.77,"0.014","ok","./gepia_pdfs/gepia_pdfs_ph1/ph1__heme_nonconsecutive__HMBS_vs_PPOX__READ_Normal__spearman.pdf"
"ph1","heme_nonconsecutive","HMBS","PPOX","SARC_Normal",1,"1","ok","./gepia_pdfs/gepia_pdfs_ph1/ph1__heme_nonconsecutive__HMBS_vs_PPOX__SARC_Normal__spearman.pdf"
"ph1","heme_nonconsecutive","HMBS","PPOX","SKCM_Normal",NA,NA,"extraction_failed","./gepia_pdfs/gepia_pdfs_ph1/ph1__heme_nonconsecutive__HMBS_vs_PPOX__SKCM_Normal__spearman.pdf"
"ph1","heme_nonconsecutive","HMBS","PPOX","STAD_Normal",-0.2,"0.23","ok","./gepia_pdfs/gepia_pdfs_ph1/ph1__heme_nonconsecutive__HMBS_vs_PPOX__STAD_Normal__spearman.pdf"
"ph1","heme_nonconsecutive","HMBS","PPOX","THCA_Normal",-0.13,"0.34","ok","./gepia_pdfs/gepia_pdfs_ph1/ph1__heme_nonconsecutive__HMBS_vs_PPOX__THCA_Normal__spearman.pdf"
"ph1","heme_nonconsecutive","HMBS","PPOX","THYM_Normal",1,"1","ok","./gepia_pdfs/gepia_pdfs_ph1/ph1__heme_nonconsecutive__HMBS_vs_PPOX__THYM_Normal__spearman.pdf"
"ph1","heme_nonconsecutive","HMBS","PPOX","UCEC_Normal",0.41,"0.16","ok","./gepia_pdfs/gepia_pdfs_ph1/ph1__heme_nonconsecutive__HMBS_vs_PPOX__UCEC_Normal__spearman.pdf"
