"phase","analysis","gene1","gene2","dataset","R","p_value","status","path"
"ph2","chromatin_vs_heme","ATAD2","ALAD","ACC_Tumor",0.18,"0.12","ok","./gepia_pdfs/gepia_pdfs_ph2/ph2__chromatin_vs_heme__ATAD2_vs_ALAD__ACC_Tumor__spearman.pdf"
"ph2","chromatin_vs_heme","ATAD2","ALAD","BLCA_Tumor",0.31,"3.4e-10","ok","./gepia_pdfs/gepia_pdfs_ph2/ph2__chromatin_vs_heme__ATAD2_vs_ALAD__BLCA_Tumor__spearman.pdf"
"ph2","chromatin_vs_heme","ATAD2","ALAD","BRCA_Tumor",-0.037,"0.22","ok","./gepia_pdfs/gepia_pdfs_ph2/ph2__chromatin_vs_heme__ATAD2_vs_ALAD__BRCA_Tumor__spearman.pdf"
"ph2","chromatin_vs_heme","ATAD2","ALAD","CESC_Tumor",0.43,"3.7e-15","ok","./gepia_pdfs/gepia_pdfs_ph2/ph2__chromatin_vs_heme__ATAD2_vs_ALAD__CESC_Tumor__spearman.pdf"
"ph2","chromatin_vs_heme","ATAD2","ALAD","CHOL_Tumor",0.33,"0.047","ok","./gepia_pdfs/gepia_pdfs_ph2/ph2__chromatin_vs_heme__ATAD2_vs_ALAD__CHOL_Tumor__spearman.pdf"
"ph2","chromatin_vs_heme","ATAD2","ALAD","COAD_Tumor",0.027,"0.66","ok","./gepia_pdfs/gepia_pdfs_ph2/ph2__chromatin_vs_heme__ATAD2_vs_ALAD__COAD_Tumor__spearman.pdf"
"ph2","chromatin_vs_heme","ATAD2","ALAD","DLBC_Tumor",0.72,"5.6e-08","ok","./gepia_pdfs/gepia_pdfs_ph2/ph2__chromatin_vs_heme__ATAD2_vs_ALAD__DLBC_Tumor__spearman.pdf"
"ph2","chromatin_vs_heme","ATAD2","ALAD","ESCA_Tumor",0.16,"0.031","ok","./gepia_pdfs/gepia_pdfs_ph2/ph2__chromatin_vs_heme__ATAD2_vs_ALAD__ESCA_Tumor__spearman.pdf"
"ph2","chromatin_vs_heme","ATAD2","ALAD","GBM_Tumor",0.26,"0.00069","ok","./gepia_pdfs/gepia_pdfs_ph2/ph2__chromatin_vs_heme__ATAD2_vs_ALAD__GBM_Tumor__spearman.pdf"
"ph2","chromatin_vs_heme","ATAD2","ALAD","HNSC_Tumor",0.4,"3.4e-21","ok","./gepia_pdfs/gepia_pdfs_ph2/ph2__chromatin_vs_heme__ATAD2_vs_ALAD__HNSC_Tumor__spearman.pdf"
"ph2","chromatin_vs_heme","ATAD2","ALAD","KICH_Tumor",0.54,"2.8e-06","ok","./gepia_pdfs/gepia_pdfs_ph2/ph2__chromatin_vs_heme__ATAD2_vs_ALAD__KICH_Tumor__spearman.pdf"
"ph2","chromatin_vs_heme","ATAD2","ALAD","KIRC_Tumor",0.3,"2.9e-12","ok","./gepia_pdfs/gepia_pdfs_ph2/ph2__chromatin_vs_heme__ATAD2_vs_ALAD__KIRC_Tumor__spearman.pdf"
"ph2","chromatin_vs_heme","ATAD2","ALAD","KIRP_Tumor",0.36,"2.7e-10","ok","./gepia_pdfs/gepia_pdfs_ph2/ph2__chromatin_vs_heme__ATAD2_vs_ALAD__KIRP_Tumor__spearman.pdf"
"ph2","chromatin_vs_heme","ATAD2","ALAD","LAML_Tumor",0.25,"0.00073","ok","./gepia_pdfs/gepia_pdfs_ph2/ph2__chromatin_vs_heme__ATAD2_vs_ALAD__LAML_Tumor__spearman.pdf"
"ph2","chromatin_vs_heme","ATAD2","ALAD","LGG_Tumor",-0.086,"0.049","ok","./gepia_pdfs/gepia_pdfs_ph2/ph2__chromatin_vs_heme__ATAD2_vs_ALAD__LGG_Tumor__spearman.pdf"
"ph2","chromatin_vs_heme","ATAD2","ALAD","LIHC_Tumor",0.057,"0.28","ok","./gepia_pdfs/gepia_pdfs_ph2/ph2__chromatin_vs_heme__ATAD2_vs_ALAD__LIHC_Tumor__spearman.pdf"
"ph2","chromatin_vs_heme","ATAD2","ALAD","LUAD_Tumor",0.0044,"0.92","ok","./gepia_pdfs/gepia_pdfs_ph2/ph2__chromatin_vs_heme__ATAD2_vs_ALAD__LUAD_Tumor__spearman.pdf"
"ph2","chromatin_vs_heme","ATAD2","ALAD","LUSC_Tumor",0.22,"9e-07","ok","./gepia_pdfs/gepia_pdfs_ph2/ph2__chromatin_vs_heme__ATAD2_vs_ALAD__LUSC_Tumor__spearman.pdf"
"ph2","chromatin_vs_heme","ATAD2","ALAD","MESO_Tumor",0.19,"0.08","ok","./gepia_pdfs/gepia_pdfs_ph2/ph2__chromatin_vs_heme__ATAD2_vs_ALAD__MESO_Tumor__spearman.pdf"
"ph2","chromatin_vs_heme","ATAD2","ALAD","OV_Tumor",0.44,"9.6e-22","ok","./gepia_pdfs/gepia_pdfs_ph2/ph2__chromatin_vs_heme__ATAD2_vs_ALAD__OV_Tumor__spearman.pdf"
"ph2","chromatin_vs_heme","ATAD2","ALAD","PAAD_Tumor",0.19,"0.01","ok","./gepia_pdfs/gepia_pdfs_ph2/ph2__chromatin_vs_heme__ATAD2_vs_ALAD__PAAD_Tumor__spearman.pdf"
"ph2","chromatin_vs_heme","ATAD2","ALAD","PCPG_Tumor",0.57,"2.9e-17","ok","./gepia_pdfs/gepia_pdfs_ph2/ph2__chromatin_vs_heme__ATAD2_vs_ALAD__PCPG_Tumor__spearman.pdf"
"ph2","chromatin_vs_heme","ATAD2","ALAD","PRAD_Tumor",0.46,"2.5e-27","ok","./gepia_pdfs/gepia_pdfs_ph2/ph2__chromatin_vs_heme__ATAD2_vs_ALAD__PRAD_Tumor__spearman.pdf"
"ph2","chromatin_vs_heme","ATAD2","ALAD","READ_Tumor",0.062,"0.56","ok","./gepia_pdfs/gepia_pdfs_ph2/ph2__chromatin_vs_heme__ATAD2_vs_ALAD__READ_Tumor__spearman.pdf"
"ph2","chromatin_vs_heme","ATAD2","ALAD","SARC_Tumor",0.5,"5.8e-18","ok","./gepia_pdfs/gepia_pdfs_ph2/ph2__chromatin_vs_heme__ATAD2_vs_ALAD__SARC_Tumor__spearman.pdf"
"ph2","chromatin_vs_heme","ATAD2","ALAD","SKCM_Tumor",0.32,"1.2e-12","ok","./gepia_pdfs/gepia_pdfs_ph2/ph2__chromatin_vs_heme__ATAD2_vs_ALAD__SKCM_Tumor__spearman.pdf"
"ph2","chromatin_vs_heme","ATAD2","ALAD","STAD_Tumor",0.015,"0.76","ok","./gepia_pdfs/gepia_pdfs_ph2/ph2__chromatin_vs_heme__ATAD2_vs_ALAD__STAD_Tumor__spearman.pdf"
"ph2","chromatin_vs_heme","ATAD2","ALAD","TGCT_Tumor",0.65,"4.9e-18","ok","./gepia_pdfs/gepia_pdfs_ph2/ph2__chromatin_vs_heme__ATAD2_vs_ALAD__TGCT_Tumor__spearman.pdf"
"ph2","chromatin_vs_heme","ATAD2","ALAD","THCA_Tumor",0.42,"4.4e-23","ok","./gepia_pdfs/gepia_pdfs_ph2/ph2__chromatin_vs_heme__ATAD2_vs_ALAD__THCA_Tumor__spearman.pdf"
"ph2","chromatin_vs_heme","ATAD2","ALAD","THYM_Tumor",0.59,"1.3e-12","ok","./gepia_pdfs/gepia_pdfs_ph2/ph2__chromatin_vs_heme__ATAD2_vs_ALAD__THYM_Tumor__spearman.pdf"
"ph2","chromatin_vs_heme","ATAD2","ALAD","UCEC_Tumor",0.33,"9.4e-06","ok","./gepia_pdfs/gepia_pdfs_ph2/ph2__chromatin_vs_heme__ATAD2_vs_ALAD__UCEC_Tumor__spearman.pdf"
"ph2","chromatin_vs_heme","ATAD2","ALAD","UCS_Tumor",0.27,"0.04","ok","./gepia_pdfs/gepia_pdfs_ph2/ph2__chromatin_vs_heme__ATAD2_vs_ALAD__UCS_Tumor__spearman.pdf"
"ph2","chromatin_vs_heme","ATAD2","ALAD","UVM_Tumor",0.55,"1.5e-07","ok","./gepia_pdfs/gepia_pdfs_ph2/ph2__chromatin_vs_heme__ATAD2_vs_ALAD__UVM_Tumor__spearman.pdf"
"ph2","chromatin_vs_heme","ATAD2","ALAS1","ACC_Tumor",0.18,"0.12","ok","./gepia_pdfs/gepia_pdfs_ph2/ph2__chromatin_vs_heme__ATAD2_vs_ALAS1__ACC_Tumor__spearman.pdf"
"ph2","chromatin_vs_heme","ATAD2","ALAS1","BLCA_Tumor",-0.029,"0.57","ok","./gepia_pdfs/gepia_pdfs_ph2/ph2__chromatin_vs_heme__ATAD2_vs_ALAS1__BLCA_Tumor__spearman.pdf"
"ph2","chromatin_vs_heme","ATAD2","ALAS1","BRCA_Tumor",0.21,"3.2e-12","ok","./gepia_pdfs/gepia_pdfs_ph2/ph2__chromatin_vs_heme__ATAD2_vs_ALAS1__BRCA_Tumor__spearman.pdf"
"ph2","chromatin_vs_heme","ATAD2","ALAS1","CESC_Tumor",0.046,"0.42","ok","./gepia_pdfs/gepia_pdfs_ph2/ph2__chromatin_vs_heme__ATAD2_vs_ALAS1__CESC_Tumor__spearman.pdf"
"ph2","chromatin_vs_heme","ATAD2","ALAS1","CHOL_Tumor",0.11,"0.52","ok","./gepia_pdfs/gepia_pdfs_ph2/ph2__chromatin_vs_heme__ATAD2_vs_ALAS1__CHOL_Tumor__spearman.pdf"
"ph2","chromatin_vs_heme","ATAD2","ALAS1","COAD_Tumor",0.14,"0.024","ok","./gepia_pdfs/gepia_pdfs_ph2/ph2__chromatin_vs_heme__ATAD2_vs_ALAS1__COAD_Tumor__spearman.pdf"
"ph2","chromatin_vs_heme","ATAD2","ALAS1","DLBC_Tumor",0.17,"0.24","ok","./gepia_pdfs/gepia_pdfs_ph2/ph2__chromatin_vs_heme__ATAD2_vs_ALAS1__DLBC_Tumor__spearman.pdf"
"ph2","chromatin_vs_heme","ATAD2","ALAS1","ESCA_Tumor",0.035,"0.64","ok","./gepia_pdfs/gepia_pdfs_ph2/ph2__chromatin_vs_heme__ATAD2_vs_ALAS1__ESCA_Tumor__spearman.pdf"
"ph2","chromatin_vs_heme","ATAD2","ALAS1","GBM_Tumor",0.53,"3.2e-13","ok","./gepia_pdfs/gepia_pdfs_ph2/ph2__chromatin_vs_heme__ATAD2_vs_ALAS1__GBM_Tumor__spearman.pdf"
"ph2","chromatin_vs_heme","ATAD2","ALAS1","HNSC_Tumor",0.22,"7.2e-07","ok","./gepia_pdfs/gepia_pdfs_ph2/ph2__chromatin_vs_heme__ATAD2_vs_ALAS1__HNSC_Tumor__spearman.pdf"
"ph2","chromatin_vs_heme","ATAD2","ALAS1","KICH_Tumor",0.27,"0.027","ok","./gepia_pdfs/gepia_pdfs_ph2/ph2__chromatin_vs_heme__ATAD2_vs_ALAS1__KICH_Tumor__spearman.pdf"
"ph2","chromatin_vs_heme","ATAD2","ALAS1","KIRC_Tumor",0.2,"3.1e-06","ok","./gepia_pdfs/gepia_pdfs_ph2/ph2__chromatin_vs_heme__ATAD2_vs_ALAS1__KIRC_Tumor__spearman.pdf"
"ph2","chromatin_vs_heme","ATAD2","ALAS1","KIRP_Tumor",0.05,"0.4","ok","./gepia_pdfs/gepia_pdfs_ph2/ph2__chromatin_vs_heme__ATAD2_vs_ALAS1__KIRP_Tumor__spearman.pdf"
"ph2","chromatin_vs_heme","ATAD2","ALAS1","LAML_Tumor",0.19,"0.011","ok","./gepia_pdfs/gepia_pdfs_ph2/ph2__chromatin_vs_heme__ATAD2_vs_ALAS1__LAML_Tumor__spearman.pdf"
"ph2","chromatin_vs_heme","ATAD2","ALAS1","LGG_Tumor",0.16,"0.00034","ok","./gepia_pdfs/gepia_pdfs_ph2/ph2__chromatin_vs_heme__ATAD2_vs_ALAS1__LGG_Tumor__spearman.pdf"
"ph2","chromatin_vs_heme","ATAD2","ALAS1","LIHC_Tumor",-0.079,"0.13","ok","./gepia_pdfs/gepia_pdfs_ph2/ph2__chromatin_vs_heme__ATAD2_vs_ALAS1__LIHC_Tumor__spearman.pdf"
"ph2","chromatin_vs_heme","ATAD2","ALAS1","LUAD_Tumor",0.093,"0.042","ok","./gepia_pdfs/gepia_pdfs_ph2/ph2__chromatin_vs_heme__ATAD2_vs_ALAS1__LUAD_Tumor__spearman.pdf"
"ph2","chromatin_vs_heme","ATAD2","ALAS1","LUSC_Tumor",0.24,"1.4e-07","ok","./gepia_pdfs/gepia_pdfs_ph2/ph2__chromatin_vs_heme__ATAD2_vs_ALAS1__LUSC_Tumor__spearman.pdf"
"ph2","chromatin_vs_heme","ATAD2","ALAS1","MESO_Tumor",0.13,"0.22","ok","./gepia_pdfs/gepia_pdfs_ph2/ph2__chromatin_vs_heme__ATAD2_vs_ALAS1__MESO_Tumor__spearman.pdf"
"ph2","chromatin_vs_heme","ATAD2","ALAS1","OV_Tumor",0.35,"4.6e-14","ok","./gepia_pdfs/gepia_pdfs_ph2/ph2__chromatin_vs_heme__ATAD2_vs_ALAS1__OV_Tumor__spearman.pdf"
"ph2","chromatin_vs_heme","ATAD2","ALAS1","PAAD_Tumor",0.21,"0.0052","ok","./gepia_pdfs/gepia_pdfs_ph2/ph2__chromatin_vs_heme__ATAD2_vs_ALAS1__PAAD_Tumor__spearman.pdf"
"ph2","chromatin_vs_heme","ATAD2","ALAS1","PCPG_Tumor",0.31,"2.4e-05","ok","./gepia_pdfs/gepia_pdfs_ph2/ph2__chromatin_vs_heme__ATAD2_vs_ALAS1__PCPG_Tumor__spearman.pdf"
"ph2","chromatin_vs_heme","ATAD2","ALAS1","PRAD_Tumor",0.29,"7.8e-11","ok","./gepia_pdfs/gepia_pdfs_ph2/ph2__chromatin_vs_heme__ATAD2_vs_ALAS1__PRAD_Tumor__spearman.pdf"
"ph2","chromatin_vs_heme","ATAD2","ALAS1","READ_Tumor",0.25,"0.015","ok","./gepia_pdfs/gepia_pdfs_ph2/ph2__chromatin_vs_heme__ATAD2_vs_ALAS1__READ_Tumor__spearman.pdf"
"ph2","chromatin_vs_heme","ATAD2","ALAS1","SARC_Tumor",0.28,"3.5e-06","ok","./gepia_pdfs/gepia_pdfs_ph2/ph2__chromatin_vs_heme__ATAD2_vs_ALAS1__SARC_Tumor__spearman.pdf"
"ph2","chromatin_vs_heme","ATAD2","ALAS1","SKCM_Tumor",0.16,"0.00051","ok","./gepia_pdfs/gepia_pdfs_ph2/ph2__chromatin_vs_heme__ATAD2_vs_ALAS1__SKCM_Tumor__spearman.pdf"
"ph2","chromatin_vs_heme","ATAD2","ALAS1","STAD_Tumor",0.3,"3.7e-10","ok","./gepia_pdfs/gepia_pdfs_ph2/ph2__chromatin_vs_heme__ATAD2_vs_ALAS1__STAD_Tumor__spearman.pdf"
"ph2","chromatin_vs_heme","ATAD2","ALAS1","TGCT_Tumor",0.24,"0.0056","ok","./gepia_pdfs/gepia_pdfs_ph2/ph2__chromatin_vs_heme__ATAD2_vs_ALAS1__TGCT_Tumor__spearman.pdf"
"ph2","chromatin_vs_heme","ATAD2","ALAS1","THCA_Tumor",0.03,"0.49","ok","./gepia_pdfs/gepia_pdfs_ph2/ph2__chromatin_vs_heme__ATAD2_vs_ALAS1__THCA_Tumor__spearman.pdf"
"ph2","chromatin_vs_heme","ATAD2","ALAS1","THYM_Tumor",0.066,"0.48","ok","./gepia_pdfs/gepia_pdfs_ph2/ph2__chromatin_vs_heme__ATAD2_vs_ALAS1__THYM_Tumor__spearman.pdf"
"ph2","chromatin_vs_heme","ATAD2","ALAS1","UCEC_Tumor",0.28,"0.00019","ok","./gepia_pdfs/gepia_pdfs_ph2/ph2__chromatin_vs_heme__ATAD2_vs_ALAS1__UCEC_Tumor__spearman.pdf"
"ph2","chromatin_vs_heme","ATAD2","ALAS1","UCS_Tumor",0.52,"4.1e-05","ok","./gepia_pdfs/gepia_pdfs_ph2/ph2__chromatin_vs_heme__ATAD2_vs_ALAS1__UCS_Tumor__spearman.pdf"
"ph2","chromatin_vs_heme","ATAD2","ALAS1","UVM_Tumor",0.25,"0.024","ok","./gepia_pdfs/gepia_pdfs_ph2/ph2__chromatin_vs_heme__ATAD2_vs_ALAS1__UVM_Tumor__spearman.pdf"
"ph2","chromatin_vs_heme","ATAD2","CPOX","ACC_Tumor",0.55,"1.9e-07","ok","./gepia_pdfs/gepia_pdfs_ph2/ph2__chromatin_vs_heme__ATAD2_vs_CPOX__ACC_Tumor__spearman.pdf"
"ph2","chromatin_vs_heme","ATAD2","CPOX","BLCA_Tumor",0.5,"2.9e-27","ok","./gepia_pdfs/gepia_pdfs_ph2/ph2__chromatin_vs_heme__ATAD2_vs_CPOX__BLCA_Tumor__spearman.pdf"
"ph2","chromatin_vs_heme","ATAD2","CPOX","BRCA_Tumor",0.29,"3.6e-22","ok","./gepia_pdfs/gepia_pdfs_ph2/ph2__chromatin_vs_heme__ATAD2_vs_CPOX__BRCA_Tumor__spearman.pdf"
"ph2","chromatin_vs_heme","ATAD2","CPOX","CESC_Tumor",0.49,"7.3e-20","ok","./gepia_pdfs/gepia_pdfs_ph2/ph2__chromatin_vs_heme__ATAD2_vs_CPOX__CESC_Tumor__spearman.pdf"
"ph2","chromatin_vs_heme","ATAD2","CPOX","CHOL_Tumor",0.45,"0.0057","ok","./gepia_pdfs/gepia_pdfs_ph2/ph2__chromatin_vs_heme__ATAD2_vs_CPOX__CHOL_Tumor__spearman.pdf"
"ph2","chromatin_vs_heme","ATAD2","CPOX","COAD_Tumor",0.42,"6.7e-13","ok","./gepia_pdfs/gepia_pdfs_ph2/ph2__chromatin_vs_heme__ATAD2_vs_CPOX__COAD_Tumor__spearman.pdf"
"ph2","chromatin_vs_heme","ATAD2","CPOX","DLBC_Tumor",0.79,"0","ok","./gepia_pdfs/gepia_pdfs_ph2/ph2__chromatin_vs_heme__ATAD2_vs_CPOX__DLBC_Tumor__spearman.pdf"
"ph2","chromatin_vs_heme","ATAD2","CPOX","ESCA_Tumor",0.45,"1.2e-10","ok","./gepia_pdfs/gepia_pdfs_ph2/ph2__chromatin_vs_heme__ATAD2_vs_CPOX__ESCA_Tumor__spearman.pdf"
"ph2","chromatin_vs_heme","ATAD2","CPOX","GBM_Tumor",0.35,"4.2e-06","ok","./gepia_pdfs/gepia_pdfs_ph2/ph2__chromatin_vs_heme__ATAD2_vs_CPOX__GBM_Tumor__spearman.pdf"
"ph2","chromatin_vs_heme","ATAD2","CPOX","HNSC_Tumor",0.49,"4.4e-32","ok","./gepia_pdfs/gepia_pdfs_ph2/ph2__chromatin_vs_heme__ATAD2_vs_CPOX__HNSC_Tumor__spearman.pdf"
"ph2","chromatin_vs_heme","ATAD2","CPOX","KICH_Tumor",0.54,"2.7e-06","ok","./gepia_pdfs/gepia_pdfs_ph2/ph2__chromatin_vs_heme__ATAD2_vs_CPOX__KICH_Tumor__spearman.pdf"
"ph2","chromatin_vs_heme","ATAD2","CPOX","KIRC_Tumor",0.57,"6.4e-47","ok","./gepia_pdfs/gepia_pdfs_ph2/ph2__chromatin_vs_heme__ATAD2_vs_CPOX__KIRC_Tumor__spearman.pdf"
"ph2","chromatin_vs_heme","ATAD2","CPOX","KIRP_Tumor",0.63,"2.2e-33","ok","./gepia_pdfs/gepia_pdfs_ph2/ph2__chromatin_vs_heme__ATAD2_vs_CPOX__KIRP_Tumor__spearman.pdf"
"ph2","chromatin_vs_heme","ATAD2","CPOX","LAML_Tumor",0.33,"1.2e-05","ok","./gepia_pdfs/gepia_pdfs_ph2/ph2__chromatin_vs_heme__ATAD2_vs_CPOX__LAML_Tumor__spearman.pdf"
"ph2","chromatin_vs_heme","ATAD2","CPOX","LGG_Tumor",0.1,"0.019","ok","./gepia_pdfs/gepia_pdfs_ph2/ph2__chromatin_vs_heme__ATAD2_vs_CPOX__LGG_Tumor__spearman.pdf"
"ph2","chromatin_vs_heme","ATAD2","CPOX","LIHC_Tumor",0.34,"2.3e-11","ok","./gepia_pdfs/gepia_pdfs_ph2/ph2__chromatin_vs_heme__ATAD2_vs_CPOX__LIHC_Tumor__spearman.pdf"
"ph2","chromatin_vs_heme","ATAD2","CPOX","LUAD_Tumor",0.39,"1.4e-18","ok","./gepia_pdfs/gepia_pdfs_ph2/ph2__chromatin_vs_heme__ATAD2_vs_CPOX__LUAD_Tumor__spearman.pdf"
"ph2","chromatin_vs_heme","ATAD2","CPOX","LUSC_Tumor",0.37,"7.2e-17","ok","./gepia_pdfs/gepia_pdfs_ph2/ph2__chromatin_vs_heme__ATAD2_vs_CPOX__LUSC_Tumor__spearman.pdf"
"ph2","chromatin_vs_heme","ATAD2","CPOX","MESO_Tumor",0.65,"1.2e-11","ok","./gepia_pdfs/gepia_pdfs_ph2/ph2__chromatin_vs_heme__ATAD2_vs_CPOX__MESO_Tumor__spearman.pdf"
"ph2","chromatin_vs_heme","ATAD2","CPOX","OV_Tumor",0.25,"2.5e-07","ok","./gepia_pdfs/gepia_pdfs_ph2/ph2__chromatin_vs_heme__ATAD2_vs_CPOX__OV_Tumor__spearman.pdf"
"ph2","chromatin_vs_heme","ATAD2","CPOX","PAAD_Tumor",0.54,"1e-14","ok","./gepia_pdfs/gepia_pdfs_ph2/ph2__chromatin_vs_heme__ATAD2_vs_CPOX__PAAD_Tumor__spearman.pdf"
"ph2","chromatin_vs_heme","ATAD2","CPOX","PCPG_Tumor",0.42,"4.7e-09","ok","./gepia_pdfs/gepia_pdfs_ph2/ph2__chromatin_vs_heme__ATAD2_vs_CPOX__PCPG_Tumor__spearman.pdf"
"ph2","chromatin_vs_heme","ATAD2","CPOX","PRAD_Tumor",0.56,"8.8e-43","ok","./gepia_pdfs/gepia_pdfs_ph2/ph2__chromatin_vs_heme__ATAD2_vs_CPOX__PRAD_Tumor__spearman.pdf"
"ph2","chromatin_vs_heme","ATAD2","CPOX","READ_Tumor",0.66,"9.8e-13","ok","./gepia_pdfs/gepia_pdfs_ph2/ph2__chromatin_vs_heme__ATAD2_vs_CPOX__READ_Tumor__spearman.pdf"
"ph2","chromatin_vs_heme","ATAD2","CPOX","SARC_Tumor",0.53,"5.1e-20","ok","./gepia_pdfs/gepia_pdfs_ph2/ph2__chromatin_vs_heme__ATAD2_vs_CPOX__SARC_Tumor__spearman.pdf"
"ph2","chromatin_vs_heme","ATAD2","CPOX","SKCM_Tumor",0.55,"1.6e-38","ok","./gepia_pdfs/gepia_pdfs_ph2/ph2__chromatin_vs_heme__ATAD2_vs_CPOX__SKCM_Tumor__spearman.pdf"
"ph2","chromatin_vs_heme","ATAD2","CPOX","STAD_Tumor",0.53,"4.9e-31","ok","./gepia_pdfs/gepia_pdfs_ph2/ph2__chromatin_vs_heme__ATAD2_vs_CPOX__STAD_Tumor__spearman.pdf"
"ph2","chromatin_vs_heme","ATAD2","CPOX","TGCT_Tumor",0.31,"0.00029","ok","./gepia_pdfs/gepia_pdfs_ph2/ph2__chromatin_vs_heme__ATAD2_vs_CPOX__TGCT_Tumor__spearman.pdf"
"ph2","chromatin_vs_heme","ATAD2","CPOX","THCA_Tumor",0.45,"2.2e-26","ok","./gepia_pdfs/gepia_pdfs_ph2/ph2__chromatin_vs_heme__ATAD2_vs_CPOX__THCA_Tumor__spearman.pdf"
"ph2","chromatin_vs_heme","ATAD2","CPOX","THYM_Tumor",0.61,"1.6e-13","ok","./gepia_pdfs/gepia_pdfs_ph2/ph2__chromatin_vs_heme__ATAD2_vs_CPOX__THYM_Tumor__spearman.pdf"
"ph2","chromatin_vs_heme","ATAD2","CPOX","UCEC_Tumor",0.5,"2.7e-12","ok","./gepia_pdfs/gepia_pdfs_ph2/ph2__chromatin_vs_heme__ATAD2_vs_CPOX__UCEC_Tumor__spearman.pdf"
"ph2","chromatin_vs_heme","ATAD2","CPOX","UCS_Tumor",0.36,"0.0058","ok","./gepia_pdfs/gepia_pdfs_ph2/ph2__chromatin_vs_heme__ATAD2_vs_CPOX__UCS_Tumor__spearman.pdf"
"ph2","chromatin_vs_heme","ATAD2","CPOX","UVM_Tumor",0.78,"4.3e-17","ok","./gepia_pdfs/gepia_pdfs_ph2/ph2__chromatin_vs_heme__ATAD2_vs_CPOX__UVM_Tumor__spearman.pdf"
"ph2","chromatin_vs_heme","ATAD2","FECH","ACC_Tumor",0.33,"0.0038","ok","./gepia_pdfs/gepia_pdfs_ph2/ph2__chromatin_vs_heme__ATAD2_vs_FECH__ACC_Tumor__spearman.pdf"
"ph2","chromatin_vs_heme","ATAD2","FECH","BLCA_Tumor",0.54,"1.9e-31","ok","./gepia_pdfs/gepia_pdfs_ph2/ph2__chromatin_vs_heme__ATAD2_vs_FECH__BLCA_Tumor__spearman.pdf"
"ph2","chromatin_vs_heme","ATAD2","FECH","BRCA_Tumor",0.4,"6.3e-42","ok","./gepia_pdfs/gepia_pdfs_ph2/ph2__chromatin_vs_heme__ATAD2_vs_FECH__BRCA_Tumor__spearman.pdf"
"ph2","chromatin_vs_heme","ATAD2","FECH","CESC_Tumor",0.47,"6.2e-18","ok","./gepia_pdfs/gepia_pdfs_ph2/ph2__chromatin_vs_heme__ATAD2_vs_FECH__CESC_Tumor__spearman.pdf"
"ph2","chromatin_vs_heme","ATAD2","FECH","CHOL_Tumor",0.67,"6.5e-06","ok","./gepia_pdfs/gepia_pdfs_ph2/ph2__chromatin_vs_heme__ATAD2_vs_FECH__CHOL_Tumor__spearman.pdf"
"ph2","chromatin_vs_heme","ATAD2","FECH","COAD_Tumor",0.19,"0.0017","ok","./gepia_pdfs/gepia_pdfs_ph2/ph2__chromatin_vs_heme__ATAD2_vs_FECH__COAD_Tumor__spearman.pdf"
"ph2","chromatin_vs_heme","ATAD2","FECH","DLBC_Tumor",0.78,"0","ok","./gepia_pdfs/gepia_pdfs_ph2/ph2__chromatin_vs_heme__ATAD2_vs_FECH__DLBC_Tumor__spearman.pdf"
"ph2","chromatin_vs_heme","ATAD2","FECH","ESCA_Tumor",0.34,"2.4e-06","ok","./gepia_pdfs/gepia_pdfs_ph2/ph2__chromatin_vs_heme__ATAD2_vs_FECH__ESCA_Tumor__spearman.pdf"
"ph2","chromatin_vs_heme","ATAD2","FECH","GBM_Tumor",0.3,"8.9e-05●","ok","./gepia_pdfs/gepia_pdfs_ph2/ph2__chromatin_vs_heme__ATAD2_vs_FECH__GBM_Tumor__spearman.pdf"
"ph2","chromatin_vs_heme","ATAD2","FECH","HNSC_Tumor",0.46,"5.9e-29","ok","./gepia_pdfs/gepia_pdfs_ph2/ph2__chromatin_vs_heme__ATAD2_vs_FECH__HNSC_Tumor__spearman.pdf"
"ph2","chromatin_vs_heme","ATAD2","FECH","KICH_Tumor",0.42,"0.00038","ok","./gepia_pdfs/gepia_pdfs_ph2/ph2__chromatin_vs_heme__ATAD2_vs_FECH__KICH_Tumor__spearman.pdf"
"ph2","chromatin_vs_heme","ATAD2","FECH","KIRC_Tumor",0.4,"2.5e-21","ok","./gepia_pdfs/gepia_pdfs_ph2/ph2__chromatin_vs_heme__ATAD2_vs_FECH__KIRC_Tumor__spearman.pdf"
"ph2","chromatin_vs_heme","ATAD2","FECH","KIRP_Tumor",0.41,"5.6e-13","ok","./gepia_pdfs/gepia_pdfs_ph2/ph2__chromatin_vs_heme__ATAD2_vs_FECH__KIRP_Tumor__spearman.pdf"
"ph2","chromatin_vs_heme","ATAD2","FECH","LAML_Tumor",0.31,"3e-05","ok","./gepia_pdfs/gepia_pdfs_ph2/ph2__chromatin_vs_heme__ATAD2_vs_FECH__LAML_Tumor__spearman.pdf"
"ph2","chromatin_vs_heme","ATAD2","FECH","LGG_Tumor",0.31,"4.8e-13","ok","./gepia_pdfs/gepia_pdfs_ph2/ph2__chromatin_vs_heme__ATAD2_vs_FECH__LGG_Tumor__spearman.pdf"
"ph2","chromatin_vs_heme","ATAD2","FECH","LIHC_Tumor",0.19,"0.00025","ok","./gepia_pdfs/gepia_pdfs_ph2/ph2__chromatin_vs_heme__ATAD2_vs_FECH__LIHC_Tumor__spearman.pdf"
"ph2","chromatin_vs_heme","ATAD2","FECH","LUAD_Tumor",0.31,"3.4e-12","ok","./gepia_pdfs/gepia_pdfs_ph2/ph2__chromatin_vs_heme__ATAD2_vs_FECH__LUAD_Tumor__spearman.pdf"
"ph2","chromatin_vs_heme","ATAD2","FECH","LUSC_Tumor",0.23,"4.9e-07","ok","./gepia_pdfs/gepia_pdfs_ph2/ph2__chromatin_vs_heme__ATAD2_vs_FECH__LUSC_Tumor__spearman.pdf"
"ph2","chromatin_vs_heme","ATAD2","FECH","MESO_Tumor",0.63,"8.5e-11","ok","./gepia_pdfs/gepia_pdfs_ph2/ph2__chromatin_vs_heme__ATAD2_vs_FECH__MESO_Tumor__spearman.pdf"
"ph2","chromatin_vs_heme","ATAD2","FECH","OV_Tumor",0.4,"1.4e-17","ok","./gepia_pdfs/gepia_pdfs_ph2/ph2__chromatin_vs_heme__ATAD2_vs_FECH__OV_Tumor__spearman.pdf"
"ph2","chromatin_vs_heme","ATAD2","FECH","PAAD_Tumor",0.34,"4.3e-06","ok","./gepia_pdfs/gepia_pdfs_ph2/ph2__chromatin_vs_heme__ATAD2_vs_FECH__PAAD_Tumor__spearman.pdf"
"ph2","chromatin_vs_heme","ATAD2","FECH","PCPG_Tumor",0.64,"2.8e-22","ok","./gepia_pdfs/gepia_pdfs_ph2/ph2__chromatin_vs_heme__ATAD2_vs_FECH__PCPG_Tumor__spearman.pdf"
"ph2","chromatin_vs_heme","ATAD2","FECH","PRAD_Tumor",0.56,"6e-42","ok","./gepia_pdfs/gepia_pdfs_ph2/ph2__chromatin_vs_heme__ATAD2_vs_FECH__PRAD_Tumor__spearman.pdf"
"ph2","chromatin_vs_heme","ATAD2","FECH","READ_Tumor",0.3,"0.0041","ok","./gepia_pdfs/gepia_pdfs_ph2/ph2__chromatin_vs_heme__ATAD2_vs_FECH__READ_Tumor__spearman.pdf"
"ph2","chromatin_vs_heme","ATAD2","FECH","SARC_Tumor",0.46,"6.7e-15","ok","./gepia_pdfs/gepia_pdfs_ph2/ph2__chromatin_vs_heme__ATAD2_vs_FECH__SARC_Tumor__spearman.pdf"
"ph2","chromatin_vs_heme","ATAD2","FECH","SKCM_Tumor",0.42,"7.6e-21","ok","./gepia_pdfs/gepia_pdfs_ph2/ph2__chromatin_vs_heme__ATAD2_vs_FECH__SKCM_Tumor__spearman.pdf"
"ph2","chromatin_vs_heme","ATAD2","FECH","STAD_Tumor",0.099,"0.046","ok","./gepia_pdfs/gepia_pdfs_ph2/ph2__chromatin_vs_heme__ATAD2_vs_FECH__STAD_Tumor__spearman.pdf"
"ph2","chromatin_vs_heme","ATAD2","FECH","TGCT_Tumor",0.53,"2.2e-11","ok","./gepia_pdfs/gepia_pdfs_ph2/ph2__chromatin_vs_heme__ATAD2_vs_FECH__TGCT_Tumor__spearman.pdf"
"ph2","chromatin_vs_heme","ATAD2","FECH","THCA_Tumor",0.44,"1.3e-25","ok","./gepia_pdfs/gepia_pdfs_ph2/ph2__chromatin_vs_heme__ATAD2_vs_FECH__THCA_Tumor__spearman.pdf"
"ph2","chromatin_vs_heme","ATAD2","FECH","THYM_Tumor",0.65,"1.3e-15","ok","./gepia_pdfs/gepia_pdfs_ph2/ph2__chromatin_vs_heme__ATAD2_vs_FECH__THYM_Tumor__spearman.pdf"
"ph2","chromatin_vs_heme","ATAD2","FECH","UCEC_Tumor",0.45,"4.2e-10","ok","./gepia_pdfs/gepia_pdfs_ph2/ph2__chromatin_vs_heme__ATAD2_vs_FECH__UCEC_Tumor__spearman.pdf"
"ph2","chromatin_vs_heme","ATAD2","FECH","UCS_Tumor",0.45,"5e-04","ok","./gepia_pdfs/gepia_pdfs_ph2/ph2__chromatin_vs_heme__ATAD2_vs_FECH__UCS_Tumor__spearman.pdf"
"ph2","chromatin_vs_heme","ATAD2","FECH","UVM_Tumor",0.65,"7.4e-11","ok","./gepia_pdfs/gepia_pdfs_ph2/ph2__chromatin_vs_heme__ATAD2_vs_FECH__UVM_Tumor__spearman.pdf"
"ph2","chromatin_vs_heme","ATAD2","HMBS","ACC_Tumor",0.42,"0.00016","ok","./gepia_pdfs/gepia_pdfs_ph2/ph2__chromatin_vs_heme__ATAD2_vs_HMBS__ACC_Tumor__spearman.pdf"
"ph2","chromatin_vs_heme","ATAD2","HMBS","BLCA_Tumor",0.37,"1.8e-14","ok","./gepia_pdfs/gepia_pdfs_ph2/ph2__chromatin_vs_heme__ATAD2_vs_HMBS__BLCA_Tumor__spearman.pdf"
"ph2","chromatin_vs_heme","ATAD2","HMBS","BRCA_Tumor",0.17,"1.5e-08","ok","./gepia_pdfs/gepia_pdfs_ph2/ph2__chromatin_vs_heme__ATAD2_vs_HMBS__BRCA_Tumor__spearman.pdf"
"ph2","chromatin_vs_heme","ATAD2","HMBS","CESC_Tumor",-0.014,"0.81","ok","./gepia_pdfs/gepia_pdfs_ph2/ph2__chromatin_vs_heme__ATAD2_vs_HMBS__CESC_Tumor__spearman.pdf"
"ph2","chromatin_vs_heme","ATAD2","HMBS","CHOL_Tumor",0.09,"0.6","ok","./gepia_pdfs/gepia_pdfs_ph2/ph2__chromatin_vs_heme__ATAD2_vs_HMBS__CHOL_Tumor__spearman.pdf"
"ph2","chromatin_vs_heme","ATAD2","HMBS","COAD_Tumor",0.25,"2.1e-05","ok","./gepia_pdfs/gepia_pdfs_ph2/ph2__chromatin_vs_heme__ATAD2_vs_HMBS__COAD_Tumor__spearman.pdf"
"ph2","chromatin_vs_heme","ATAD2","HMBS","DLBC_Tumor",0.079,"0.6","ok","./gepia_pdfs/gepia_pdfs_ph2/ph2__chromatin_vs_heme__ATAD2_vs_HMBS__DLBC_Tumor__spearman.pdf"
"ph2","chromatin_vs_heme","ATAD2","HMBS","ESCA_Tumor",0.25,"0.00073","ok","./gepia_pdfs/gepia_pdfs_ph2/ph2__chromatin_vs_heme__ATAD2_vs_HMBS__ESCA_Tumor__spearman.pdf"
"ph2","chromatin_vs_heme","ATAD2","HMBS","GBM_Tumor",0.34,"1.2e-05","ok","./gepia_pdfs/gepia_pdfs_ph2/ph2__chromatin_vs_heme__ATAD2_vs_HMBS__GBM_Tumor__spearman.pdf"
"ph2","chromatin_vs_heme","ATAD2","HMBS","HNSC_Tumor",0.093,"0.035","ok","./gepia_pdfs/gepia_pdfs_ph2/ph2__chromatin_vs_heme__ATAD2_vs_HMBS__HNSC_Tumor__spearman.pdf"
"ph2","chromatin_vs_heme","ATAD2","HMBS","KICH_Tumor",0.25,"0.044","ok","./gepia_pdfs/gepia_pdfs_ph2/ph2__chromatin_vs_heme__ATAD2_vs_HMBS__KICH_Tumor__spearman.pdf"
"ph2","chromatin_vs_heme","ATAD2","HMBS","KIRC_Tumor",0.14,"0.0013","ok","./gepia_pdfs/gepia_pdfs_ph2/ph2__chromatin_vs_heme__ATAD2_vs_HMBS__KIRC_Tumor__spearman.pdf"
"ph2","chromatin_vs_heme","ATAD2","HMBS","KIRP_Tumor",0.023,"0.7","ok","./gepia_pdfs/gepia_pdfs_ph2/ph2__chromatin_vs_heme__ATAD2_vs_HMBS__KIRP_Tumor__spearman.pdf"
"ph2","chromatin_vs_heme","ATAD2","HMBS","LAML_Tumor",0.19,"0.013","ok","./gepia_pdfs/gepia_pdfs_ph2/ph2__chromatin_vs_heme__ATAD2_vs_HMBS__LAML_Tumor__spearman.pdf"
"ph2","chromatin_vs_heme","ATAD2","HMBS","LGG_Tumor",0.26,"3e-09","ok","./gepia_pdfs/gepia_pdfs_ph2/ph2__chromatin_vs_heme__ATAD2_vs_HMBS__LGG_Tumor__spearman.pdf"
"ph2","chromatin_vs_heme","ATAD2","HMBS","LIHC_Tumor",0.22,"1.6e-05","ok","./gepia_pdfs/gepia_pdfs_ph2/ph2__chromatin_vs_heme__ATAD2_vs_HMBS__LIHC_Tumor__spearman.pdf"
"ph2","chromatin_vs_heme","ATAD2","HMBS","LUAD_Tumor",0.3,"2.3e-11","ok","./gepia_pdfs/gepia_pdfs_ph2/ph2__chromatin_vs_heme__ATAD2_vs_HMBS__LUAD_Tumor__spearman.pdf"
"ph2","chromatin_vs_heme","ATAD2","HMBS","LUSC_Tumor",0.27,"2.6e-09","ok","./gepia_pdfs/gepia_pdfs_ph2/ph2__chromatin_vs_heme__ATAD2_vs_HMBS__LUSC_Tumor__spearman.pdf"
"ph2","chromatin_vs_heme","ATAD2","HMBS","MESO_Tumor",0.38,"0.00026","ok","./gepia_pdfs/gepia_pdfs_ph2/ph2__chromatin_vs_heme__ATAD2_vs_HMBS__MESO_Tumor__spearman.pdf"
"ph2","chromatin_vs_heme","ATAD2","HMBS","OV_Tumor",0.24,"4.2e-07","ok","./gepia_pdfs/gepia_pdfs_ph2/ph2__chromatin_vs_heme__ATAD2_vs_HMBS__OV_Tumor__spearman.pdf"
"ph2","chromatin_vs_heme","ATAD2","HMBS","PAAD_Tumor",0.28,"0.00018","ok","./gepia_pdfs/gepia_pdfs_ph2/ph2__chromatin_vs_heme__ATAD2_vs_HMBS__PAAD_Tumor__spearman.pdf"
"ph2","chromatin_vs_heme","ATAD2","HMBS","PCPG_Tumor",0.31,"2e-05","ok","./gepia_pdfs/gepia_pdfs_ph2/ph2__chromatin_vs_heme__ATAD2_vs_HMBS__PCPG_Tumor__spearman.pdf"
"ph2","chromatin_vs_heme","ATAD2","HMBS","PRAD_Tumor",0.021,"0.64","ok","./gepia_pdfs/gepia_pdfs_ph2/ph2__chromatin_vs_heme__ATAD2_vs_HMBS__PRAD_Tumor__spearman.pdf"
"ph2","chromatin_vs_heme","ATAD2","HMBS","READ_Tumor",0.31,"0.0031","ok","./gepia_pdfs/gepia_pdfs_ph2/ph2__chromatin_vs_heme__ATAD2_vs_HMBS__READ_Tumor__spearman.pdf"
"ph2","chromatin_vs_heme","ATAD2","HMBS","SARC_Tumor",-0.14,"0.02","ok","./gepia_pdfs/gepia_pdfs_ph2/ph2__chromatin_vs_heme__ATAD2_vs_HMBS__SARC_Tumor__spearman.pdf"
"ph2","chromatin_vs_heme","ATAD2","HMBS","SKCM_Tumor",0.21,"4.8e-06","ok","./gepia_pdfs/gepia_pdfs_ph2/ph2__chromatin_vs_heme__ATAD2_vs_HMBS__SKCM_Tumor__spearman.pdf"
"ph2","chromatin_vs_heme","ATAD2","HMBS","STAD_Tumor",0.51,"1.1e-28","ok","./gepia_pdfs/gepia_pdfs_ph2/ph2__chromatin_vs_heme__ATAD2_vs_HMBS__STAD_Tumor__spearman.pdf"
"ph2","chromatin_vs_heme","ATAD2","HMBS","TGCT_Tumor",0.18,"0.033","ok","./gepia_pdfs/gepia_pdfs_ph2/ph2__chromatin_vs_heme__ATAD2_vs_HMBS__TGCT_Tumor__spearman.pdf"
"ph2","chromatin_vs_heme","ATAD2","HMBS","THCA_Tumor",-0.099,"0.025","ok","./gepia_pdfs/gepia_pdfs_ph2/ph2__chromatin_vs_heme__ATAD2_vs_HMBS__THCA_Tumor__spearman.pdf"
"ph2","chromatin_vs_heme","ATAD2","HMBS","THYM_Tumor",0.029,"0.76","ok","./gepia_pdfs/gepia_pdfs_ph2/ph2__chromatin_vs_heme__ATAD2_vs_HMBS__THYM_Tumor__spearman.pdf"
"ph2","chromatin_vs_heme","ATAD2","HMBS","UCEC_Tumor",0.13,"0.088","ok","./gepia_pdfs/gepia_pdfs_ph2/ph2__chromatin_vs_heme__ATAD2_vs_HMBS__UCEC_Tumor__spearman.pdf"
"ph2","chromatin_vs_heme","ATAD2","HMBS","UCS_Tumor",0.012,"0.93","ok","./gepia_pdfs/gepia_pdfs_ph2/ph2__chromatin_vs_heme__ATAD2_vs_HMBS__UCS_Tumor__spearman.pdf"
"ph2","chromatin_vs_heme","ATAD2","HMBS","UVM_Tumor",0.54,"2.1e-07","ok","./gepia_pdfs/gepia_pdfs_ph2/ph2__chromatin_vs_heme__ATAD2_vs_HMBS__UVM_Tumor__spearman.pdf"
"ph2","chromatin_vs_heme","ATAD2","PPOX","ACC_Tumor",0.29,"0.01","ok","./gepia_pdfs/gepia_pdfs_ph2/ph2__chromatin_vs_heme__ATAD2_vs_PPOX__ACC_Tumor__spearman.pdf"
"ph2","chromatin_vs_heme","ATAD2","PPOX","BLCA_Tumor",-0.13,"0.0088","ok","./gepia_pdfs/gepia_pdfs_ph2/ph2__chromatin_vs_heme__ATAD2_vs_PPOX__BLCA_Tumor__spearman.pdf"
"ph2","chromatin_vs_heme","ATAD2","PPOX","BRCA_Tumor",-0.2,"5.6e-11","ok","./gepia_pdfs/gepia_pdfs_ph2/ph2__chromatin_vs_heme__ATAD2_vs_PPOX__BRCA_Tumor__spearman.pdf"
"ph2","chromatin_vs_heme","ATAD2","PPOX","CESC_Tumor",-0.077,"0.18","ok","./gepia_pdfs/gepia_pdfs_ph2/ph2__chromatin_vs_heme__ATAD2_vs_PPOX__CESC_Tumor__spearman.pdf"
"ph2","chromatin_vs_heme","ATAD2","PPOX","CHOL_Tumor",-0.0097,"0.96","ok","./gepia_pdfs/gepia_pdfs_ph2/ph2__chromatin_vs_heme__ATAD2_vs_PPOX__CHOL_Tumor__spearman.pdf"
"ph2","chromatin_vs_heme","ATAD2","PPOX","COAD_Tumor",-0.033,"0.58","ok","./gepia_pdfs/gepia_pdfs_ph2/ph2__chromatin_vs_heme__ATAD2_vs_PPOX__COAD_Tumor__spearman.pdf"
"ph2","chromatin_vs_heme","ATAD2","PPOX","DLBC_Tumor",0.039,"0.8","ok","./gepia_pdfs/gepia_pdfs_ph2/ph2__chromatin_vs_heme__ATAD2_vs_PPOX__DLBC_Tumor__spearman.pdf"
"ph2","chromatin_vs_heme","ATAD2","PPOX","ESCA_Tumor",0.025,"0.74","ok","./gepia_pdfs/gepia_pdfs_ph2/ph2__chromatin_vs_heme__ATAD2_vs_PPOX__ESCA_Tumor__spearman.pdf"
"ph2","chromatin_vs_heme","ATAD2","PPOX","GBM_Tumor",0.23,"0.0037","ok","./gepia_pdfs/gepia_pdfs_ph2/ph2__chromatin_vs_heme__ATAD2_vs_PPOX__GBM_Tumor__spearman.pdf"
"ph2","chromatin_vs_heme","ATAD2","PPOX","HNSC_Tumor",0.16,"0.00021","ok","./gepia_pdfs/gepia_pdfs_ph2/ph2__chromatin_vs_heme__ATAD2_vs_PPOX__HNSC_Tumor__spearman.pdf"
"ph2","chromatin_vs_heme","ATAD2","PPOX","KICH_Tumor",0.013,"0.92","ok","./gepia_pdfs/gepia_pdfs_ph2/ph2__chromatin_vs_heme__ATAD2_vs_PPOX__KICH_Tumor__spearman.pdf"
"ph2","chromatin_vs_heme","ATAD2","PPOX","KIRC_Tumor",-0.00025,"1","ok","./gepia_pdfs/gepia_pdfs_ph2/ph2__chromatin_vs_heme__ATAD2_vs_PPOX__KIRC_Tumor__spearman.pdf"
"ph2","chromatin_vs_heme","ATAD2","PPOX","KIRP_Tumor",-0.11,"0.058","ok","./gepia_pdfs/gepia_pdfs_ph2/ph2__chromatin_vs_heme__ATAD2_vs_PPOX__KIRP_Tumor__spearman.pdf"
"ph2","chromatin_vs_heme","ATAD2","PPOX","LAML_Tumor",0.015,"0.84","ok","./gepia_pdfs/gepia_pdfs_ph2/ph2__chromatin_vs_heme__ATAD2_vs_PPOX__LAML_Tumor__spearman.pdf"
"ph2","chromatin_vs_heme","ATAD2","PPOX","LGG_Tumor",0.13,"0.0023","ok","./gepia_pdfs/gepia_pdfs_ph2/ph2__chromatin_vs_heme__ATAD2_vs_PPOX__LGG_Tumor__spearman.pdf"
"ph2","chromatin_vs_heme","ATAD2","PPOX","LIHC_Tumor",0.22,"3.1e-05","ok","./gepia_pdfs/gepia_pdfs_ph2/ph2__chromatin_vs_heme__ATAD2_vs_PPOX__LIHC_Tumor__spearman.pdf"
"ph2","chromatin_vs_heme","ATAD2","PPOX","LUAD_Tumor",-0.14,"0.0018","ok","./gepia_pdfs/gepia_pdfs_ph2/ph2__chromatin_vs_heme__ATAD2_vs_PPOX__LUAD_Tumor__spearman.pdf"
"ph2","chromatin_vs_heme","ATAD2","PPOX","LUSC_Tumor",0.13,"0.0053","ok","./gepia_pdfs/gepia_pdfs_ph2/ph2__chromatin_vs_heme__ATAD2_vs_PPOX__LUSC_Tumor__spearman.pdf"
"ph2","chromatin_vs_heme","ATAD2","PPOX","MESO_Tumor",-0.16,"0.13","ok","./gepia_pdfs/gepia_pdfs_ph2/ph2__chromatin_vs_heme__ATAD2_vs_PPOX__MESO_Tumor__spearman.pdf"
"ph2","chromatin_vs_heme","ATAD2","PPOX","OV_Tumor",-0.0032,"0.95","ok","./gepia_pdfs/gepia_pdfs_ph2/ph2__chromatin_vs_heme__ATAD2_vs_PPOX__OV_Tumor__spearman.pdf"
"ph2","chromatin_vs_heme","ATAD2","PPOX","PAAD_Tumor",-0.16,"0.029","ok","./gepia_pdfs/gepia_pdfs_ph2/ph2__chromatin_vs_heme__ATAD2_vs_PPOX__PAAD_Tumor__spearman.pdf"
"ph2","chromatin_vs_heme","ATAD2","PPOX","PCPG_Tumor",0.037,"0.62","ok","./gepia_pdfs/gepia_pdfs_ph2/ph2__chromatin_vs_heme__ATAD2_vs_PPOX__PCPG_Tumor__spearman.pdf"
"ph2","chromatin_vs_heme","ATAD2","PPOX","PRAD_Tumor",-0.23,"4.5e-07","ok","./gepia_pdfs/gepia_pdfs_ph2/ph2__chromatin_vs_heme__ATAD2_vs_PPOX__PRAD_Tumor__spearman.pdf"
"ph2","chromatin_vs_heme","ATAD2","PPOX","READ_Tumor",-0.054,"0.61","ok","./gepia_pdfs/gepia_pdfs_ph2/ph2__chromatin_vs_heme__ATAD2_vs_PPOX__READ_Tumor__spearman.pdf"
"ph2","chromatin_vs_heme","ATAD2","PPOX","SARC_Tumor",0.23,"0.00016","ok","./gepia_pdfs/gepia_pdfs_ph2/ph2__chromatin_vs_heme__ATAD2_vs_PPOX__SARC_Tumor__spearman.pdf"
"ph2","chromatin_vs_heme","ATAD2","PPOX","SKCM_Tumor",0.03,"0.52","ok","./gepia_pdfs/gepia_pdfs_ph2/ph2__chromatin_vs_heme__ATAD2_vs_PPOX__SKCM_Tumor__spearman.pdf"
"ph2","chromatin_vs_heme","ATAD2","PPOX","STAD_Tumor",0.2,"5.6e-05","ok","./gepia_pdfs/gepia_pdfs_ph2/ph2__chromatin_vs_heme__ATAD2_vs_PPOX__STAD_Tumor__spearman.pdf"
"ph2","chromatin_vs_heme","ATAD2","PPOX","TGCT_Tumor",0.18,"0.032","ok","./gepia_pdfs/gepia_pdfs_ph2/ph2__chromatin_vs_heme__ATAD2_vs_PPOX__TGCT_Tumor__spearman.pdf"
"ph2","chromatin_vs_heme","ATAD2","PPOX","THCA_Tumor",-0.096,"0.03","ok","./gepia_pdfs/gepia_pdfs_ph2/ph2__chromatin_vs_heme__ATAD2_vs_PPOX__THCA_Tumor__spearman.pdf"
"ph2","chromatin_vs_heme","ATAD2","PPOX","THYM_Tumor",-0.18,"0.056","ok","./gepia_pdfs/gepia_pdfs_ph2/ph2__chromatin_vs_heme__ATAD2_vs_PPOX__THYM_Tumor__spearman.pdf"
"ph2","chromatin_vs_heme","ATAD2","PPOX","UCEC_Tumor",-0.39,"1.2e-07","ok","./gepia_pdfs/gepia_pdfs_ph2/ph2__chromatin_vs_heme__ATAD2_vs_PPOX__UCEC_Tumor__spearman.pdf"
"ph2","chromatin_vs_heme","ATAD2","PPOX","UCS_Tumor",-0.24,"0.076","ok","./gepia_pdfs/gepia_pdfs_ph2/ph2__chromatin_vs_heme__ATAD2_vs_PPOX__UCS_Tumor__spearman.pdf"
"ph2","chromatin_vs_heme","ATAD2","PPOX","UVM_Tumor",0.18,"0.11","ok","./gepia_pdfs/gepia_pdfs_ph2/ph2__chromatin_vs_heme__ATAD2_vs_PPOX__UVM_Tumor__spearman.pdf"
"ph2","chromatin_vs_heme","ATAD2","UROD","ACC_Tumor",0.17,"0.13","ok","./gepia_pdfs/gepia_pdfs_ph2/ph2__chromatin_vs_heme__ATAD2_vs_UROD__ACC_Tumor__spearman.pdf"
"ph2","chromatin_vs_heme","ATAD2","UROD","BLCA_Tumor",0.14,"0.0061","ok","./gepia_pdfs/gepia_pdfs_ph2/ph2__chromatin_vs_heme__ATAD2_vs_UROD__BLCA_Tumor__spearman.pdf"
"ph2","chromatin_vs_heme","ATAD2","UROD","BRCA_Tumor",-0.12,"3.7e-05","ok","./gepia_pdfs/gepia_pdfs_ph2/ph2__chromatin_vs_heme__ATAD2_vs_UROD__BRCA_Tumor__spearman.pdf"
"ph2","chromatin_vs_heme","ATAD2","UROD","CESC_Tumor",0.05,"0.38","ok","./gepia_pdfs/gepia_pdfs_ph2/ph2__chromatin_vs_heme__ATAD2_vs_UROD__CESC_Tumor__spearman.pdf"
"ph2","chromatin_vs_heme","ATAD2","UROD","CHOL_Tumor",-0.032,"0.85","ok","./gepia_pdfs/gepia_pdfs_ph2/ph2__chromatin_vs_heme__ATAD2_vs_UROD__CHOL_Tumor__spearman.pdf"
"ph2","chromatin_vs_heme","ATAD2","UROD","COAD_Tumor",0.024,"0.69","ok","./gepia_pdfs/gepia_pdfs_ph2/ph2__chromatin_vs_heme__ATAD2_vs_UROD__COAD_Tumor__spearman.pdf"
"ph2","chromatin_vs_heme","ATAD2","UROD","DLBC_Tumor",-0.29,"0.048","ok","./gepia_pdfs/gepia_pdfs_ph2/ph2__chromatin_vs_heme__ATAD2_vs_UROD__DLBC_Tumor__spearman.pdf"
"ph2","chromatin_vs_heme","ATAD2","UROD","ESCA_Tumor",0.22,"0.003","ok","./gepia_pdfs/gepia_pdfs_ph2/ph2__chromatin_vs_heme__ATAD2_vs_UROD__ESCA_Tumor__spearman.pdf"
"ph2","chromatin_vs_heme","ATAD2","UROD","GBM_Tumor",-0.13,"0.098","ok","./gepia_pdfs/gepia_pdfs_ph2/ph2__chromatin_vs_heme__ATAD2_vs_UROD__GBM_Tumor__spearman.pdf"
"ph2","chromatin_vs_heme","ATAD2","UROD","HNSC_Tumor",0.12,"0.0062","ok","./gepia_pdfs/gepia_pdfs_ph2/ph2__chromatin_vs_heme__ATAD2_vs_UROD__HNSC_Tumor__spearman.pdf"
"ph2","chromatin_vs_heme","ATAD2","UROD","KICH_Tumor",0.46,"9e-05","ok","./gepia_pdfs/gepia_pdfs_ph2/ph2__chromatin_vs_heme__ATAD2_vs_UROD__KICH_Tumor__spearman.pdf"
"ph2","chromatin_vs_heme","ATAD2","UROD","KIRC_Tumor",0.012,"0.78","ok","./gepia_pdfs/gepia_pdfs_ph2/ph2__chromatin_vs_heme__ATAD2_vs_UROD__KIRC_Tumor__spearman.pdf"
"ph2","chromatin_vs_heme","ATAD2","UROD","KIRP_Tumor",-0.047,"0.43","ok","./gepia_pdfs/gepia_pdfs_ph2/ph2__chromatin_vs_heme__ATAD2_vs_UROD__KIRP_Tumor__spearman.pdf"
"ph2","chromatin_vs_heme","ATAD2","UROD","LAML_Tumor",0.12,"0.12","ok","./gepia_pdfs/gepia_pdfs_ph2/ph2__chromatin_vs_heme__ATAD2_vs_UROD__LAML_Tumor__spearman.pdf"
"ph2","chromatin_vs_heme","ATAD2","UROD","LGG_Tumor",0.038,"0.38","ok","./gepia_pdfs/gepia_pdfs_ph2/ph2__chromatin_vs_heme__ATAD2_vs_UROD__LGG_Tumor__spearman.pdf"
"ph2","chromatin_vs_heme","ATAD2","UROD","LIHC_Tumor",-0.027,"0.61","ok","./gepia_pdfs/gepia_pdfs_ph2/ph2__chromatin_vs_heme__ATAD2_vs_UROD__LIHC_Tumor__spearman.pdf"
"ph2","chromatin_vs_heme","ATAD2","UROD","LUAD_Tumor",-0.094,"0.038","ok","./gepia_pdfs/gepia_pdfs_ph2/ph2__chromatin_vs_heme__ATAD2_vs_UROD__LUAD_Tumor__spearman.pdf"
"ph2","chromatin_vs_heme","ATAD2","UROD","LUSC_Tumor",0.036,"0.43","ok","./gepia_pdfs/gepia_pdfs_ph2/ph2__chromatin_vs_heme__ATAD2_vs_UROD__LUSC_Tumor__spearman.pdf"
"ph2","chromatin_vs_heme","ATAD2","UROD","MESO_Tumor",0.021,"0.85","ok","./gepia_pdfs/gepia_pdfs_ph2/ph2__chromatin_vs_heme__ATAD2_vs_UROD__MESO_Tumor__spearman.pdf"
"ph2","chromatin_vs_heme","ATAD2","UROD","OV_Tumor",0.2,"4.9e-05","ok","./gepia_pdfs/gepia_pdfs_ph2/ph2__chromatin_vs_heme__ATAD2_vs_UROD__OV_Tumor__spearman.pdf"
"ph2","chromatin_vs_heme","ATAD2","UROD","PAAD_Tumor",0.07,"0.35","ok","./gepia_pdfs/gepia_pdfs_ph2/ph2__chromatin_vs_heme__ATAD2_vs_UROD__PAAD_Tumor__spearman.pdf"
"ph2","chromatin_vs_heme","ATAD2","UROD","PCPG_Tumor",-0.094,"0.2","ok","./gepia_pdfs/gepia_pdfs_ph2/ph2__chromatin_vs_heme__ATAD2_vs_UROD__PCPG_Tumor__spearman.pdf"
"ph2","chromatin_vs_heme","ATAD2","UROD","PRAD_Tumor",-0.13,"0.0029","ok","./gepia_pdfs/gepia_pdfs_ph2/ph2__chromatin_vs_heme__ATAD2_vs_UROD__PRAD_Tumor__spearman.pdf"
"ph2","chromatin_vs_heme","ATAD2","UROD","READ_Tumor",0.011,"0.92","ok","./gepia_pdfs/gepia_pdfs_ph2/ph2__chromatin_vs_heme__ATAD2_vs_UROD__READ_Tumor__spearman.pdf"
"ph2","chromatin_vs_heme","ATAD2","UROD","SARC_Tumor",0.18,"0.0043","ok","./gepia_pdfs/gepia_pdfs_ph2/ph2__chromatin_vs_heme__ATAD2_vs_UROD__SARC_Tumor__spearman.pdf"
"ph2","chromatin_vs_heme","ATAD2","UROD","SKCM_Tumor",0.093,"0.047","ok","./gepia_pdfs/gepia_pdfs_ph2/ph2__chromatin_vs_heme__ATAD2_vs_UROD__SKCM_Tumor__spearman.pdf"
"ph2","chromatin_vs_heme","ATAD2","UROD","STAD_Tumor",-0.033,"0.5","ok","./gepia_pdfs/gepia_pdfs_ph2/ph2__chromatin_vs_heme__ATAD2_vs_UROD__STAD_Tumor__spearman.pdf"
"ph2","chromatin_vs_heme","ATAD2","UROD","TGCT_Tumor",0.28,"0.00083","ok","./gepia_pdfs/gepia_pdfs_ph2/ph2__chromatin_vs_heme__ATAD2_vs_UROD__TGCT_Tumor__spearman.pdf"
"ph2","chromatin_vs_heme","ATAD2","UROD","THCA_Tumor",-0.03,"0.5","ok","./gepia_pdfs/gepia_pdfs_ph2/ph2__chromatin_vs_heme__ATAD2_vs_UROD__THCA_Tumor__spearman.pdf"
"ph2","chromatin_vs_heme","ATAD2","UROD","THYM_Tumor",0.038,"0.68","ok","./gepia_pdfs/gepia_pdfs_ph2/ph2__chromatin_vs_heme__ATAD2_vs_UROD__THYM_Tumor__spearman.pdf"
"ph2","chromatin_vs_heme","ATAD2","UROD","UCEC_Tumor",0.087,"0.26","ok","./gepia_pdfs/gepia_pdfs_ph2/ph2__chromatin_vs_heme__ATAD2_vs_UROD__UCEC_Tumor__spearman.pdf"
"ph2","chromatin_vs_heme","ATAD2","UROD","UCS_Tumor",-0.096,"0.48","ok","./gepia_pdfs/gepia_pdfs_ph2/ph2__chromatin_vs_heme__ATAD2_vs_UROD__UCS_Tumor__spearman.pdf"
"ph2","chromatin_vs_heme","ATAD2","UROD","UVM_Tumor",0.29,"0.011","ok","./gepia_pdfs/gepia_pdfs_ph2/ph2__chromatin_vs_heme__ATAD2_vs_UROD__UVM_Tumor__spearman.pdf"
"ph2","chromatin_vs_heme","ATAD2","UROS","ACC_Tumor",0.36,"0.0015","ok","./gepia_pdfs/gepia_pdfs_ph2/ph2__chromatin_vs_heme__ATAD2_vs_UROS__ACC_Tumor__spearman.pdf"
"ph2","chromatin_vs_heme","ATAD2","UROS","BLCA_Tumor",0.12,"0.018","ok","./gepia_pdfs/gepia_pdfs_ph2/ph2__chromatin_vs_heme__ATAD2_vs_UROS__BLCA_Tumor__spearman.pdf"
"ph2","chromatin_vs_heme","ATAD2","UROS","BRCA_Tumor",-0.069,"0.024","ok","./gepia_pdfs/gepia_pdfs_ph2/ph2__chromatin_vs_heme__ATAD2_vs_UROS__BRCA_Tumor__spearman.pdf"
"ph2","chromatin_vs_heme","ATAD2","UROS","CESC_Tumor",-0.083,"0.15","ok","./gepia_pdfs/gepia_pdfs_ph2/ph2__chromatin_vs_heme__ATAD2_vs_UROS__CESC_Tumor__spearman.pdf"
"ph2","chromatin_vs_heme","ATAD2","UROS","CHOL_Tumor",0.027,"0.88","ok","./gepia_pdfs/gepia_pdfs_ph2/ph2__chromatin_vs_heme__ATAD2_vs_UROS__CHOL_Tumor__spearman.pdf"
"ph2","chromatin_vs_heme","ATAD2","UROS","COAD_Tumor",0.11,"0.066","ok","./gepia_pdfs/gepia_pdfs_ph2/ph2__chromatin_vs_heme__ATAD2_vs_UROS__COAD_Tumor__spearman.pdf"
"ph2","chromatin_vs_heme","ATAD2","UROS","DLBC_Tumor",-0.42,"0.0034","ok","./gepia_pdfs/gepia_pdfs_ph2/ph2__chromatin_vs_heme__ATAD2_vs_UROS__DLBC_Tumor__spearman.pdf"
"ph2","chromatin_vs_heme","ATAD2","UROS","ESCA_Tumor",0.11,"0.12","ok","./gepia_pdfs/gepia_pdfs_ph2/ph2__chromatin_vs_heme__ATAD2_vs_UROS__ESCA_Tumor__spearman.pdf"
"ph2","chromatin_vs_heme","ATAD2","UROS","GBM_Tumor",0.025,"0.75","ok","./gepia_pdfs/gepia_pdfs_ph2/ph2__chromatin_vs_heme__ATAD2_vs_UROS__GBM_Tumor__spearman.pdf"
"ph2","chromatin_vs_heme","ATAD2","UROS","HNSC_Tumor",0.071,"0.1","ok","./gepia_pdfs/gepia_pdfs_ph2/ph2__chromatin_vs_heme__ATAD2_vs_UROS__HNSC_Tumor__spearman.pdf"
"ph2","chromatin_vs_heme","ATAD2","UROS","KICH_Tumor",0.04,"0.75","ok","./gepia_pdfs/gepia_pdfs_ph2/ph2__chromatin_vs_heme__ATAD2_vs_UROS__KICH_Tumor__spearman.pdf"
"ph2","chromatin_vs_heme","ATAD2","UROS","KIRC_Tumor",0.091,"0.037","ok","./gepia_pdfs/gepia_pdfs_ph2/ph2__chromatin_vs_heme__ATAD2_vs_UROS__KIRC_Tumor__spearman.pdf"
"ph2","chromatin_vs_heme","ATAD2","UROS","KIRP_Tumor",-0.02,"0.74","ok","./gepia_pdfs/gepia_pdfs_ph2/ph2__chromatin_vs_heme__ATAD2_vs_UROS__KIRP_Tumor__spearman.pdf"
"ph2","chromatin_vs_heme","ATAD2","UROS","LAML_Tumor",0.33,"8.5e-06","ok","./gepia_pdfs/gepia_pdfs_ph2/ph2__chromatin_vs_heme__ATAD2_vs_UROS__LAML_Tumor__spearman.pdf"
"ph2","chromatin_vs_heme","ATAD2","UROS","LGG_Tumor",-0.33,"1.9e-14","ok","./gepia_pdfs/gepia_pdfs_ph2/ph2__chromatin_vs_heme__ATAD2_vs_UROS__LGG_Tumor__spearman.pdf"
"ph2","chromatin_vs_heme","ATAD2","UROS","LIHC_Tumor",-0.0093,"0.86","ok","./gepia_pdfs/gepia_pdfs_ph2/ph2__chromatin_vs_heme__ATAD2_vs_UROS__LIHC_Tumor__spearman.pdf"
"ph2","chromatin_vs_heme","ATAD2","UROS","LUAD_Tumor",0.023,"0.61","ok","./gepia_pdfs/gepia_pdfs_ph2/ph2__chromatin_vs_heme__ATAD2_vs_UROS__LUAD_Tumor__spearman.pdf"
"ph2","chromatin_vs_heme","ATAD2","UROS","LUSC_Tumor",0.053,"0.25","ok","./gepia_pdfs/gepia_pdfs_ph2/ph2__chromatin_vs_heme__ATAD2_vs_UROS__LUSC_Tumor__spearman.pdf"
"ph2","chromatin_vs_heme","ATAD2","UROS","MESO_Tumor",1.8e-05,"1","ok","./gepia_pdfs/gepia_pdfs_ph2/ph2__chromatin_vs_heme__ATAD2_vs_UROS__MESO_Tumor__spearman.pdf"
"ph2","chromatin_vs_heme","ATAD2","UROS","OV_Tumor",0.1,"0.03","ok","./gepia_pdfs/gepia_pdfs_ph2/ph2__chromatin_vs_heme__ATAD2_vs_UROS__OV_Tumor__spearman.pdf"
"ph2","chromatin_vs_heme","ATAD2","UROS","PAAD_Tumor",0.074,"0.32","ok","./gepia_pdfs/gepia_pdfs_ph2/ph2__chromatin_vs_heme__ATAD2_vs_UROS__PAAD_Tumor__spearman.pdf"
"ph2","chromatin_vs_heme","ATAD2","UROS","PCPG_Tumor",0.26,"0.00043","ok","./gepia_pdfs/gepia_pdfs_ph2/ph2__chromatin_vs_heme__ATAD2_vs_UROS__PCPG_Tumor__spearman.pdf"
"ph2","chromatin_vs_heme","ATAD2","UROS","PRAD_Tumor",-0.014,"0.76","ok","./gepia_pdfs/gepia_pdfs_ph2/ph2__chromatin_vs_heme__ATAD2_vs_UROS__PRAD_Tumor__spearman.pdf"
"ph2","chromatin_vs_heme","ATAD2","UROS","READ_Tumor",0.19,"0.064","ok","./gepia_pdfs/gepia_pdfs_ph2/ph2__chromatin_vs_heme__ATAD2_vs_UROS__READ_Tumor__spearman.pdf"
"ph2","chromatin_vs_heme","ATAD2","UROS","SARC_Tumor",-0.32,"1.4e-07","ok","./gepia_pdfs/gepia_pdfs_ph2/ph2__chromatin_vs_heme__ATAD2_vs_UROS__SARC_Tumor__spearman.pdf"
"ph2","chromatin_vs_heme","ATAD2","UROS","SKCM_Tumor",0.086,"0.064","ok","./gepia_pdfs/gepia_pdfs_ph2/ph2__chromatin_vs_heme__ATAD2_vs_UROS__SKCM_Tumor__spearman.pdf"
"ph2","chromatin_vs_heme","ATAD2","UROS","STAD_Tumor",0.08,"0.11","ok","./gepia_pdfs/gepia_pdfs_ph2/ph2__chromatin_vs_heme__ATAD2_vs_UROS__STAD_Tumor__spearman.pdf"
"ph2","chromatin_vs_heme","ATAD2","UROS","TGCT_Tumor",0.26,"0.0021","ok","./gepia_pdfs/gepia_pdfs_ph2/ph2__chromatin_vs_heme__ATAD2_vs_UROS__TGCT_Tumor__spearman.pdf"
"ph2","chromatin_vs_heme","ATAD2","UROS","THCA_Tumor",-0.065,"0.14","ok","./gepia_pdfs/gepia_pdfs_ph2/ph2__chromatin_vs_heme__ATAD2_vs_UROS__THCA_Tumor__spearman.pdf"
"ph2","chromatin_vs_heme","ATAD2","UROS","THYM_Tumor",-0.094,"0.31","ok","./gepia_pdfs/gepia_pdfs_ph2/ph2__chromatin_vs_heme__ATAD2_vs_UROS__THYM_Tumor__spearman.pdf"
"ph2","chromatin_vs_heme","ATAD2","UROS","UCEC_Tumor",-0.075,"0.32","ok","./gepia_pdfs/gepia_pdfs_ph2/ph2__chromatin_vs_heme__ATAD2_vs_UROS__UCEC_Tumor__spearman.pdf"
"ph2","chromatin_vs_heme","ATAD2","UROS","UCS_Tumor",0.27,"0.04","ok","./gepia_pdfs/gepia_pdfs_ph2/ph2__chromatin_vs_heme__ATAD2_vs_UROS__UCS_Tumor__spearman.pdf"
"ph2","chromatin_vs_heme","ATAD2","UROS","UVM_Tumor",0.57,"5e-08","ok","./gepia_pdfs/gepia_pdfs_ph2/ph2__chromatin_vs_heme__ATAD2_vs_UROS__UVM_Tumor__spearman.pdf"
"ph2","chromatin_vs_heme","BRD2","ALAD","ACC_Tumor",0.27,"0.02","ok","./gepia_pdfs/gepia_pdfs_ph2/ph2__chromatin_vs_heme__BRD2_vs_ALAD__ACC_Tumor__spearman.pdf"
"ph2","chromatin_vs_heme","BRD2","ALAD","BLCA_Tumor",0.32,"2.4e-11","ok","./gepia_pdfs/gepia_pdfs_ph2/ph2__chromatin_vs_heme__BRD2_vs_ALAD__BLCA_Tumor__spearman.pdf"
"ph2","chromatin_vs_heme","BRD2","ALAD","BRCA_Tumor",0.33,"1.5e-28","ok","./gepia_pdfs/gepia_pdfs_ph2/ph2__chromatin_vs_heme__BRD2_vs_ALAD__BRCA_Tumor__spearman.pdf"
"ph2","chromatin_vs_heme","BRD2","ALAD","CESC_Tumor",0.36,"7.1e-11","ok","./gepia_pdfs/gepia_pdfs_ph2/ph2__chromatin_vs_heme__BRD2_vs_ALAD__CESC_Tumor__spearman.pdf"
"ph2","chromatin_vs_heme","BRD2","ALAD","CHOL_Tumor",0.23,"0.18","ok","./gepia_pdfs/gepia_pdfs_ph2/ph2__chromatin_vs_heme__BRD2_vs_ALAD__CHOL_Tumor__spearman.pdf"
"ph2","chromatin_vs_heme","BRD2","ALAD","COAD_Tumor",0.3,"5.3e-07","ok","./gepia_pdfs/gepia_pdfs_ph2/ph2__chromatin_vs_heme__BRD2_vs_ALAD__COAD_Tumor__spearman.pdf"
"ph2","chromatin_vs_heme","BRD2","ALAD","DLBC_Tumor",0.76,"5.4e-10","ok","./gepia_pdfs/gepia_pdfs_ph2/ph2__chromatin_vs_heme__BRD2_vs_ALAD__DLBC_Tumor__spearman.pdf"
"ph2","chromatin_vs_heme","BRD2","ALAD","ESCA_Tumor",0.25,"0.00056","ok","./gepia_pdfs/gepia_pdfs_ph2/ph2__chromatin_vs_heme__BRD2_vs_ALAD__ESCA_Tumor__spearman.pdf"
"ph2","chromatin_vs_heme","BRD2","ALAD","GBM_Tumor",0.4,"1.5e-07","ok","./gepia_pdfs/gepia_pdfs_ph2/ph2__chromatin_vs_heme__BRD2_vs_ALAD__GBM_Tumor__spearman.pdf"
"ph2","chromatin_vs_heme","BRD2","ALAD","HNSC_Tumor",0.48,"5.4e-31","ok","./gepia_pdfs/gepia_pdfs_ph2/ph2__chromatin_vs_heme__BRD2_vs_ALAD__HNSC_Tumor__spearman.pdf"
"ph2","chromatin_vs_heme","BRD2","ALAD","KICH_Tumor",0.63,"2.5e-08","ok","./gepia_pdfs/gepia_pdfs_ph2/ph2__chromatin_vs_heme__BRD2_vs_ALAD__KICH_Tumor__spearman.pdf"
"ph2","chromatin_vs_heme","BRD2","ALAD","KIRC_Tumor",0.54,"4.2e-41","ok","./gepia_pdfs/gepia_pdfs_ph2/ph2__chromatin_vs_heme__BRD2_vs_ALAD__KIRC_Tumor__spearman.pdf"
"ph2","chromatin_vs_heme","BRD2","ALAD","KIRP_Tumor",0.47,"3.3e-17","ok","./gepia_pdfs/gepia_pdfs_ph2/ph2__chromatin_vs_heme__BRD2_vs_ALAD__KIRP_Tumor__spearman.pdf"
"ph2","chromatin_vs_heme","BRD2","ALAD","LAML_Tumor",0.28,"0.00025","ok","./gepia_pdfs/gepia_pdfs_ph2/ph2__chromatin_vs_heme__BRD2_vs_ALAD__LAML_Tumor__spearman.pdf"
"ph2","chromatin_vs_heme","BRD2","ALAD","LGG_Tumor",-0.068,"0.12","ok","./gepia_pdfs/gepia_pdfs_ph2/ph2__chromatin_vs_heme__BRD2_vs_ALAD__LGG_Tumor__spearman.pdf"
"ph2","chromatin_vs_heme","BRD2","ALAD","LIHC_Tumor",0.32,"3.4e-10","ok","./gepia_pdfs/gepia_pdfs_ph2/ph2__chromatin_vs_heme__BRD2_vs_ALAD__LIHC_Tumor__spearman.pdf"
"ph2","chromatin_vs_heme","BRD2","ALAD","LUAD_Tumor",0.36,"2.8e-16","ok","./gepia_pdfs/gepia_pdfs_ph2/ph2__chromatin_vs_heme__BRD2_vs_ALAD__LUAD_Tumor__spearman.pdf"
"ph2","chromatin_vs_heme","BRD2","ALAD","LUSC_Tumor",0.32,"3e-13","ok","./gepia_pdfs/gepia_pdfs_ph2/ph2__chromatin_vs_heme__BRD2_vs_ALAD__LUSC_Tumor__spearman.pdf"
"ph2","chromatin_vs_heme","BRD2","ALAD","MESO_Tumor",0.27,"0.011","ok","./gepia_pdfs/gepia_pdfs_ph2/ph2__chromatin_vs_heme__BRD2_vs_ALAD__MESO_Tumor__spearman.pdf"
"ph2","chromatin_vs_heme","BRD2","ALAD","OV_Tumor",0.52,"5.2e-31","ok","./gepia_pdfs/gepia_pdfs_ph2/ph2__chromatin_vs_heme__BRD2_vs_ALAD__OV_Tumor__spearman.pdf"
"ph2","chromatin_vs_heme","BRD2","ALAD","PAAD_Tumor",0.39,"9.8e-08","ok","./gepia_pdfs/gepia_pdfs_ph2/ph2__chromatin_vs_heme__BRD2_vs_ALAD__PAAD_Tumor__spearman.pdf"
"ph2","chromatin_vs_heme","BRD2","ALAD","PCPG_Tumor",0.47,"3.6e-11","ok","./gepia_pdfs/gepia_pdfs_ph2/ph2__chromatin_vs_heme__BRD2_vs_ALAD__PCPG_Tumor__spearman.pdf"
"ph2","chromatin_vs_heme","BRD2","ALAD","PRAD_Tumor",0.23,"1.9e-07","ok","./gepia_pdfs/gepia_pdfs_ph2/ph2__chromatin_vs_heme__BRD2_vs_ALAD__PRAD_Tumor__spearman.pdf"
"ph2","chromatin_vs_heme","BRD2","ALAD","READ_Tumor",0.2,"0.057","ok","./gepia_pdfs/gepia_pdfs_ph2/ph2__chromatin_vs_heme__BRD2_vs_ALAD__READ_Tumor__spearman.pdf"
"ph2","chromatin_vs_heme","BRD2","ALAD","SARC_Tumor",0.4,"1.6e-11","ok","./gepia_pdfs/gepia_pdfs_ph2/ph2__chromatin_vs_heme__BRD2_vs_ALAD__SARC_Tumor__spearman.pdf"
"ph2","chromatin_vs_heme","BRD2","ALAD","SKCM_Tumor",0.33,"5.4e-13","ok","./gepia_pdfs/gepia_pdfs_ph2/ph2__chromatin_vs_heme__BRD2_vs_ALAD__SKCM_Tumor__spearman.pdf"
"ph2","chromatin_vs_heme","BRD2","ALAD","STAD_Tumor",0.23,"2.7e-06","ok","./gepia_pdfs/gepia_pdfs_ph2/ph2__chromatin_vs_heme__BRD2_vs_ALAD__STAD_Tumor__spearman.pdf"
"ph2","chromatin_vs_heme","BRD2","ALAD","TGCT_Tumor",0.63,"1.6e-16","ok","./gepia_pdfs/gepia_pdfs_ph2/ph2__chromatin_vs_heme__BRD2_vs_ALAD__TGCT_Tumor__spearman.pdf"
"ph2","chromatin_vs_heme","BRD2","ALAD","THCA_Tumor",0.66,"4.3e-66","ok","./gepia_pdfs/gepia_pdfs_ph2/ph2__chromatin_vs_heme__BRD2_vs_ALAD__THCA_Tumor__spearman.pdf"
"ph2","chromatin_vs_heme","BRD2","ALAD","THYM_Tumor",0.65,"0","ok","./gepia_pdfs/gepia_pdfs_ph2/ph2__chromatin_vs_heme__BRD2_vs_ALAD__THYM_Tumor__spearman.pdf"
"ph2","chromatin_vs_heme","BRD2","ALAD","UCEC_Tumor",0.55,"5.8e-15","ok","./gepia_pdfs/gepia_pdfs_ph2/ph2__chromatin_vs_heme__BRD2_vs_ALAD__UCEC_Tumor__spearman.pdf"
"ph2","chromatin_vs_heme","BRD2","ALAD","UCS_Tumor",0.24,"0.078","ok","./gepia_pdfs/gepia_pdfs_ph2/ph2__chromatin_vs_heme__BRD2_vs_ALAD__UCS_Tumor__spearman.pdf"
"ph2","chromatin_vs_heme","BRD2","ALAD","UVM_Tumor",0.53,"6.6e-07","ok","./gepia_pdfs/gepia_pdfs_ph2/ph2__chromatin_vs_heme__BRD2_vs_ALAD__UVM_Tumor__spearman.pdf"
"ph2","chromatin_vs_heme","BRD2","ALAS1","ACC_Tumor",0.36,"0.0015","ok","./gepia_pdfs/gepia_pdfs_ph2/ph2__chromatin_vs_heme__BRD2_vs_ALAS1__ACC_Tumor__spearman.pdf"
"ph2","chromatin_vs_heme","BRD2","ALAS1","BLCA_Tumor",0.088,"0.077","ok","./gepia_pdfs/gepia_pdfs_ph2/ph2__chromatin_vs_heme__BRD2_vs_ALAS1__BLCA_Tumor__spearman.pdf"
"ph2","chromatin_vs_heme","BRD2","ALAS1","BRCA_Tumor",0.22,"1.1e-13","ok","./gepia_pdfs/gepia_pdfs_ph2/ph2__chromatin_vs_heme__BRD2_vs_ALAS1__BRCA_Tumor__spearman.pdf"
"ph2","chromatin_vs_heme","BRD2","ALAS1","CESC_Tumor",0.2,"0.00034","ok","./gepia_pdfs/gepia_pdfs_ph2/ph2__chromatin_vs_heme__BRD2_vs_ALAS1__CESC_Tumor__spearman.pdf"
"ph2","chromatin_vs_heme","BRD2","ALAS1","CHOL_Tumor",-0.099,"0.57","ok","./gepia_pdfs/gepia_pdfs_ph2/ph2__chromatin_vs_heme__BRD2_vs_ALAS1__CHOL_Tumor__spearman.pdf"
"ph2","chromatin_vs_heme","BRD2","ALAS1","COAD_Tumor",0.19,"0.0013","ok","./gepia_pdfs/gepia_pdfs_ph2/ph2__chromatin_vs_heme__BRD2_vs_ALAS1__COAD_Tumor__spearman.pdf"
"ph2","chromatin_vs_heme","BRD2","ALAS1","DLBC_Tumor",0.27,"0.066","ok","./gepia_pdfs/gepia_pdfs_ph2/ph2__chromatin_vs_heme__BRD2_vs_ALAS1__DLBC_Tumor__spearman.pdf"
"ph2","chromatin_vs_heme","BRD2","ALAS1","ESCA_Tumor",0.19,"0.0084","ok","./gepia_pdfs/gepia_pdfs_ph2/ph2__chromatin_vs_heme__BRD2_vs_ALAS1__ESCA_Tumor__spearman.pdf"
"ph2","chromatin_vs_heme","BRD2","ALAS1","GBM_Tumor",0.51,"5.1e-12","ok","./gepia_pdfs/gepia_pdfs_ph2/ph2__chromatin_vs_heme__BRD2_vs_ALAS1__GBM_Tumor__spearman.pdf"
"ph2","chromatin_vs_heme","BRD2","ALAS1","HNSC_Tumor",0.24,"3.7e-08","ok","./gepia_pdfs/gepia_pdfs_ph2/ph2__chromatin_vs_heme__BRD2_vs_ALAS1__HNSC_Tumor__spearman.pdf"
"ph2","chromatin_vs_heme","BRD2","ALAS1","KICH_Tumor",0.28,"0.022","ok","./gepia_pdfs/gepia_pdfs_ph2/ph2__chromatin_vs_heme__BRD2_vs_ALAS1__KICH_Tumor__spearman.pdf"
"ph2","chromatin_vs_heme","BRD2","ALAS1","KIRC_Tumor",0.28,"1.3e-10","ok","./gepia_pdfs/gepia_pdfs_ph2/ph2__chromatin_vs_heme__BRD2_vs_ALAS1__KIRC_Tumor__spearman.pdf"
"ph2","chromatin_vs_heme","BRD2","ALAS1","KIRP_Tumor",0.23,"6.7e-05","ok","./gepia_pdfs/gepia_pdfs_ph2/ph2__chromatin_vs_heme__BRD2_vs_ALAS1__KIRP_Tumor__spearman.pdf"
"ph2","chromatin_vs_heme","BRD2","ALAS1","LAML_Tumor",0.17,"0.029","ok","./gepia_pdfs/gepia_pdfs_ph2/ph2__chromatin_vs_heme__BRD2_vs_ALAS1__LAML_Tumor__spearman.pdf"
"ph2","chromatin_vs_heme","BRD2","ALAS1","LGG_Tumor",0.062,"0.16","ok","./gepia_pdfs/gepia_pdfs_ph2/ph2__chromatin_vs_heme__BRD2_vs_ALAS1__LGG_Tumor__spearman.pdf"
"ph2","chromatin_vs_heme","BRD2","ALAS1","LIHC_Tumor",0.018,"0.72","ok","./gepia_pdfs/gepia_pdfs_ph2/ph2__chromatin_vs_heme__BRD2_vs_ALAS1__LIHC_Tumor__spearman.pdf"
"ph2","chromatin_vs_heme","BRD2","ALAS1","LUAD_Tumor",0.27,"1.2e-09","ok","./gepia_pdfs/gepia_pdfs_ph2/ph2__chromatin_vs_heme__BRD2_vs_ALAS1__LUAD_Tumor__spearman.pdf"
"ph2","chromatin_vs_heme","BRD2","ALAS1","LUSC_Tumor",0.24,"6.2e-08","ok","./gepia_pdfs/gepia_pdfs_ph2/ph2__chromatin_vs_heme__BRD2_vs_ALAS1__LUSC_Tumor__spearman.pdf"
"ph2","chromatin_vs_heme","BRD2","ALAS1","MESO_Tumor",0.037,"0.73","ok","./gepia_pdfs/gepia_pdfs_ph2/ph2__chromatin_vs_heme__BRD2_vs_ALAS1__MESO_Tumor__spearman.pdf"
"ph2","chromatin_vs_heme","BRD2","ALAS1","OV_Tumor",0.3,"4.4e-10","ok","./gepia_pdfs/gepia_pdfs_ph2/ph2__chromatin_vs_heme__BRD2_vs_ALAS1__OV_Tumor__spearman.pdf"
"ph2","chromatin_vs_heme","BRD2","ALAS1","PAAD_Tumor",0.14,"0.058","ok","./gepia_pdfs/gepia_pdfs_ph2/ph2__chromatin_vs_heme__BRD2_vs_ALAS1__PAAD_Tumor__spearman.pdf"
"ph2","chromatin_vs_heme","BRD2","ALAS1","PCPG_Tumor",0.17,"0.018","ok","./gepia_pdfs/gepia_pdfs_ph2/ph2__chromatin_vs_heme__BRD2_vs_ALAS1__PCPG_Tumor__spearman.pdf"
"ph2","chromatin_vs_heme","BRD2","ALAS1","PRAD_Tumor",0.32,"2.5e-13","ok","./gepia_pdfs/gepia_pdfs_ph2/ph2__chromatin_vs_heme__BRD2_vs_ALAS1__PRAD_Tumor__spearman.pdf"
"ph2","chromatin_vs_heme","BRD2","ALAS1","READ_Tumor",0.15,"0.16","ok","./gepia_pdfs/gepia_pdfs_ph2/ph2__chromatin_vs_heme__BRD2_vs_ALAS1__READ_Tumor__spearman.pdf"
"ph2","chromatin_vs_heme","BRD2","ALAS1","SARC_Tumor",0.098,"0.11","ok","./gepia_pdfs/gepia_pdfs_ph2/ph2__chromatin_vs_heme__BRD2_vs_ALAS1__SARC_Tumor__spearman.pdf"
"ph2","chromatin_vs_heme","BRD2","ALAS1","SKCM_Tumor",0.0081,"0.86","ok","./gepia_pdfs/gepia_pdfs_ph2/ph2__chromatin_vs_heme__BRD2_vs_ALAS1__SKCM_Tumor__spearman.pdf"
"ph2","chromatin_vs_heme","BRD2","ALAS1","STAD_Tumor",0.37,"1.7e-14","ok","./gepia_pdfs/gepia_pdfs_ph2/ph2__chromatin_vs_heme__BRD2_vs_ALAS1__STAD_Tumor__spearman.pdf"
"ph2","chromatin_vs_heme","BRD2","ALAS1","TGCT_Tumor",0.31,"0.00023","ok","./gepia_pdfs/gepia_pdfs_ph2/ph2__chromatin_vs_heme__BRD2_vs_ALAS1__TGCT_Tumor__spearman.pdf"
"ph2","chromatin_vs_heme","BRD2","ALAS1","THCA_Tumor",0.4,"6.3e-21","ok","./gepia_pdfs/gepia_pdfs_ph2/ph2__chromatin_vs_heme__BRD2_vs_ALAS1__THCA_Tumor__spearman.pdf"
"ph2","chromatin_vs_heme","BRD2","ALAS1","THYM_Tumor",0.43,"1.2e-06","ok","./gepia_pdfs/gepia_pdfs_ph2/ph2__chromatin_vs_heme__BRD2_vs_ALAS1__THYM_Tumor__spearman.pdf"
"ph2","chromatin_vs_heme","BRD2","ALAS1","UCEC_Tumor",0.26,"0.00043","ok","./gepia_pdfs/gepia_pdfs_ph2/ph2__chromatin_vs_heme__BRD2_vs_ALAS1__UCEC_Tumor__spearman.pdf"
"ph2","chromatin_vs_heme","BRD2","ALAS1","UCS_Tumor",0.00097,"0.99","ok","./gepia_pdfs/gepia_pdfs_ph2/ph2__chromatin_vs_heme__BRD2_vs_ALAS1__UCS_Tumor__spearman.pdf"
"ph2","chromatin_vs_heme","BRD2","ALAS1","UVM_Tumor",0.5,"2.3e-06","ok","./gepia_pdfs/gepia_pdfs_ph2/ph2__chromatin_vs_heme__BRD2_vs_ALAS1__UVM_Tumor__spearman.pdf"
"ph2","chromatin_vs_heme","BRD2","CPOX","ACC_Tumor",0.45,"4.4e-05","ok","./gepia_pdfs/gepia_pdfs_ph2/ph2__chromatin_vs_heme__BRD2_vs_CPOX__ACC_Tumor__spearman.pdf"
"ph2","chromatin_vs_heme","BRD2","CPOX","BLCA_Tumor",0.45,"9.2e-22","ok","./gepia_pdfs/gepia_pdfs_ph2/ph2__chromatin_vs_heme__BRD2_vs_CPOX__BLCA_Tumor__spearman.pdf"
"ph2","chromatin_vs_heme","BRD2","CPOX","BRCA_Tumor",0.37,"2.1e-36","ok","./gepia_pdfs/gepia_pdfs_ph2/ph2__chromatin_vs_heme__BRD2_vs_CPOX__BRCA_Tumor__spearman.pdf"
"ph2","chromatin_vs_heme","BRD2","CPOX","CESC_Tumor",0.37,"3.9e-11","ok","./gepia_pdfs/gepia_pdfs_ph2/ph2__chromatin_vs_heme__BRD2_vs_CPOX__CESC_Tumor__spearman.pdf"
"ph2","chromatin_vs_heme","BRD2","CPOX","CHOL_Tumor",0.19,"0.28","ok","./gepia_pdfs/gepia_pdfs_ph2/ph2__chromatin_vs_heme__BRD2_vs_CPOX__CHOL_Tumor__spearman.pdf"
"ph2","chromatin_vs_heme","BRD2","CPOX","COAD_Tumor",0.43,"4.7e-14","ok","./gepia_pdfs/gepia_pdfs_ph2/ph2__chromatin_vs_heme__BRD2_vs_CPOX__COAD_Tumor__spearman.pdf"
"ph2","chromatin_vs_heme","BRD2","CPOX","DLBC_Tumor",0.83,"3.3e-13","ok","./gepia_pdfs/gepia_pdfs_ph2/ph2__chromatin_vs_heme__BRD2_vs_CPOX__DLBC_Tumor__spearman.pdf"
"ph2","chromatin_vs_heme","BRD2","CPOX","ESCA_Tumor",0.43,"2.1e-09","ok","./gepia_pdfs/gepia_pdfs_ph2/ph2__chromatin_vs_heme__BRD2_vs_CPOX__ESCA_Tumor__spearman.pdf"
"ph2","chromatin_vs_heme","BRD2","CPOX","GBM_Tumor",0.46,"1e-09","ok","./gepia_pdfs/gepia_pdfs_ph2/ph2__chromatin_vs_heme__BRD2_vs_CPOX__GBM_Tumor__spearman.pdf"
"ph2","chromatin_vs_heme","BRD2","CPOX","HNSC_Tumor",0.48,"9.5e-32","ok","./gepia_pdfs/gepia_pdfs_ph2/ph2__chromatin_vs_heme__BRD2_vs_CPOX__HNSC_Tumor__spearman.pdf"
"ph2","chromatin_vs_heme","BRD2","CPOX","KICH_Tumor",0.14,"0.25","ok","./gepia_pdfs/gepia_pdfs_ph2/ph2__chromatin_vs_heme__BRD2_vs_CPOX__KICH_Tumor__spearman.pdf"
"ph2","chromatin_vs_heme","BRD2","CPOX","KIRC_Tumor",0.33,"8e-15","ok","./gepia_pdfs/gepia_pdfs_ph2/ph2__chromatin_vs_heme__BRD2_vs_CPOX__KIRC_Tumor__spearman.pdf"
"ph2","chromatin_vs_heme","BRD2","CPOX","KIRP_Tumor",0.6,"6.3e-29","ok","./gepia_pdfs/gepia_pdfs_ph2/ph2__chromatin_vs_heme__BRD2_vs_CPOX__KIRP_Tumor__spearman.pdf"
"ph2","chromatin_vs_heme","BRD2","CPOX","LAML_Tumor",0.046,"0.54","ok","./gepia_pdfs/gepia_pdfs_ph2/ph2__chromatin_vs_heme__BRD2_vs_CPOX__LAML_Tumor__spearman.pdf"
"ph2","chromatin_vs_heme","BRD2","CPOX","LGG_Tumor",0.16,"0.00016","ok","./gepia_pdfs/gepia_pdfs_ph2/ph2__chromatin_vs_heme__BRD2_vs_CPOX__LGG_Tumor__spearman.pdf"
"ph2","chromatin_vs_heme","BRD2","CPOX","LIHC_Tumor",0.48,"4.6e-23","ok","./gepia_pdfs/gepia_pdfs_ph2/ph2__chromatin_vs_heme__BRD2_vs_CPOX__LIHC_Tumor__spearman.pdf"
"ph2","chromatin_vs_heme","BRD2","CPOX","LUAD_Tumor",0.35,"1e-15","ok","./gepia_pdfs/gepia_pdfs_ph2/ph2__chromatin_vs_heme__BRD2_vs_CPOX__LUAD_Tumor__spearman.pdf"
"ph2","chromatin_vs_heme","BRD2","CPOX","LUSC_Tumor",0.23,"4.2e-07","ok","./gepia_pdfs/gepia_pdfs_ph2/ph2__chromatin_vs_heme__BRD2_vs_CPOX__LUSC_Tumor__spearman.pdf"
"ph2","chromatin_vs_heme","BRD2","CPOX","MESO_Tumor",0.21,"0.052","ok","./gepia_pdfs/gepia_pdfs_ph2/ph2__chromatin_vs_heme__BRD2_vs_CPOX__MESO_Tumor__spearman.pdf"
"ph2","chromatin_vs_heme","BRD2","CPOX","OV_Tumor",0.5,"2.5e-28","ok","./gepia_pdfs/gepia_pdfs_ph2/ph2__chromatin_vs_heme__BRD2_vs_CPOX__OV_Tumor__spearman.pdf"
"ph2","chromatin_vs_heme","BRD2","CPOX","PAAD_Tumor",0.37,"4.3e-07","ok","./gepia_pdfs/gepia_pdfs_ph2/ph2__chromatin_vs_heme__BRD2_vs_CPOX__PAAD_Tumor__spearman.pdf"
"ph2","chromatin_vs_heme","BRD2","CPOX","PCPG_Tumor",0.49,"1.8e-12","ok","./gepia_pdfs/gepia_pdfs_ph2/ph2__chromatin_vs_heme__BRD2_vs_CPOX__PCPG_Tumor__spearman.pdf"
"ph2","chromatin_vs_heme","BRD2","CPOX","PRAD_Tumor",0.56,"2.3e-41","ok","./gepia_pdfs/gepia_pdfs_ph2/ph2__chromatin_vs_heme__BRD2_vs_CPOX__PRAD_Tumor__spearman.pdf"
"ph2","chromatin_vs_heme","BRD2","CPOX","READ_Tumor",0.42,"3e-05","ok","./gepia_pdfs/gepia_pdfs_ph2/ph2__chromatin_vs_heme__BRD2_vs_CPOX__READ_Tumor__spearman.pdf"
"ph2","chromatin_vs_heme","BRD2","CPOX","SARC_Tumor",0.44,"6.2e-14","ok","./gepia_pdfs/gepia_pdfs_ph2/ph2__chromatin_vs_heme__BRD2_vs_CPOX__SARC_Tumor__spearman.pdf"
"ph2","chromatin_vs_heme","BRD2","CPOX","SKCM_Tumor",0.32,"3.4e-12","ok","./gepia_pdfs/gepia_pdfs_ph2/ph2__chromatin_vs_heme__BRD2_vs_CPOX__SKCM_Tumor__spearman.pdf"
"ph2","chromatin_vs_heme","BRD2","CPOX","STAD_Tumor",0.54,"4.1e-32","ok","./gepia_pdfs/gepia_pdfs_ph2/ph2__chromatin_vs_heme__BRD2_vs_CPOX__STAD_Tumor__spearman.pdf"
"ph2","chromatin_vs_heme","BRD2","CPOX","TGCT_Tumor",0.54,"6.2e-12","ok","./gepia_pdfs/gepia_pdfs_ph2/ph2__chromatin_vs_heme__BRD2_vs_CPOX__TGCT_Tumor__spearman.pdf"
"ph2","chromatin_vs_heme","BRD2","CPOX","THCA_Tumor",0.63,"1.7e-57","ok","./gepia_pdfs/gepia_pdfs_ph2/ph2__chromatin_vs_heme__BRD2_vs_CPOX__THCA_Tumor__spearman.pdf"
"ph2","chromatin_vs_heme","BRD2","CPOX","THYM_Tumor",0.69,"6.7e-18","ok","./gepia_pdfs/gepia_pdfs_ph2/ph2__chromatin_vs_heme__BRD2_vs_CPOX__THYM_Tumor__spearman.pdf"
"ph2","chromatin_vs_heme","BRD2","CPOX","UCEC_Tumor",0.54,"2.1e-14","ok","./gepia_pdfs/gepia_pdfs_ph2/ph2__chromatin_vs_heme__BRD2_vs_CPOX__UCEC_Tumor__spearman.pdf"
"ph2","chromatin_vs_heme","BRD2","CPOX","UCS_Tumor",0.47,"0.00027","ok","./gepia_pdfs/gepia_pdfs_ph2/ph2__chromatin_vs_heme__BRD2_vs_CPOX__UCS_Tumor__spearman.pdf"
"ph2","chromatin_vs_heme","BRD2","CPOX","UVM_Tumor",0.62,"9.3e-10","ok","./gepia_pdfs/gepia_pdfs_ph2/ph2__chromatin_vs_heme__BRD2_vs_CPOX__UVM_Tumor__spearman.pdf"
"ph2","chromatin_vs_heme","BRD2","FECH","ACC_Tumor",0.47,"1.4e-05","ok","./gepia_pdfs/gepia_pdfs_ph2/ph2__chromatin_vs_heme__BRD2_vs_FECH__ACC_Tumor__spearman.pdf"
"ph2","chromatin_vs_heme","BRD2","FECH","BLCA_Tumor",0.5,"6.5e-27","ok","./gepia_pdfs/gepia_pdfs_ph2/ph2__chromatin_vs_heme__BRD2_vs_FECH__BLCA_Tumor__spearman.pdf"
"ph2","chromatin_vs_heme","BRD2","FECH","BRCA_Tumor",0.47,"5.4e-60","ok","./gepia_pdfs/gepia_pdfs_ph2/ph2__chromatin_vs_heme__BRD2_vs_FECH__BRCA_Tumor__spearman.pdf"
"ph2","chromatin_vs_heme","BRD2","FECH","CESC_Tumor",0.42,"1.3e-14","ok","./gepia_pdfs/gepia_pdfs_ph2/ph2__chromatin_vs_heme__BRD2_vs_FECH__CESC_Tumor__spearman.pdf"
"ph2","chromatin_vs_heme","BRD2","FECH","CHOL_Tumor",0.41,"0.014","ok","./gepia_pdfs/gepia_pdfs_ph2/ph2__chromatin_vs_heme__BRD2_vs_FECH__CHOL_Tumor__spearman.pdf"
"ph2","chromatin_vs_heme","BRD2","FECH","COAD_Tumor",0.22,"0.00021","ok","./gepia_pdfs/gepia_pdfs_ph2/ph2__chromatin_vs_heme__BRD2_vs_FECH__COAD_Tumor__spearman.pdf"
"ph2","chromatin_vs_heme","BRD2","FECH","DLBC_Tumor",0.77,"2.3e-10","ok","./gepia_pdfs/gepia_pdfs_ph2/ph2__chromatin_vs_heme__BRD2_vs_FECH__DLBC_Tumor__spearman.pdf"
"ph2","chromatin_vs_heme","BRD2","FECH","ESCA_Tumor",0.43,"1.9e-09","ok","./gepia_pdfs/gepia_pdfs_ph2/ph2__chromatin_vs_heme__BRD2_vs_FECH__ESCA_Tumor__spearman.pdf"
"ph2","chromatin_vs_heme","BRD2","FECH","GBM_Tumor",0.4,"8.9e-08","ok","./gepia_pdfs/gepia_pdfs_ph2/ph2__chromatin_vs_heme__BRD2_vs_FECH__GBM_Tumor__spearman.pdf"
"ph2","chromatin_vs_heme","BRD2","FECH","HNSC_Tumor",0.41,"7.7e-23","ok","./gepia_pdfs/gepia_pdfs_ph2/ph2__chromatin_vs_heme__BRD2_vs_FECH__HNSC_Tumor__spearman.pdf"
"ph2","chromatin_vs_heme","BRD2","FECH","KICH_Tumor",0.46,"9.3e-05","ok","./gepia_pdfs/gepia_pdfs_ph2/ph2__chromatin_vs_heme__BRD2_vs_FECH__KICH_Tumor__spearman.pdf"
"ph2","chromatin_vs_heme","BRD2","FECH","KIRC_Tumor",0.45,"9.8e-28","ok","./gepia_pdfs/gepia_pdfs_ph2/ph2__chromatin_vs_heme__BRD2_vs_FECH__KIRC_Tumor__spearman.pdf"
"ph2","chromatin_vs_heme","BRD2","FECH","KIRP_Tumor",0.33,"1.5e-08","ok","./gepia_pdfs/gepia_pdfs_ph2/ph2__chromatin_vs_heme__BRD2_vs_FECH__KIRP_Tumor__spearman.pdf"
"ph2","chromatin_vs_heme","BRD2","FECH","LAML_Tumor",0.15,"0.057","ok","./gepia_pdfs/gepia_pdfs_ph2/ph2__chromatin_vs_heme__BRD2_vs_FECH__LAML_Tumor__spearman.pdf"
"ph2","chromatin_vs_heme","BRD2","FECH","LGG_Tumor",0.22,"7.1e-07","ok","./gepia_pdfs/gepia_pdfs_ph2/ph2__chromatin_vs_heme__BRD2_vs_FECH__LGG_Tumor__spearman.pdf"
"ph2","chromatin_vs_heme","BRD2","FECH","LIHC_Tumor",0.39,"4e-15","ok","./gepia_pdfs/gepia_pdfs_ph2/ph2__chromatin_vs_heme__BRD2_vs_FECH__LIHC_Tumor__spearman.pdf"
"ph2","chromatin_vs_heme","BRD2","FECH","LUAD_Tumor",0.38,"4.8e-18","ok","./gepia_pdfs/gepia_pdfs_ph2/ph2__chromatin_vs_heme__BRD2_vs_FECH__LUAD_Tumor__spearman.pdf"
"ph2","chromatin_vs_heme","BRD2","FECH","LUSC_Tumor",0.26,"5.1e-09","ok","./gepia_pdfs/gepia_pdfs_ph2/ph2__chromatin_vs_heme__BRD2_vs_FECH__LUSC_Tumor__spearman.pdf"
"ph2","chromatin_vs_heme","BRD2","FECH","MESO_Tumor",0.45,"1.5e-05","ok","./gepia_pdfs/gepia_pdfs_ph2/ph2__chromatin_vs_heme__BRD2_vs_FECH__MESO_Tumor__spearman.pdf"
"ph2","chromatin_vs_heme","BRD2","FECH","OV_Tumor",0.54,"6.2e-33","ok","./gepia_pdfs/gepia_pdfs_ph2/ph2__chromatin_vs_heme__BRD2_vs_FECH__OV_Tumor__spearman.pdf"
"ph2","chromatin_vs_heme","BRD2","FECH","PAAD_Tumor",0.38,"2.1e-07","ok","./gepia_pdfs/gepia_pdfs_ph2/ph2__chromatin_vs_heme__BRD2_vs_FECH__PAAD_Tumor__spearman.pdf"
"ph2","chromatin_vs_heme","BRD2","FECH","PCPG_Tumor",0.61,"4.3e-20","ok","./gepia_pdfs/gepia_pdfs_ph2/ph2__chromatin_vs_heme__BRD2_vs_FECH__PCPG_Tumor__spearman.pdf"
"ph2","chromatin_vs_heme","BRD2","FECH","PRAD_Tumor",0.31,"3.2e-12","ok","./gepia_pdfs/gepia_pdfs_ph2/ph2__chromatin_vs_heme__BRD2_vs_FECH__PRAD_Tumor__spearman.pdf"
"ph2","chromatin_vs_heme","BRD2","FECH","READ_Tumor",0.34,"0.00098","ok","./gepia_pdfs/gepia_pdfs_ph2/ph2__chromatin_vs_heme__BRD2_vs_FECH__READ_Tumor__spearman.pdf"
"ph2","chromatin_vs_heme","BRD2","FECH","SARC_Tumor",0.51,"1.2e-18","ok","./gepia_pdfs/gepia_pdfs_ph2/ph2__chromatin_vs_heme__BRD2_vs_FECH__SARC_Tumor__spearman.pdf"
"ph2","chromatin_vs_heme","BRD2","FECH","SKCM_Tumor",0.39,"1.5e-18","ok","./gepia_pdfs/gepia_pdfs_ph2/ph2__chromatin_vs_heme__BRD2_vs_FECH__SKCM_Tumor__spearman.pdf"
"ph2","chromatin_vs_heme","BRD2","FECH","STAD_Tumor",0.39,"5.3e-16","ok","./gepia_pdfs/gepia_pdfs_ph2/ph2__chromatin_vs_heme__BRD2_vs_FECH__STAD_Tumor__spearman.pdf"
"ph2","chromatin_vs_heme","BRD2","FECH","TGCT_Tumor",0.62,"3.4e-16","ok","./gepia_pdfs/gepia_pdfs_ph2/ph2__chromatin_vs_heme__BRD2_vs_FECH__TGCT_Tumor__spearman.pdf"
"ph2","chromatin_vs_heme","BRD2","FECH","THCA_Tumor",0.63,"4.6e-58","ok","./gepia_pdfs/gepia_pdfs_ph2/ph2__chromatin_vs_heme__BRD2_vs_FECH__THCA_Tumor__spearman.pdf"
"ph2","chromatin_vs_heme","BRD2","FECH","THYM_Tumor",0.74,"2.2e-21","ok","./gepia_pdfs/gepia_pdfs_ph2/ph2__chromatin_vs_heme__BRD2_vs_FECH__THYM_Tumor__spearman.pdf"
"ph2","chromatin_vs_heme","BRD2","FECH","UCEC_Tumor",0.57,"2.9e-16","ok","./gepia_pdfs/gepia_pdfs_ph2/ph2__chromatin_vs_heme__BRD2_vs_FECH__UCEC_Tumor__spearman.pdf"
"ph2","chromatin_vs_heme","BRD2","FECH","UCS_Tumor",0.29,"0.03","ok","./gepia_pdfs/gepia_pdfs_ph2/ph2__chromatin_vs_heme__BRD2_vs_FECH__UCS_Tumor__spearman.pdf"
"ph2","chromatin_vs_heme","BRD2","FECH","UVM_Tumor",0.58,"2.1e-08","ok","./gepia_pdfs/gepia_pdfs_ph2/ph2__chromatin_vs_heme__BRD2_vs_FECH__UVM_Tumor__spearman.pdf"
"ph2","chromatin_vs_heme","BRD2","HMBS","ACC_Tumor",0.56,"1.5e-07","ok","./gepia_pdfs/gepia_pdfs_ph2/ph2__chromatin_vs_heme__BRD2_vs_HMBS__ACC_Tumor__spearman.pdf"
"ph2","chromatin_vs_heme","BRD2","HMBS","BLCA_Tumor",0.085,"0.089","ok","./gepia_pdfs/gepia_pdfs_ph2/ph2__chromatin_vs_heme__BRD2_vs_HMBS__BLCA_Tumor__spearman.pdf"
"ph2","chromatin_vs_heme","BRD2","HMBS","BRCA_Tumor",-0.04,"0.19","ok","./gepia_pdfs/gepia_pdfs_ph2/ph2__chromatin_vs_heme__BRD2_vs_HMBS__BRCA_Tumor__spearman.pdf"
"ph2","chromatin_vs_heme","BRD2","HMBS","CESC_Tumor",-0.02,"0.73","ok","./gepia_pdfs/gepia_pdfs_ph2/ph2__chromatin_vs_heme__BRD2_vs_HMBS__CESC_Tumor__spearman.pdf"
"ph2","chromatin_vs_heme","BRD2","HMBS","CHOL_Tumor",-0.12,"0.5","ok","./gepia_pdfs/gepia_pdfs_ph2/ph2__chromatin_vs_heme__BRD2_vs_HMBS__CHOL_Tumor__spearman.pdf"
"ph2","chromatin_vs_heme","BRD2","HMBS","COAD_Tumor",0.069,"0.25","ok","./gepia_pdfs/gepia_pdfs_ph2/ph2__chromatin_vs_heme__BRD2_vs_HMBS__COAD_Tumor__spearman.pdf"
"ph2","chromatin_vs_heme","BRD2","HMBS","DLBC_Tumor",-0.18,"0.22","ok","./gepia_pdfs/gepia_pdfs_ph2/ph2__chromatin_vs_heme__BRD2_vs_HMBS__DLBC_Tumor__spearman.pdf"
"ph2","chromatin_vs_heme","BRD2","HMBS","ESCA_Tumor",0.085,"0.26","ok","./gepia_pdfs/gepia_pdfs_ph2/ph2__chromatin_vs_heme__BRD2_vs_HMBS__ESCA_Tumor__spearman.pdf"
"ph2","chromatin_vs_heme","BRD2","HMBS","GBM_Tumor",0.16,"0.046","ok","./gepia_pdfs/gepia_pdfs_ph2/ph2__chromatin_vs_heme__BRD2_vs_HMBS__GBM_Tumor__spearman.pdf"
"ph2","chromatin_vs_heme","BRD2","HMBS","HNSC_Tumor",0.037,"0.4","ok","./gepia_pdfs/gepia_pdfs_ph2/ph2__chromatin_vs_heme__BRD2_vs_HMBS__HNSC_Tumor__spearman.pdf"
"ph2","chromatin_vs_heme","BRD2","HMBS","KICH_Tumor",0.47,"6.9e-05","ok","./gepia_pdfs/gepia_pdfs_ph2/ph2__chromatin_vs_heme__BRD2_vs_HMBS__KICH_Tumor__spearman.pdf"
"ph2","chromatin_vs_heme","BRD2","HMBS","KIRC_Tumor",-0.077,"0.077","ok","./gepia_pdfs/gepia_pdfs_ph2/ph2__chromatin_vs_heme__BRD2_vs_HMBS__KIRC_Tumor__spearman.pdf"
"ph2","chromatin_vs_heme","BRD2","HMBS","KIRP_Tumor",0.19,"0.00097","ok","./gepia_pdfs/gepia_pdfs_ph2/ph2__chromatin_vs_heme__BRD2_vs_HMBS__KIRP_Tumor__spearman.pdf"
"ph2","chromatin_vs_heme","BRD2","HMBS","LAML_Tumor",0.093,"0.22","ok","./gepia_pdfs/gepia_pdfs_ph2/ph2__chromatin_vs_heme__BRD2_vs_HMBS__LAML_Tumor__spearman.pdf"
"ph2","chromatin_vs_heme","BRD2","HMBS","LGG_Tumor",0.32,"1.1e-13","ok","./gepia_pdfs/gepia_pdfs_ph2/ph2__chromatin_vs_heme__BRD2_vs_HMBS__LGG_Tumor__spearman.pdf"
"ph2","chromatin_vs_heme","BRD2","HMBS","LIHC_Tumor",0.21,"4.8e-05","ok","./gepia_pdfs/gepia_pdfs_ph2/ph2__chromatin_vs_heme__BRD2_vs_HMBS__LIHC_Tumor__spearman.pdf"
"ph2","chromatin_vs_heme","BRD2","HMBS","LUAD_Tumor",0.12,"0.0074","ok","./gepia_pdfs/gepia_pdfs_ph2/ph2__chromatin_vs_heme__BRD2_vs_HMBS__LUAD_Tumor__spearman.pdf"
"ph2","chromatin_vs_heme","BRD2","HMBS","LUSC_Tumor",0.15,"0.00064","ok","./gepia_pdfs/gepia_pdfs_ph2/ph2__chromatin_vs_heme__BRD2_vs_HMBS__LUSC_Tumor__spearman.pdf"
"ph2","chromatin_vs_heme","BRD2","HMBS","MESO_Tumor",-0.018,"0.87","ok","./gepia_pdfs/gepia_pdfs_ph2/ph2__chromatin_vs_heme__BRD2_vs_HMBS__MESO_Tumor__spearman.pdf"
"ph2","chromatin_vs_heme","BRD2","HMBS","OV_Tumor",0.26,"3.9e-08","ok","./gepia_pdfs/gepia_pdfs_ph2/ph2__chromatin_vs_heme__BRD2_vs_HMBS__OV_Tumor__spearman.pdf"
"ph2","chromatin_vs_heme","BRD2","HMBS","PAAD_Tumor",-0.017,"0.82","ok","./gepia_pdfs/gepia_pdfs_ph2/ph2__chromatin_vs_heme__BRD2_vs_HMBS__PAAD_Tumor__spearman.pdf"
"ph2","chromatin_vs_heme","BRD2","HMBS","PCPG_Tumor",0.26,"0.00043","ok","./gepia_pdfs/gepia_pdfs_ph2/ph2__chromatin_vs_heme__BRD2_vs_HMBS__PCPG_Tumor__spearman.pdf"
"ph2","chromatin_vs_heme","BRD2","HMBS","PRAD_Tumor",-0.073,"0.1","ok","./gepia_pdfs/gepia_pdfs_ph2/ph2__chromatin_vs_heme__BRD2_vs_HMBS__PRAD_Tumor__spearman.pdf"
"ph2","chromatin_vs_heme","BRD2","HMBS","READ_Tumor",0.17,"0.11","ok","./gepia_pdfs/gepia_pdfs_ph2/ph2__chromatin_vs_heme__BRD2_vs_HMBS__READ_Tumor__spearman.pdf"
"ph2","chromatin_vs_heme","BRD2","HMBS","SARC_Tumor",-0.032,"0.6","ok","./gepia_pdfs/gepia_pdfs_ph2/ph2__chromatin_vs_heme__BRD2_vs_HMBS__SARC_Tumor__spearman.pdf"
"ph2","chromatin_vs_heme","BRD2","HMBS","SKCM_Tumor",0.1,"0.029","ok","./gepia_pdfs/gepia_pdfs_ph2/ph2__chromatin_vs_heme__BRD2_vs_HMBS__SKCM_Tumor__spearman.pdf"
"ph2","chromatin_vs_heme","BRD2","HMBS","STAD_Tumor",0.35,"6.4e-13","ok","./gepia_pdfs/gepia_pdfs_ph2/ph2__chromatin_vs_heme__BRD2_vs_HMBS__STAD_Tumor__spearman.pdf"
"ph2","chromatin_vs_heme","BRD2","HMBS","TGCT_Tumor",0.13,"0.12","ok","./gepia_pdfs/gepia_pdfs_ph2/ph2__chromatin_vs_heme__BRD2_vs_HMBS__TGCT_Tumor__spearman.pdf"
"ph2","chromatin_vs_heme","BRD2","HMBS","THCA_Tumor",0.37,"5.3e-18","ok","./gepia_pdfs/gepia_pdfs_ph2/ph2__chromatin_vs_heme__BRD2_vs_HMBS__THCA_Tumor__spearman.pdf"
"ph2","chromatin_vs_heme","BRD2","HMBS","THYM_Tumor",-0.38,"2.2e-05","ok","./gepia_pdfs/gepia_pdfs_ph2/ph2__chromatin_vs_heme__BRD2_vs_HMBS__THYM_Tumor__spearman.pdf"
"ph2","chromatin_vs_heme","BRD2","HMBS","UCEC_Tumor",0.069,"0.36","ok","./gepia_pdfs/gepia_pdfs_ph2/ph2__chromatin_vs_heme__BRD2_vs_HMBS__UCEC_Tumor__spearman.pdf"
"ph2","chromatin_vs_heme","BRD2","HMBS","UCS_Tumor",-0.19,"0.15","ok","./gepia_pdfs/gepia_pdfs_ph2/ph2__chromatin_vs_heme__BRD2_vs_HMBS__UCS_Tumor__spearman.pdf"
"ph2","chromatin_vs_heme","BRD2","HMBS","UVM_Tumor",0.3,"0.0067","ok","./gepia_pdfs/gepia_pdfs_ph2/ph2__chromatin_vs_heme__BRD2_vs_HMBS__UVM_Tumor__spearman.pdf"
"ph2","chromatin_vs_heme","BRD2","PPOX","ACC_Tumor",0.38,"0.00056","ok","./gepia_pdfs/gepia_pdfs_ph2/ph2__chromatin_vs_heme__BRD2_vs_PPOX__ACC_Tumor__spearman.pdf"
"ph2","chromatin_vs_heme","BRD2","PPOX","BLCA_Tumor",0.017,"0.74","ok","./gepia_pdfs/gepia_pdfs_ph2/ph2__chromatin_vs_heme__BRD2_vs_PPOX__BLCA_Tumor__spearman.pdf"
"ph2","chromatin_vs_heme","BRD2","PPOX","BRCA_Tumor",0.03,"0.32","ok","./gepia_pdfs/gepia_pdfs_ph2/ph2__chromatin_vs_heme__BRD2_vs_PPOX__BRCA_Tumor__spearman.pdf"
"ph2","chromatin_vs_heme","BRD2","PPOX","CESC_Tumor",0.045,"0.44","ok","./gepia_pdfs/gepia_pdfs_ph2/ph2__chromatin_vs_heme__BRD2_vs_PPOX__CESC_Tumor__spearman.pdf"
"ph2","chromatin_vs_heme","BRD2","PPOX","CHOL_Tumor",0.3,"0.08","ok","./gepia_pdfs/gepia_pdfs_ph2/ph2__chromatin_vs_heme__BRD2_vs_PPOX__CHOL_Tumor__spearman.pdf"
"ph2","chromatin_vs_heme","BRD2","PPOX","COAD_Tumor",0.063,"0.3","ok","./gepia_pdfs/gepia_pdfs_ph2/ph2__chromatin_vs_heme__BRD2_vs_PPOX__COAD_Tumor__spearman.pdf"
"ph2","chromatin_vs_heme","BRD2","PPOX","DLBC_Tumor",0.2,"0.18","ok","./gepia_pdfs/gepia_pdfs_ph2/ph2__chromatin_vs_heme__BRD2_vs_PPOX__DLBC_Tumor__spearman.pdf"
"ph2","chromatin_vs_heme","BRD2","PPOX","ESCA_Tumor",0.11,"0.13","ok","./gepia_pdfs/gepia_pdfs_ph2/ph2__chromatin_vs_heme__BRD2_vs_PPOX__ESCA_Tumor__spearman.pdf"
"ph2","chromatin_vs_heme","BRD2","PPOX","GBM_Tumor",0.28,"0.00027","ok","./gepia_pdfs/gepia_pdfs_ph2/ph2__chromatin_vs_heme__BRD2_vs_PPOX__GBM_Tumor__spearman.pdf"
"ph2","chromatin_vs_heme","BRD2","PPOX","HNSC_Tumor",0.26,"2.2e-09","ok","./gepia_pdfs/gepia_pdfs_ph2/ph2__chromatin_vs_heme__BRD2_vs_PPOX__HNSC_Tumor__spearman.pdf"
"ph2","chromatin_vs_heme","BRD2","PPOX","KICH_Tumor",0.36,"0.003","ok","./gepia_pdfs/gepia_pdfs_ph2/ph2__chromatin_vs_heme__BRD2_vs_PPOX__KICH_Tumor__spearman.pdf"
"ph2","chromatin_vs_heme","BRD2","PPOX","KIRC_Tumor",0.32,"2.6e-14","ok","./gepia_pdfs/gepia_pdfs_ph2/ph2__chromatin_vs_heme__BRD2_vs_PPOX__KIRC_Tumor__spearman.pdf"
"ph2","chromatin_vs_heme","BRD2","PPOX","KIRP_Tumor",0.18,"0.0021","ok","./gepia_pdfs/gepia_pdfs_ph2/ph2__chromatin_vs_heme__BRD2_vs_PPOX__KIRP_Tumor__spearman.pdf"
"ph2","chromatin_vs_heme","BRD2","PPOX","LAML_Tumor",0.26,"0.00066","ok","./gepia_pdfs/gepia_pdfs_ph2/ph2__chromatin_vs_heme__BRD2_vs_PPOX__LAML_Tumor__spearman.pdf"
"ph2","chromatin_vs_heme","BRD2","PPOX","LGG_Tumor",0.43,"2.1e-24","ok","./gepia_pdfs/gepia_pdfs_ph2/ph2__chromatin_vs_heme__BRD2_vs_PPOX__LGG_Tumor__spearman.pdf"
"ph2","chromatin_vs_heme","BRD2","PPOX","LIHC_Tumor",0.14,"0.0062","ok","./gepia_pdfs/gepia_pdfs_ph2/ph2__chromatin_vs_heme__BRD2_vs_PPOX__LIHC_Tumor__spearman.pdf"
"ph2","chromatin_vs_heme","BRD2","PPOX","LUAD_Tumor",0.23,"2.8e-07","ok","./gepia_pdfs/gepia_pdfs_ph2/ph2__chromatin_vs_heme__BRD2_vs_PPOX__LUAD_Tumor__spearman.pdf"
"ph2","chromatin_vs_heme","BRD2","PPOX","LUSC_Tumor",0.33,"3.7e-14","ok","./gepia_pdfs/gepia_pdfs_ph2/ph2__chromatin_vs_heme__BRD2_vs_PPOX__LUSC_Tumor__spearman.pdf"
"ph2","chromatin_vs_heme","BRD2","PPOX","MESO_Tumor",-0.052,"0.63","ok","./gepia_pdfs/gepia_pdfs_ph2/ph2__chromatin_vs_heme__BRD2_vs_PPOX__MESO_Tumor__spearman.pdf"
"ph2","chromatin_vs_heme","BRD2","PPOX","OV_Tumor",0.3,"4.3e-10","ok","./gepia_pdfs/gepia_pdfs_ph2/ph2__chromatin_vs_heme__BRD2_vs_PPOX__OV_Tumor__spearman.pdf"
"ph2","chromatin_vs_heme","BRD2","PPOX","PAAD_Tumor",0.19,"0.012","ok","./gepia_pdfs/gepia_pdfs_ph2/ph2__chromatin_vs_heme__BRD2_vs_PPOX__PAAD_Tumor__spearman.pdf"
"ph2","chromatin_vs_heme","BRD2","PPOX","PCPG_Tumor",0.013,"0.86","ok","./gepia_pdfs/gepia_pdfs_ph2/ph2__chromatin_vs_heme__BRD2_vs_PPOX__PCPG_Tumor__spearman.pdf"
"ph2","chromatin_vs_heme","BRD2","PPOX","PRAD_Tumor",-0.0014,"0.98","ok","./gepia_pdfs/gepia_pdfs_ph2/ph2__chromatin_vs_heme__BRD2_vs_PPOX__PRAD_Tumor__spearman.pdf"
"ph2","chromatin_vs_heme","BRD2","PPOX","READ_Tumor",0.018,"0.87","ok","./gepia_pdfs/gepia_pdfs_ph2/ph2__chromatin_vs_heme__BRD2_vs_PPOX__READ_Tumor__spearman.pdf"
"ph2","chromatin_vs_heme","BRD2","PPOX","SARC_Tumor",0.23,"0.00013","ok","./gepia_pdfs/gepia_pdfs_ph2/ph2__chromatin_vs_heme__BRD2_vs_PPOX__SARC_Tumor__spearman.pdf"
"ph2","chromatin_vs_heme","BRD2","PPOX","SKCM_Tumor",0.14,"0.0027","ok","./gepia_pdfs/gepia_pdfs_ph2/ph2__chromatin_vs_heme__BRD2_vs_PPOX__SKCM_Tumor__spearman.pdf"
"ph2","chromatin_vs_heme","BRD2","PPOX","STAD_Tumor",0.19,"0.00014","ok","./gepia_pdfs/gepia_pdfs_ph2/ph2__chromatin_vs_heme__BRD2_vs_PPOX__STAD_Tumor__spearman.pdf"
"ph2","chromatin_vs_heme","BRD2","PPOX","TGCT_Tumor",0.12,"0.18","ok","./gepia_pdfs/gepia_pdfs_ph2/ph2__chromatin_vs_heme__BRD2_vs_PPOX__TGCT_Tumor__spearman.pdf"
"ph2","chromatin_vs_heme","BRD2","PPOX","THCA_Tumor",0.31,"4.9e-13","ok","./gepia_pdfs/gepia_pdfs_ph2/ph2__chromatin_vs_heme__BRD2_vs_PPOX__THCA_Tumor__spearman.pdf"
"ph2","chromatin_vs_heme","BRD2","PPOX","THYM_Tumor",-0.57,"1.2e-11","ok","./gepia_pdfs/gepia_pdfs_ph2/ph2__chromatin_vs_heme__BRD2_vs_PPOX__THYM_Tumor__spearman.pdf"
"ph2","chromatin_vs_heme","BRD2","PPOX","UCEC_Tumor",-0.16,"0.038","ok","./gepia_pdfs/gepia_pdfs_ph2/ph2__chromatin_vs_heme__BRD2_vs_PPOX__UCEC_Tumor__spearman.pdf"
"ph2","chromatin_vs_heme","BRD2","PPOX","UCS_Tumor",0.17,"0.22","ok","./gepia_pdfs/gepia_pdfs_ph2/ph2__chromatin_vs_heme__BRD2_vs_PPOX__UCS_Tumor__spearman.pdf"
"ph2","chromatin_vs_heme","BRD2","PPOX","UVM_Tumor",0.14,"0.2","ok","./gepia_pdfs/gepia_pdfs_ph2/ph2__chromatin_vs_heme__BRD2_vs_PPOX__UVM_Tumor__spearman.pdf"
"ph2","chromatin_vs_heme","BRD2","UROD","ACC_Tumor",0.065,"0.57","ok","./gepia_pdfs/gepia_pdfs_ph2/ph2__chromatin_vs_heme__BRD2_vs_UROD__ACC_Tumor__spearman.pdf"
"ph2","chromatin_vs_heme","BRD2","UROD","BLCA_Tumor",0.17,"0.00086","ok","./gepia_pdfs/gepia_pdfs_ph2/ph2__chromatin_vs_heme__BRD2_vs_UROD__BLCA_Tumor__spearman.pdf"
"ph2","chromatin_vs_heme","BRD2","UROD","BRCA_Tumor",-0.012,"0.69","ok","./gepia_pdfs/gepia_pdfs_ph2/ph2__chromatin_vs_heme__BRD2_vs_UROD__BRCA_Tumor__spearman.pdf"
"ph2","chromatin_vs_heme","BRD2","UROD","CESC_Tumor",0.19,"7e-04","ok","./gepia_pdfs/gepia_pdfs_ph2/ph2__chromatin_vs_heme__BRD2_vs_UROD__CESC_Tumor__spearman.pdf"
"ph2","chromatin_vs_heme","BRD2","UROD","CHOL_Tumor",-0.044,"0.8","ok","./gepia_pdfs/gepia_pdfs_ph2/ph2__chromatin_vs_heme__BRD2_vs_UROD__CHOL_Tumor__spearman.pdf"
"ph2","chromatin_vs_heme","BRD2","UROD","COAD_Tumor",0.11,"0.057","ok","./gepia_pdfs/gepia_pdfs_ph2/ph2__chromatin_vs_heme__BRD2_vs_UROD__COAD_Tumor__spearman.pdf"
"ph2","chromatin_vs_heme","BRD2","UROD","DLBC_Tumor",-0.53,"0.00014","ok","./gepia_pdfs/gepia_pdfs_ph2/ph2__chromatin_vs_heme__BRD2_vs_UROD__DLBC_Tumor__spearman.pdf"
"ph2","chromatin_vs_heme","BRD2","UROD","ESCA_Tumor",0.2,"0.0068","ok","./gepia_pdfs/gepia_pdfs_ph2/ph2__chromatin_vs_heme__BRD2_vs_UROD__ESCA_Tumor__spearman.pdf"
"ph2","chromatin_vs_heme","BRD2","UROD","GBM_Tumor",-0.23,"0.0035","ok","./gepia_pdfs/gepia_pdfs_ph2/ph2__chromatin_vs_heme__BRD2_vs_UROD__GBM_Tumor__spearman.pdf"
"ph2","chromatin_vs_heme","BRD2","UROD","HNSC_Tumor",0.0086,"0.85","ok","./gepia_pdfs/gepia_pdfs_ph2/ph2__chromatin_vs_heme__BRD2_vs_UROD__HNSC_Tumor__spearman.pdf"
"ph2","chromatin_vs_heme","BRD2","UROD","KICH_Tumor",0.41,"0.00081","ok","./gepia_pdfs/gepia_pdfs_ph2/ph2__chromatin_vs_heme__BRD2_vs_UROD__KICH_Tumor__spearman.pdf"
"ph2","chromatin_vs_heme","BRD2","UROD","KIRC_Tumor",0.21,"8e-07","ok","./gepia_pdfs/gepia_pdfs_ph2/ph2__chromatin_vs_heme__BRD2_vs_UROD__KIRC_Tumor__spearman.pdf"
"ph2","chromatin_vs_heme","BRD2","UROD","KIRP_Tumor",0.16,"0.0073","ok","./gepia_pdfs/gepia_pdfs_ph2/ph2__chromatin_vs_heme__BRD2_vs_UROD__KIRP_Tumor__spearman.pdf"
"ph2","chromatin_vs_heme","BRD2","UROD","LAML_Tumor",0.22,"0.0042","ok","./gepia_pdfs/gepia_pdfs_ph2/ph2__chromatin_vs_heme__BRD2_vs_UROD__LAML_Tumor__spearman.pdf"
"ph2","chromatin_vs_heme","BRD2","UROD","LGG_Tumor",-0.058,"0.19","ok","./gepia_pdfs/gepia_pdfs_ph2/ph2__chromatin_vs_heme__BRD2_vs_UROD__LGG_Tumor__spearman.pdf"
"ph2","chromatin_vs_heme","BRD2","UROD","LIHC_Tumor",0.064,"0.22","ok","./gepia_pdfs/gepia_pdfs_ph2/ph2__chromatin_vs_heme__BRD2_vs_UROD__LIHC_Tumor__spearman.pdf"
"ph2","chromatin_vs_heme","BRD2","UROD","LUAD_Tumor",-0.037,"0.41","ok","./gepia_pdfs/gepia_pdfs_ph2/ph2__chromatin_vs_heme__BRD2_vs_UROD__LUAD_Tumor__spearman.pdf"
"ph2","chromatin_vs_heme","BRD2","UROD","LUSC_Tumor",0.081,"0.074","ok","./gepia_pdfs/gepia_pdfs_ph2/ph2__chromatin_vs_heme__BRD2_vs_UROD__LUSC_Tumor__spearman.pdf"
"ph2","chromatin_vs_heme","BRD2","UROD","MESO_Tumor",0.051,"0.64","ok","./gepia_pdfs/gepia_pdfs_ph2/ph2__chromatin_vs_heme__BRD2_vs_UROD__MESO_Tumor__spearman.pdf"
"ph2","chromatin_vs_heme","BRD2","UROD","OV_Tumor",0.25,"1.4e-07","ok","./gepia_pdfs/gepia_pdfs_ph2/ph2__chromatin_vs_heme__BRD2_vs_UROD__OV_Tumor__spearman.pdf"
"ph2","chromatin_vs_heme","BRD2","UROD","PAAD_Tumor",0.2,"0.0082","ok","./gepia_pdfs/gepia_pdfs_ph2/ph2__chromatin_vs_heme__BRD2_vs_UROD__PAAD_Tumor__spearman.pdf"
"ph2","chromatin_vs_heme","BRD2","UROD","PCPG_Tumor",0.056,"0.45","ok","./gepia_pdfs/gepia_pdfs_ph2/ph2__chromatin_vs_heme__BRD2_vs_UROD__PCPG_Tumor__spearman.pdf"
"ph2","chromatin_vs_heme","BRD2","UROD","PRAD_Tumor",-0.17,"0.00013","ok","./gepia_pdfs/gepia_pdfs_ph2/ph2__chromatin_vs_heme__BRD2_vs_UROD__PRAD_Tumor__spearman.pdf"
"ph2","chromatin_vs_heme","BRD2","UROD","READ_Tumor",0.081,"0.44","ok","./gepia_pdfs/gepia_pdfs_ph2/ph2__chromatin_vs_heme__BRD2_vs_UROD__READ_Tumor__spearman.pdf"
"ph2","chromatin_vs_heme","BRD2","UROD","SARC_Tumor",0.067,"0.28","ok","./gepia_pdfs/gepia_pdfs_ph2/ph2__chromatin_vs_heme__BRD2_vs_UROD__SARC_Tumor__spearman.pdf"
"ph2","chromatin_vs_heme","BRD2","UROD","SKCM_Tumor",0.0013,"0.98","ok","./gepia_pdfs/gepia_pdfs_ph2/ph2__chromatin_vs_heme__BRD2_vs_UROD__SKCM_Tumor__spearman.pdf"
"ph2","chromatin_vs_heme","BRD2","UROD","STAD_Tumor",0.23,"2.5e-06","ok","./gepia_pdfs/gepia_pdfs_ph2/ph2__chromatin_vs_heme__BRD2_vs_UROD__STAD_Tumor__spearman.pdf"
"ph2","chromatin_vs_heme","BRD2","UROD","TGCT_Tumor",0.33,"9.7e-05","ok","./gepia_pdfs/gepia_pdfs_ph2/ph2__chromatin_vs_heme__BRD2_vs_UROD__TGCT_Tumor__spearman.pdf"
"ph2","chromatin_vs_heme","BRD2","UROD","THCA_Tumor",0.48,"1.4e-30","ok","./gepia_pdfs/gepia_pdfs_ph2/ph2__chromatin_vs_heme__BRD2_vs_UROD__THCA_Tumor__spearman.pdf"
"ph2","chromatin_vs_heme","BRD2","UROD","THYM_Tumor",0.28,"0.0023","ok","./gepia_pdfs/gepia_pdfs_ph2/ph2__chromatin_vs_heme__BRD2_vs_UROD__THYM_Tumor__spearman.pdf"
"ph2","chromatin_vs_heme","BRD2","UROD","UCEC_Tumor",0.069,"0.37","ok","./gepia_pdfs/gepia_pdfs_ph2/ph2__chromatin_vs_heme__BRD2_vs_UROD__UCEC_Tumor__spearman.pdf"
"ph2","chromatin_vs_heme","BRD2","UROD","UCS_Tumor",0.0094,"0.94","ok","./gepia_pdfs/gepia_pdfs_ph2/ph2__chromatin_vs_heme__BRD2_vs_UROD__UCS_Tumor__spearman.pdf"
"ph2","chromatin_vs_heme","BRD2","UROD","UVM_Tumor",0.26,"0.022","ok","./gepia_pdfs/gepia_pdfs_ph2/ph2__chromatin_vs_heme__BRD2_vs_UROD__UVM_Tumor__spearman.pdf"
"ph2","chromatin_vs_heme","BRD2","UROS","ACC_Tumor",0.54,"3.5e-07","ok","./gepia_pdfs/gepia_pdfs_ph2/ph2__chromatin_vs_heme__BRD2_vs_UROS__ACC_Tumor__spearman.pdf"
"ph2","chromatin_vs_heme","BRD2","UROS","BLCA_Tumor",-0.036,"0.47","ok","./gepia_pdfs/gepia_pdfs_ph2/ph2__chromatin_vs_heme__BRD2_vs_UROS__BLCA_Tumor__spearman.pdf"
"ph2","chromatin_vs_heme","BRD2","UROS","BRCA_Tumor",0.031,"0.3","ok","./gepia_pdfs/gepia_pdfs_ph2/ph2__chromatin_vs_heme__BRD2_vs_UROS__BRCA_Tumor__spearman.pdf"
"ph2","chromatin_vs_heme","BRD2","UROS","CESC_Tumor",0.023,"0.68","ok","./gepia_pdfs/gepia_pdfs_ph2/ph2__chromatin_vs_heme__BRD2_vs_UROS__CESC_Tumor__spearman.pdf"
"ph2","chromatin_vs_heme","BRD2","UROS","CHOL_Tumor",-0.094,"0.59","ok","./gepia_pdfs/gepia_pdfs_ph2/ph2__chromatin_vs_heme__BRD2_vs_UROS__CHOL_Tumor__spearman.pdf"
"ph2","chromatin_vs_heme","BRD2","UROS","COAD_Tumor",-0.089,"0.14","ok","./gepia_pdfs/gepia_pdfs_ph2/ph2__chromatin_vs_heme__BRD2_vs_UROS__COAD_Tumor__spearman.pdf"
"ph2","chromatin_vs_heme","BRD2","UROS","DLBC_Tumor",-0.31,"0.035","ok","./gepia_pdfs/gepia_pdfs_ph2/ph2__chromatin_vs_heme__BRD2_vs_UROS__DLBC_Tumor__spearman.pdf"
"ph2","chromatin_vs_heme","BRD2","UROS","ESCA_Tumor",0.12,"0.094","ok","./gepia_pdfs/gepia_pdfs_ph2/ph2__chromatin_vs_heme__BRD2_vs_UROS__ESCA_Tumor__spearman.pdf"
"ph2","chromatin_vs_heme","BRD2","UROS","GBM_Tumor",-0.15,"0.051","ok","./gepia_pdfs/gepia_pdfs_ph2/ph2__chromatin_vs_heme__BRD2_vs_UROS__GBM_Tumor__spearman.pdf"
"ph2","chromatin_vs_heme","BRD2","UROS","HNSC_Tumor",0.046,"0.3","ok","./gepia_pdfs/gepia_pdfs_ph2/ph2__chromatin_vs_heme__BRD2_vs_UROS__HNSC_Tumor__spearman.pdf"
"ph2","chromatin_vs_heme","BRD2","UROS","KICH_Tumor",0.32,"0.0086","ok","./gepia_pdfs/gepia_pdfs_ph2/ph2__chromatin_vs_heme__BRD2_vs_UROS__KICH_Tumor__spearman.pdf"
"ph2","chromatin_vs_heme","BRD2","UROS","KIRC_Tumor",-0.046,"0.3","ok","./gepia_pdfs/gepia_pdfs_ph2/ph2__chromatin_vs_heme__BRD2_vs_UROS__KIRC_Tumor__spearman.pdf"
"ph2","chromatin_vs_heme","BRD2","UROS","KIRP_Tumor",0.021,"0.73","ok","./gepia_pdfs/gepia_pdfs_ph2/ph2__chromatin_vs_heme__BRD2_vs_UROS__KIRP_Tumor__spearman.pdf"
"ph2","chromatin_vs_heme","BRD2","UROS","LAML_Tumor",0.17,"0.023","ok","./gepia_pdfs/gepia_pdfs_ph2/ph2__chromatin_vs_heme__BRD2_vs_UROS__LAML_Tumor__spearman.pdf"
"ph2","chromatin_vs_heme","BRD2","UROS","LGG_Tumor",-0.14,"0.0012","ok","./gepia_pdfs/gepia_pdfs_ph2/ph2__chromatin_vs_heme__BRD2_vs_UROS__LGG_Tumor__spearman.pdf"
"ph2","chromatin_vs_heme","BRD2","UROS","LIHC_Tumor",0.035,"0.5","ok","./gepia_pdfs/gepia_pdfs_ph2/ph2__chromatin_vs_heme__BRD2_vs_UROS__LIHC_Tumor__spearman.pdf"
"ph2","chromatin_vs_heme","BRD2","UROS","LUAD_Tumor",0.095,"0.037","ok","./gepia_pdfs/gepia_pdfs_ph2/ph2__chromatin_vs_heme__BRD2_vs_UROS__LUAD_Tumor__spearman.pdf"
"ph2","chromatin_vs_heme","BRD2","UROS","LUSC_Tumor",-0.054,"0.24","ok","./gepia_pdfs/gepia_pdfs_ph2/ph2__chromatin_vs_heme__BRD2_vs_UROS__LUSC_Tumor__spearman.pdf"
"ph2","chromatin_vs_heme","BRD2","UROS","MESO_Tumor",-0.15,"0.17","ok","./gepia_pdfs/gepia_pdfs_ph2/ph2__chromatin_vs_heme__BRD2_vs_UROS__MESO_Tumor__spearman.pdf"
"ph2","chromatin_vs_heme","BRD2","UROS","OV_Tumor",0.029,"0.55","ok","./gepia_pdfs/gepia_pdfs_ph2/ph2__chromatin_vs_heme__BRD2_vs_UROS__OV_Tumor__spearman.pdf"
"ph2","chromatin_vs_heme","BRD2","UROS","PAAD_Tumor",0.084,"0.26","ok","./gepia_pdfs/gepia_pdfs_ph2/ph2__chromatin_vs_heme__BRD2_vs_UROS__PAAD_Tumor__spearman.pdf"
"ph2","chromatin_vs_heme","BRD2","UROS","PCPG_Tumor",0.34,"2.3e-06","ok","./gepia_pdfs/gepia_pdfs_ph2/ph2__chromatin_vs_heme__BRD2_vs_UROS__PCPG_Tumor__spearman.pdf"
"ph2","chromatin_vs_heme","BRD2","UROS","PRAD_Tumor",0.018,"0.69","ok","./gepia_pdfs/gepia_pdfs_ph2/ph2__chromatin_vs_heme__BRD2_vs_UROS__PRAD_Tumor__spearman.pdf"
"ph2","chromatin_vs_heme","BRD2","UROS","READ_Tumor",0.0029,"0.98","ok","./gepia_pdfs/gepia_pdfs_ph2/ph2__chromatin_vs_heme__BRD2_vs_UROS__READ_Tumor__spearman.pdf"
"ph2","chromatin_vs_heme","BRD2","UROS","SARC_Tumor",-0.19,"0.0021","ok","./gepia_pdfs/gepia_pdfs_ph2/ph2__chromatin_vs_heme__BRD2_vs_UROS__SARC_Tumor__spearman.pdf"
"ph2","chromatin_vs_heme","BRD2","UROS","SKCM_Tumor",0.039,"0.41","ok","./gepia_pdfs/gepia_pdfs_ph2/ph2__chromatin_vs_heme__BRD2_vs_UROS__SKCM_Tumor__spearman.pdf"
"ph2","chromatin_vs_heme","BRD2","UROS","STAD_Tumor",0.098,"0.048","ok","./gepia_pdfs/gepia_pdfs_ph2/ph2__chromatin_vs_heme__BRD2_vs_UROS__STAD_Tumor__spearman.pdf"
"ph2","chromatin_vs_heme","BRD2","UROS","TGCT_Tumor",0.24,"0.004","ok","./gepia_pdfs/gepia_pdfs_ph2/ph2__chromatin_vs_heme__BRD2_vs_UROS__TGCT_Tumor__spearman.pdf"
"ph2","chromatin_vs_heme","BRD2","UROS","THCA_Tumor",0.39,"4.9e-20","ok","./gepia_pdfs/gepia_pdfs_ph2/ph2__chromatin_vs_heme__BRD2_vs_UROS__THCA_Tumor__spearman.pdf"
"ph2","chromatin_vs_heme","BRD2","UROS","THYM_Tumor",-0.45,"3.1e-07","ok","./gepia_pdfs/gepia_pdfs_ph2/ph2__chromatin_vs_heme__BRD2_vs_UROS__THYM_Tumor__spearman.pdf"
"ph2","chromatin_vs_heme","BRD2","UROS","UCEC_Tumor",-0.097,"0.2","ok","./gepia_pdfs/gepia_pdfs_ph2/ph2__chromatin_vs_heme__BRD2_vs_UROS__UCEC_Tumor__spearman.pdf"
"ph2","chromatin_vs_heme","BRD2","UROS","UCS_Tumor",0.039,"0.78","ok","./gepia_pdfs/gepia_pdfs_ph2/ph2__chromatin_vs_heme__BRD2_vs_UROS__UCS_Tumor__spearman.pdf"
"ph2","chromatin_vs_heme","BRD2","UROS","UVM_Tumor",0.14,"0.22","ok","./gepia_pdfs/gepia_pdfs_ph2/ph2__chromatin_vs_heme__BRD2_vs_UROS__UVM_Tumor__spearman.pdf"
"ph2","chromatin_vs_heme","BRD4","ALAD","ACC_Tumor",0.27,"0.017","ok","./gepia_pdfs/gepia_pdfs_ph2/ph2__chromatin_vs_heme__BRD4_vs_ALAD__ACC_Tumor__spearman.pdf"
"ph2","chromatin_vs_heme","BRD4","ALAD","BLCA_Tumor",0.38,"1.3e-15","ok","./gepia_pdfs/gepia_pdfs_ph2/ph2__chromatin_vs_heme__BRD4_vs_ALAD__BLCA_Tumor__spearman.pdf"
"ph2","chromatin_vs_heme","BRD4","ALAD","BRCA_Tumor",0.3,"3.3e-24","ok","./gepia_pdfs/gepia_pdfs_ph2/ph2__chromatin_vs_heme__BRD4_vs_ALAD__BRCA_Tumor__spearman.pdf"
"ph2","chromatin_vs_heme","BRD4","ALAD","CESC_Tumor",0.47,"5.8e-18","ok","./gepia_pdfs/gepia_pdfs_ph2/ph2__chromatin_vs_heme__BRD4_vs_ALAD__CESC_Tumor__spearman.pdf"
"ph2","chromatin_vs_heme","BRD4","ALAD","CHOL_Tumor",0.37,"0.025","ok","./gepia_pdfs/gepia_pdfs_ph2/ph2__chromatin_vs_heme__BRD4_vs_ALAD__CHOL_Tumor__spearman.pdf"
"ph2","chromatin_vs_heme","BRD4","ALAD","COAD_Tumor",0.37,"2.8e-10","ok","./gepia_pdfs/gepia_pdfs_ph2/ph2__chromatin_vs_heme__BRD4_vs_ALAD__COAD_Tumor__spearman.pdf"
"ph2","chromatin_vs_heme","BRD4","ALAD","DLBC_Tumor",0.83,"6.6e-13","ok","./gepia_pdfs/gepia_pdfs_ph2/ph2__chromatin_vs_heme__BRD4_vs_ALAD__DLBC_Tumor__spearman.pdf"
"ph2","chromatin_vs_heme","BRD4","ALAD","ESCA_Tumor",0.16,"0.031","ok","./gepia_pdfs/gepia_pdfs_ph2/ph2__chromatin_vs_heme__BRD4_vs_ALAD__ESCA_Tumor__spearman.pdf"
"ph2","chromatin_vs_heme","BRD4","ALAD","GBM_Tumor",0.4,"9.5e-08","ok","./gepia_pdfs/gepia_pdfs_ph2/ph2__chromatin_vs_heme__BRD4_vs_ALAD__GBM_Tumor__spearman.pdf"
"ph2","chromatin_vs_heme","BRD4","ALAD","HNSC_Tumor",0.49,"1.9e-32","ok","./gepia_pdfs/gepia_pdfs_ph2/ph2__chromatin_vs_heme__BRD4_vs_ALAD__HNSC_Tumor__spearman.pdf"
"ph2","chromatin_vs_heme","BRD4","ALAD","KICH_Tumor",0.6,"2.3e-07","ok","./gepia_pdfs/gepia_pdfs_ph2/ph2__chromatin_vs_heme__BRD4_vs_ALAD__KICH_Tumor__spearman.pdf"
"ph2","chromatin_vs_heme","BRD4","ALAD","KIRC_Tumor",0.43,"1.1e-24","ok","./gepia_pdfs/gepia_pdfs_ph2/ph2__chromatin_vs_heme__BRD4_vs_ALAD__KIRC_Tumor__spearman.pdf"
"ph2","chromatin_vs_heme","BRD4","ALAD","KIRP_Tumor",0.47,"5.3e-17","ok","./gepia_pdfs/gepia_pdfs_ph2/ph2__chromatin_vs_heme__BRD4_vs_ALAD__KIRP_Tumor__spearman.pdf"
"ph2","chromatin_vs_heme","BRD4","ALAD","LAML_Tumor",0.42,"7.3e-09","ok","./gepia_pdfs/gepia_pdfs_ph2/ph2__chromatin_vs_heme__BRD4_vs_ALAD__LAML_Tumor__spearman.pdf"
"ph2","chromatin_vs_heme","BRD4","ALAD","LGG_Tumor",-0.005,"0.91","ok","./gepia_pdfs/gepia_pdfs_ph2/ph2__chromatin_vs_heme__BRD4_vs_ALAD__LGG_Tumor__spearman.pdf"
"ph2","chromatin_vs_heme","BRD4","ALAD","LIHC_Tumor",0.32,"4.9e-10","ok","./gepia_pdfs/gepia_pdfs_ph2/ph2__chromatin_vs_heme__BRD4_vs_ALAD__LIHC_Tumor__spearman.pdf"
"ph2","chromatin_vs_heme","BRD4","ALAD","LUAD_Tumor",0.26,"8.3e-09","ok","./gepia_pdfs/gepia_pdfs_ph2/ph2__chromatin_vs_heme__BRD4_vs_ALAD__LUAD_Tumor__spearman.pdf"
"ph2","chromatin_vs_heme","BRD4","ALAD","LUSC_Tumor",0.42,"8.6e-22","ok","./gepia_pdfs/gepia_pdfs_ph2/ph2__chromatin_vs_heme__BRD4_vs_ALAD__LUSC_Tumor__spearman.pdf"
"ph2","chromatin_vs_heme","BRD4","ALAD","MESO_Tumor",0.32,"0.0027","ok","./gepia_pdfs/gepia_pdfs_ph2/ph2__chromatin_vs_heme__BRD4_vs_ALAD__MESO_Tumor__spearman.pdf"
"ph2","chromatin_vs_heme","BRD4","ALAD","OV_Tumor",0.4,"3.6e-18","ok","./gepia_pdfs/gepia_pdfs_ph2/ph2__chromatin_vs_heme__BRD4_vs_ALAD__OV_Tumor__spearman.pdf"
"ph2","chromatin_vs_heme","BRD4","ALAD","PAAD_Tumor",0.48,"7.6e-12","ok","./gepia_pdfs/gepia_pdfs_ph2/ph2__chromatin_vs_heme__BRD4_vs_ALAD__PAAD_Tumor__spearman.pdf"
"ph2","chromatin_vs_heme","BRD4","ALAD","PCPG_Tumor",0.56,"1.2e-16","ok","./gepia_pdfs/gepia_pdfs_ph2/ph2__chromatin_vs_heme__BRD4_vs_ALAD__PCPG_Tumor__spearman.pdf"
"ph2","chromatin_vs_heme","BRD4","ALAD","PRAD_Tumor",0.44,"4.5e-25","ok","./gepia_pdfs/gepia_pdfs_ph2/ph2__chromatin_vs_heme__BRD4_vs_ALAD__PRAD_Tumor__spearman.pdf"
"ph2","chromatin_vs_heme","BRD4","ALAD","READ_Tumor",0.38,"0.00018","ok","./gepia_pdfs/gepia_pdfs_ph2/ph2__chromatin_vs_heme__BRD4_vs_ALAD__READ_Tumor__spearman.pdf"
"ph2","chromatin_vs_heme","BRD4","ALAD","SARC_Tumor",0.51,"1.1e-18","ok","./gepia_pdfs/gepia_pdfs_ph2/ph2__chromatin_vs_heme__BRD4_vs_ALAD__SARC_Tumor__spearman.pdf"
"ph2","chromatin_vs_heme","BRD4","ALAD","SKCM_Tumor",0.27,"2.9e-09","ok","./gepia_pdfs/gepia_pdfs_ph2/ph2__chromatin_vs_heme__BRD4_vs_ALAD__SKCM_Tumor__spearman.pdf"
"ph2","chromatin_vs_heme","BRD4","ALAD","STAD_Tumor",0.39,"4.1e-16","ok","./gepia_pdfs/gepia_pdfs_ph2/ph2__chromatin_vs_heme__BRD4_vs_ALAD__STAD_Tumor__spearman.pdf"
"ph2","chromatin_vs_heme","BRD4","ALAD","TGCT_Tumor",0.62,"8.1e-16","ok","./gepia_pdfs/gepia_pdfs_ph2/ph2__chromatin_vs_heme__BRD4_vs_ALAD__TGCT_Tumor__spearman.pdf"
"ph2","chromatin_vs_heme","BRD4","ALAD","THCA_Tumor",0.57,"1.5e-44","ok","./gepia_pdfs/gepia_pdfs_ph2/ph2__chromatin_vs_heme__BRD4_vs_ALAD__THCA_Tumor__spearman.pdf"
"ph2","chromatin_vs_heme","BRD4","ALAD","THYM_Tumor",0.8,"2.1e-27","ok","./gepia_pdfs/gepia_pdfs_ph2/ph2__chromatin_vs_heme__BRD4_vs_ALAD__THYM_Tumor__spearman.pdf"
"ph2","chromatin_vs_heme","BRD4","ALAD","UCEC_Tumor",0.44,"1.9e-09","ok","./gepia_pdfs/gepia_pdfs_ph2/ph2__chromatin_vs_heme__BRD4_vs_ALAD__UCEC_Tumor__spearman.pdf"
"ph2","chromatin_vs_heme","BRD4","ALAD","UCS_Tumor",0.35,"0.0086","ok","./gepia_pdfs/gepia_pdfs_ph2/ph2__chromatin_vs_heme__BRD4_vs_ALAD__UCS_Tumor__spearman.pdf"
"ph2","chromatin_vs_heme","BRD4","ALAD","UVM_Tumor",0.39,"0.00037","ok","./gepia_pdfs/gepia_pdfs_ph2/ph2__chromatin_vs_heme__BRD4_vs_ALAD__UVM_Tumor__spearman.pdf"
"ph2","chromatin_vs_heme","BRD4","ALAS1","ACC_Tumor",0.2,"0.078","ok","./gepia_pdfs/gepia_pdfs_ph2/ph2__chromatin_vs_heme__BRD4_vs_ALAS1__ACC_Tumor__spearman.pdf"
"ph2","chromatin_vs_heme","BRD4","ALAS1","BLCA_Tumor",0.005,"0.92","ok","./gepia_pdfs/gepia_pdfs_ph2/ph2__chromatin_vs_heme__BRD4_vs_ALAS1__BLCA_Tumor__spearman.pdf"
"ph2","chromatin_vs_heme","BRD4","ALAS1","BRCA_Tumor",0.22,"6.7e-13","ok","./gepia_pdfs/gepia_pdfs_ph2/ph2__chromatin_vs_heme__BRD4_vs_ALAS1__BRCA_Tumor__spearman.pdf"
"ph2","chromatin_vs_heme","BRD4","ALAS1","CESC_Tumor",0.13,"0.02","ok","./gepia_pdfs/gepia_pdfs_ph2/ph2__chromatin_vs_heme__BRD4_vs_ALAS1__CESC_Tumor__spearman.pdf"
"ph2","chromatin_vs_heme","BRD4","ALAS1","CHOL_Tumor",-0.1,"0.54","ok","./gepia_pdfs/gepia_pdfs_ph2/ph2__chromatin_vs_heme__BRD4_vs_ALAS1__CHOL_Tumor__spearman.pdf"
"ph2","chromatin_vs_heme","BRD4","ALAS1","COAD_Tumor",0.13,"0.026","ok","./gepia_pdfs/gepia_pdfs_ph2/ph2__chromatin_vs_heme__BRD4_vs_ALAS1__COAD_Tumor__spearman.pdf"
"ph2","chromatin_vs_heme","BRD4","ALAS1","DLBC_Tumor",0.071,"0.64","ok","./gepia_pdfs/gepia_pdfs_ph2/ph2__chromatin_vs_heme__BRD4_vs_ALAS1__DLBC_Tumor__spearman.pdf"
"ph2","chromatin_vs_heme","BRD4","ALAS1","ESCA_Tumor",0.022,"0.77","ok","./gepia_pdfs/gepia_pdfs_ph2/ph2__chromatin_vs_heme__BRD4_vs_ALAS1__ESCA_Tumor__spearman.pdf"
"ph2","chromatin_vs_heme","BRD4","ALAS1","GBM_Tumor",0.37,"9.7e-07","ok","./gepia_pdfs/gepia_pdfs_ph2/ph2__chromatin_vs_heme__BRD4_vs_ALAS1__GBM_Tumor__spearman.pdf"
"ph2","chromatin_vs_heme","BRD4","ALAS1","HNSC_Tumor",0.26,"1.3e-09","ok","./gepia_pdfs/gepia_pdfs_ph2/ph2__chromatin_vs_heme__BRD4_vs_ALAS1__HNSC_Tumor__spearman.pdf"
"ph2","chromatin_vs_heme","BRD4","ALAS1","KICH_Tumor",0.34,"0.0056","ok","./gepia_pdfs/gepia_pdfs_ph2/ph2__chromatin_vs_heme__BRD4_vs_ALAS1__KICH_Tumor__spearman.pdf"
"ph2","chromatin_vs_heme","BRD4","ALAS1","KIRC_Tumor",0.33,"3.8e-15","ok","./gepia_pdfs/gepia_pdfs_ph2/ph2__chromatin_vs_heme__BRD4_vs_ALAS1__KIRC_Tumor__spearman.pdf"
"ph2","chromatin_vs_heme","BRD4","ALAS1","KIRP_Tumor",0.21,"0.00036","ok","./gepia_pdfs/gepia_pdfs_ph2/ph2__chromatin_vs_heme__BRD4_vs_ALAS1__KIRP_Tumor__spearman.pdf"
"ph2","chromatin_vs_heme","BRD4","ALAS1","LAML_Tumor",0.13,"0.084","ok","./gepia_pdfs/gepia_pdfs_ph2/ph2__chromatin_vs_heme__BRD4_vs_ALAS1__LAML_Tumor__spearman.pdf"
"ph2","chromatin_vs_heme","BRD4","ALAS1","LGG_Tumor",0.3,"1.9e-12","ok","./gepia_pdfs/gepia_pdfs_ph2/ph2__chromatin_vs_heme__BRD4_vs_ALAS1__LGG_Tumor__spearman.pdf"
"ph2","chromatin_vs_heme","BRD4","ALAS1","LIHC_Tumor",-0.081,"0.12","ok","./gepia_pdfs/gepia_pdfs_ph2/ph2__chromatin_vs_heme__BRD4_vs_ALAS1__LIHC_Tumor__spearman.pdf"
"ph2","chromatin_vs_heme","BRD4","ALAS1","LUAD_Tumor",0.24,"1.3e-07","ok","./gepia_pdfs/gepia_pdfs_ph2/ph2__chromatin_vs_heme__BRD4_vs_ALAS1__LUAD_Tumor__spearman.pdf"
"ph2","chromatin_vs_heme","BRD4","ALAS1","LUSC_Tumor",0.34,"6.2e-15","ok","./gepia_pdfs/gepia_pdfs_ph2/ph2__chromatin_vs_heme__BRD4_vs_ALAS1__LUSC_Tumor__spearman.pdf"
"ph2","chromatin_vs_heme","BRD4","ALAS1","MESO_Tumor",0.029,"0.79","ok","./gepia_pdfs/gepia_pdfs_ph2/ph2__chromatin_vs_heme__BRD4_vs_ALAS1__MESO_Tumor__spearman.pdf"
"ph2","chromatin_vs_heme","BRD4","ALAS1","OV_Tumor",0.32,"1.5e-11","ok","./gepia_pdfs/gepia_pdfs_ph2/ph2__chromatin_vs_heme__BRD4_vs_ALAS1__OV_Tumor__spearman.pdf"
"ph2","chromatin_vs_heme","BRD4","ALAS1","PAAD_Tumor",0.27,"0.00034","ok","./gepia_pdfs/gepia_pdfs_ph2/ph2__chromatin_vs_heme__BRD4_vs_ALAS1__PAAD_Tumor__spearman.pdf"
"ph2","chromatin_vs_heme","BRD4","ALAS1","PCPG_Tumor",0.16,"0.031","ok","./gepia_pdfs/gepia_pdfs_ph2/ph2__chromatin_vs_heme__BRD4_vs_ALAS1__PCPG_Tumor__spearman.pdf"
"ph2","chromatin_vs_heme","BRD4","ALAS1","PRAD_Tumor",0.43,"1.2e-23","ok","./gepia_pdfs/gepia_pdfs_ph2/ph2__chromatin_vs_heme__BRD4_vs_ALAS1__PRAD_Tumor__spearman.pdf"
"ph2","chromatin_vs_heme","BRD4","ALAS1","READ_Tumor",0.17,"0.11","ok","./gepia_pdfs/gepia_pdfs_ph2/ph2__chromatin_vs_heme__BRD4_vs_ALAS1__READ_Tumor__spearman.pdf"
"ph2","chromatin_vs_heme","BRD4","ALAS1","SARC_Tumor",0.16,"0.0097","ok","./gepia_pdfs/gepia_pdfs_ph2/ph2__chromatin_vs_heme__BRD4_vs_ALAS1__SARC_Tumor__spearman.pdf"
"ph2","chromatin_vs_heme","BRD4","ALAS1","SKCM_Tumor",0.17,"0.00025","ok","./gepia_pdfs/gepia_pdfs_ph2/ph2__chromatin_vs_heme__BRD4_vs_ALAS1__SKCM_Tumor__spearman.pdf"
"ph2","chromatin_vs_heme","BRD4","ALAS1","STAD_Tumor",0.07,"0.16","ok","./gepia_pdfs/gepia_pdfs_ph2/ph2__chromatin_vs_heme__BRD4_vs_ALAS1__STAD_Tumor__spearman.pdf"
"ph2","chromatin_vs_heme","BRD4","ALAS1","TGCT_Tumor",0.24,"0.0047","ok","./gepia_pdfs/gepia_pdfs_ph2/ph2__chromatin_vs_heme__BRD4_vs_ALAS1__TGCT_Tumor__spearman.pdf"
"ph2","chromatin_vs_heme","BRD4","ALAS1","THCA_Tumor",0.082,"0.065","ok","./gepia_pdfs/gepia_pdfs_ph2/ph2__chromatin_vs_heme__BRD4_vs_ALAS1__THCA_Tumor__spearman.pdf"
"ph2","chromatin_vs_heme","BRD4","ALAS1","THYM_Tumor",0.44,"6.7e-07","ok","./gepia_pdfs/gepia_pdfs_ph2/ph2__chromatin_vs_heme__BRD4_vs_ALAS1__THYM_Tumor__spearman.pdf"
"ph2","chromatin_vs_heme","BRD4","ALAS1","UCEC_Tumor",0.25,"0.0011","ok","./gepia_pdfs/gepia_pdfs_ph2/ph2__chromatin_vs_heme__BRD4_vs_ALAS1__UCEC_Tumor__spearman.pdf"
"ph2","chromatin_vs_heme","BRD4","ALAS1","UCS_Tumor",0.24,"0.077","ok","./gepia_pdfs/gepia_pdfs_ph2/ph2__chromatin_vs_heme__BRD4_vs_ALAS1__UCS_Tumor__spearman.pdf"
"ph2","chromatin_vs_heme","BRD4","ALAS1","UVM_Tumor",0.41,"2e-04","ok","./gepia_pdfs/gepia_pdfs_ph2/ph2__chromatin_vs_heme__BRD4_vs_ALAS1__UVM_Tumor__spearman.pdf"
"ph2","chromatin_vs_heme","BRD4","CPOX","ACC_Tumor",0.57,"6.8e-08","ok","./gepia_pdfs/gepia_pdfs_ph2/ph2__chromatin_vs_heme__BRD4_vs_CPOX__ACC_Tumor__spearman.pdf"
"ph2","chromatin_vs_heme","BRD4","CPOX","BLCA_Tumor",0.5,"2.1e-26","ok","./gepia_pdfs/gepia_pdfs_ph2/ph2__chromatin_vs_heme__BRD4_vs_CPOX__BLCA_Tumor__spearman.pdf"
"ph2","chromatin_vs_heme","BRD4","CPOX","BRCA_Tumor",0.43,"1.5e-50","ok","./gepia_pdfs/gepia_pdfs_ph2/ph2__chromatin_vs_heme__BRD4_vs_CPOX__BRCA_Tumor__spearman.pdf"
"ph2","chromatin_vs_heme","BRD4","CPOX","CESC_Tumor",0.45,"2.7e-16","ok","./gepia_pdfs/gepia_pdfs_ph2/ph2__chromatin_vs_heme__BRD4_vs_CPOX__CESC_Tumor__spearman.pdf"
"ph2","chromatin_vs_heme","BRD4","CPOX","CHOL_Tumor",0.3,"0.073","ok","./gepia_pdfs/gepia_pdfs_ph2/ph2__chromatin_vs_heme__BRD4_vs_CPOX__CHOL_Tumor__spearman.pdf"
"ph2","chromatin_vs_heme","BRD4","CPOX","COAD_Tumor",0.38,"1.3e-10","ok","./gepia_pdfs/gepia_pdfs_ph2/ph2__chromatin_vs_heme__BRD4_vs_CPOX__COAD_Tumor__spearman.pdf"
"ph2","chromatin_vs_heme","BRD4","CPOX","DLBC_Tumor",0.78,"1.3e-10","ok","./gepia_pdfs/gepia_pdfs_ph2/ph2__chromatin_vs_heme__BRD4_vs_CPOX__DLBC_Tumor__spearman.pdf"
"ph2","chromatin_vs_heme","BRD4","CPOX","ESCA_Tumor",0.5,"4.3e-13","ok","./gepia_pdfs/gepia_pdfs_ph2/ph2__chromatin_vs_heme__BRD4_vs_CPOX__ESCA_Tumor__spearman.pdf"
"ph2","chromatin_vs_heme","BRD4","CPOX","GBM_Tumor",0.42,"2.6e-08","ok","./gepia_pdfs/gepia_pdfs_ph2/ph2__chromatin_vs_heme__BRD4_vs_CPOX__GBM_Tumor__spearman.pdf"
"ph2","chromatin_vs_heme","BRD4","CPOX","HNSC_Tumor",0.44,"1.4e-26","ok","./gepia_pdfs/gepia_pdfs_ph2/ph2__chromatin_vs_heme__BRD4_vs_CPOX__HNSC_Tumor__spearman.pdf"
"ph2","chromatin_vs_heme","BRD4","CPOX","KICH_Tumor",0.54,"3.1e-06","ok","./gepia_pdfs/gepia_pdfs_ph2/ph2__chromatin_vs_heme__BRD4_vs_CPOX__KICH_Tumor__spearman.pdf"
"ph2","chromatin_vs_heme","BRD4","CPOX","KIRC_Tumor",0.36,"7e-18","ok","./gepia_pdfs/gepia_pdfs_ph2/ph2__chromatin_vs_heme__BRD4_vs_CPOX__KIRC_Tumor__spearman.pdf"
"ph2","chromatin_vs_heme","BRD4","CPOX","KIRP_Tumor",0.64,"2.5e-34","ok","./gepia_pdfs/gepia_pdfs_ph2/ph2__chromatin_vs_heme__BRD4_vs_CPOX__KIRP_Tumor__spearman.pdf"
"ph2","chromatin_vs_heme","BRD4","CPOX","LAML_Tumor",0.31,"3.3e-05","ok","./gepia_pdfs/gepia_pdfs_ph2/ph2__chromatin_vs_heme__BRD4_vs_CPOX__LAML_Tumor__spearman.pdf"
"ph2","chromatin_vs_heme","BRD4","CPOX","LGG_Tumor",0.19,"1.7e-05","ok","./gepia_pdfs/gepia_pdfs_ph2/ph2__chromatin_vs_heme__BRD4_vs_CPOX__LGG_Tumor__spearman.pdf"
"ph2","chromatin_vs_heme","BRD4","CPOX","LIHC_Tumor",0.58,"4.6e-34","ok","./gepia_pdfs/gepia_pdfs_ph2/ph2__chromatin_vs_heme__BRD4_vs_CPOX__LIHC_Tumor__spearman.pdf"
"ph2","chromatin_vs_heme","BRD4","CPOX","LUAD_Tumor",0.35,"5.6e-15","ok","./gepia_pdfs/gepia_pdfs_ph2/ph2__chromatin_vs_heme__BRD4_vs_CPOX__LUAD_Tumor__spearman.pdf"
"ph2","chromatin_vs_heme","BRD4","CPOX","LUSC_Tumor",0.35,"9.2e-16","ok","./gepia_pdfs/gepia_pdfs_ph2/ph2__chromatin_vs_heme__BRD4_vs_CPOX__LUSC_Tumor__spearman.pdf"
"ph2","chromatin_vs_heme","BRD4","CPOX","MESO_Tumor",0.49,"1.9e-06","ok","./gepia_pdfs/gepia_pdfs_ph2/ph2__chromatin_vs_heme__BRD4_vs_CPOX__MESO_Tumor__spearman.pdf"
"ph2","chromatin_vs_heme","BRD4","CPOX","OV_Tumor",0.49,"1.1e-27","ok","./gepia_pdfs/gepia_pdfs_ph2/ph2__chromatin_vs_heme__BRD4_vs_CPOX__OV_Tumor__spearman.pdf"
"ph2","chromatin_vs_heme","BRD4","CPOX","PAAD_Tumor",0.48,"1.6e-11","ok","./gepia_pdfs/gepia_pdfs_ph2/ph2__chromatin_vs_heme__BRD4_vs_CPOX__PAAD_Tumor__spearman.pdf"
"ph2","chromatin_vs_heme","BRD4","CPOX","PCPG_Tumor",0.57,"6.2e-17","ok","./gepia_pdfs/gepia_pdfs_ph2/ph2__chromatin_vs_heme__BRD4_vs_CPOX__PCPG_Tumor__spearman.pdf"
"ph2","chromatin_vs_heme","BRD4","CPOX","PRAD_Tumor",0.55,"8.4e-40","ok","./gepia_pdfs/gepia_pdfs_ph2/ph2__chromatin_vs_heme__BRD4_vs_CPOX__PRAD_Tumor__spearman.pdf"
"ph2","chromatin_vs_heme","BRD4","CPOX","READ_Tumor",0.37,"3e-04","ok","./gepia_pdfs/gepia_pdfs_ph2/ph2__chromatin_vs_heme__BRD4_vs_CPOX__READ_Tumor__spearman.pdf"
"ph2","chromatin_vs_heme","BRD4","CPOX","SARC_Tumor",0.59,"3.1e-26","ok","./gepia_pdfs/gepia_pdfs_ph2/ph2__chromatin_vs_heme__BRD4_vs_CPOX__SARC_Tumor__spearman.pdf"
"ph2","chromatin_vs_heme","BRD4","CPOX","SKCM_Tumor",0.22,"3.1e-06","ok","./gepia_pdfs/gepia_pdfs_ph2/ph2__chromatin_vs_heme__BRD4_vs_CPOX__SKCM_Tumor__spearman.pdf"
"ph2","chromatin_vs_heme","BRD4","CPOX","STAD_Tumor",0.35,"3e-13","ok","./gepia_pdfs/gepia_pdfs_ph2/ph2__chromatin_vs_heme__BRD4_vs_CPOX__STAD_Tumor__spearman.pdf"
"ph2","chromatin_vs_heme","BRD4","CPOX","TGCT_Tumor",0.46,"2.2e-08","ok","./gepia_pdfs/gepia_pdfs_ph2/ph2__chromatin_vs_heme__BRD4_vs_CPOX__TGCT_Tumor__spearman.pdf"
"ph2","chromatin_vs_heme","BRD4","CPOX","THCA_Tumor",0.54,"1.6e-39","ok","./gepia_pdfs/gepia_pdfs_ph2/ph2__chromatin_vs_heme__BRD4_vs_CPOX__THCA_Tumor__spearman.pdf"
"ph2","chromatin_vs_heme","BRD4","CPOX","THYM_Tumor",0.76,"1.2e-23","ok","./gepia_pdfs/gepia_pdfs_ph2/ph2__chromatin_vs_heme__BRD4_vs_CPOX__THYM_Tumor__spearman.pdf"
"ph2","chromatin_vs_heme","BRD4","CPOX","UCEC_Tumor",0.59,"1.7e-17","ok","./gepia_pdfs/gepia_pdfs_ph2/ph2__chromatin_vs_heme__BRD4_vs_CPOX__UCEC_Tumor__spearman.pdf"
"ph2","chromatin_vs_heme","BRD4","CPOX","UCS_Tumor",0.14,"0.3","ok","./gepia_pdfs/gepia_pdfs_ph2/ph2__chromatin_vs_heme__BRD4_vs_CPOX__UCS_Tumor__spearman.pdf"
"ph2","chromatin_vs_heme","BRD4","CPOX","UVM_Tumor",0.17,"0.13","ok","./gepia_pdfs/gepia_pdfs_ph2/ph2__chromatin_vs_heme__BRD4_vs_CPOX__UVM_Tumor__spearman.pdf"
"ph2","chromatin_vs_heme","BRD4","FECH","ACC_Tumor",0.52,"1.4e-06","ok","./gepia_pdfs/gepia_pdfs_ph2/ph2__chromatin_vs_heme__BRD4_vs_FECH__ACC_Tumor__spearman.pdf"
"ph2","chromatin_vs_heme","BRD4","FECH","BLCA_Tumor",0.51,"3.1e-28","ok","./gepia_pdfs/gepia_pdfs_ph2/ph2__chromatin_vs_heme__BRD4_vs_FECH__BLCA_Tumor__spearman.pdf"
"ph2","chromatin_vs_heme","BRD4","FECH","BRCA_Tumor",0.42,"5.9e-47","ok","./gepia_pdfs/gepia_pdfs_ph2/ph2__chromatin_vs_heme__BRD4_vs_FECH__BRCA_Tumor__spearman.pdf"
"ph2","chromatin_vs_heme","BRD4","FECH","CESC_Tumor",0.52,"8.6e-23","ok","./gepia_pdfs/gepia_pdfs_ph2/ph2__chromatin_vs_heme__BRD4_vs_FECH__CESC_Tumor__spearman.pdf"
"ph2","chromatin_vs_heme","BRD4","FECH","CHOL_Tumor",0.5,"0.0017","ok","./gepia_pdfs/gepia_pdfs_ph2/ph2__chromatin_vs_heme__BRD4_vs_FECH__CHOL_Tumor__spearman.pdf"
"ph2","chromatin_vs_heme","BRD4","FECH","COAD_Tumor",0.31,"2.4e-07","ok","./gepia_pdfs/gepia_pdfs_ph2/ph2__chromatin_vs_heme__BRD4_vs_FECH__COAD_Tumor__spearman.pdf"
"ph2","chromatin_vs_heme","BRD4","FECH","DLBC_Tumor",0.74,"3.4e-09","ok","./gepia_pdfs/gepia_pdfs_ph2/ph2__chromatin_vs_heme__BRD4_vs_FECH__DLBC_Tumor__spearman.pdf"
"ph2","chromatin_vs_heme","BRD4","FECH","ESCA_Tumor",0.48,"9.6e-12","ok","./gepia_pdfs/gepia_pdfs_ph2/ph2__chromatin_vs_heme__BRD4_vs_FECH__ESCA_Tumor__spearman.pdf"
"ph2","chromatin_vs_heme","BRD4","FECH","GBM_Tumor",0.37,"8.9e-07","ok","./gepia_pdfs/gepia_pdfs_ph2/ph2__chromatin_vs_heme__BRD4_vs_FECH__GBM_Tumor__spearman.pdf"
"ph2","chromatin_vs_heme","BRD4","FECH","HNSC_Tumor",0.55,"3.3e-42","ok","./gepia_pdfs/gepia_pdfs_ph2/ph2__chromatin_vs_heme__BRD4_vs_FECH__HNSC_Tumor__spearman.pdf"
"ph2","chromatin_vs_heme","BRD4","FECH","KICH_Tumor",0.5,"2.2e-05","ok","./gepia_pdfs/gepia_pdfs_ph2/ph2__chromatin_vs_heme__BRD4_vs_FECH__KICH_Tumor__spearman.pdf"
"ph2","chromatin_vs_heme","BRD4","FECH","KIRC_Tumor",0.45,"3.8e-27","ok","./gepia_pdfs/gepia_pdfs_ph2/ph2__chromatin_vs_heme__BRD4_vs_FECH__KIRC_Tumor__spearman.pdf"
"ph2","chromatin_vs_heme","BRD4","FECH","KIRP_Tumor",0.44,"1.2e-14","ok","./gepia_pdfs/gepia_pdfs_ph2/ph2__chromatin_vs_heme__BRD4_vs_FECH__KIRP_Tumor__spearman.pdf"
"ph2","chromatin_vs_heme","BRD4","FECH","LAML_Tumor",0.31,"3.8e-05","ok","./gepia_pdfs/gepia_pdfs_ph2/ph2__chromatin_vs_heme__BRD4_vs_FECH__LAML_Tumor__spearman.pdf"
"ph2","chromatin_vs_heme","BRD4","FECH","LGG_Tumor",0.35,"2.2e-16","ok","./gepia_pdfs/gepia_pdfs_ph2/ph2__chromatin_vs_heme__BRD4_vs_FECH__LGG_Tumor__spearman.pdf"
"ph2","chromatin_vs_heme","BRD4","FECH","LIHC_Tumor",0.37,"1.7e-13","ok","./gepia_pdfs/gepia_pdfs_ph2/ph2__chromatin_vs_heme__BRD4_vs_FECH__LIHC_Tumor__spearman.pdf"
"ph2","chromatin_vs_heme","BRD4","FECH","LUAD_Tumor",0.23,"4.5e-07","ok","./gepia_pdfs/gepia_pdfs_ph2/ph2__chromatin_vs_heme__BRD4_vs_FECH__LUAD_Tumor__spearman.pdf"
"ph2","chromatin_vs_heme","BRD4","FECH","LUSC_Tumor",0.37,"7.4e-17","ok","./gepia_pdfs/gepia_pdfs_ph2/ph2__chromatin_vs_heme__BRD4_vs_FECH__LUSC_Tumor__spearman.pdf"
"ph2","chromatin_vs_heme","BRD4","FECH","MESO_Tumor",0.65,"1.1e-11","ok","./gepia_pdfs/gepia_pdfs_ph2/ph2__chromatin_vs_heme__BRD4_vs_FECH__MESO_Tumor__spearman.pdf"
"ph2","chromatin_vs_heme","BRD4","FECH","OV_Tumor",0.39,"1.2e-16","ok","./gepia_pdfs/gepia_pdfs_ph2/ph2__chromatin_vs_heme__BRD4_vs_FECH__OV_Tumor__spearman.pdf"
"ph2","chromatin_vs_heme","BRD4","FECH","PAAD_Tumor",0.43,"1.4e-09","ok","./gepia_pdfs/gepia_pdfs_ph2/ph2__chromatin_vs_heme__BRD4_vs_FECH__PAAD_Tumor__spearman.pdf"
"ph2","chromatin_vs_heme","BRD4","FECH","PCPG_Tumor",0.69,"1.9e-27","ok","./gepia_pdfs/gepia_pdfs_ph2/ph2__chromatin_vs_heme__BRD4_vs_FECH__PCPG_Tumor__spearman.pdf"
"ph2","chromatin_vs_heme","BRD4","FECH","PRAD_Tumor",0.37,"1.8e-17","ok","./gepia_pdfs/gepia_pdfs_ph2/ph2__chromatin_vs_heme__BRD4_vs_FECH__PRAD_Tumor__spearman.pdf"
"ph2","chromatin_vs_heme","BRD4","FECH","READ_Tumor",0.35,"0.00054","ok","./gepia_pdfs/gepia_pdfs_ph2/ph2__chromatin_vs_heme__BRD4_vs_FECH__READ_Tumor__spearman.pdf"
"ph2","chromatin_vs_heme","BRD4","FECH","SARC_Tumor",0.53,"9.8e-21","ok","./gepia_pdfs/gepia_pdfs_ph2/ph2__chromatin_vs_heme__BRD4_vs_FECH__SARC_Tumor__spearman.pdf"
"ph2","chromatin_vs_heme","BRD4","FECH","SKCM_Tumor",0.38,"2.3e-17","ok","./gepia_pdfs/gepia_pdfs_ph2/ph2__chromatin_vs_heme__BRD4_vs_FECH__SKCM_Tumor__spearman.pdf"
"ph2","chromatin_vs_heme","BRD4","FECH","STAD_Tumor",0.21,"2.4e-05","ok","./gepia_pdfs/gepia_pdfs_ph2/ph2__chromatin_vs_heme__BRD4_vs_FECH__STAD_Tumor__spearman.pdf"
"ph2","chromatin_vs_heme","BRD4","FECH","TGCT_Tumor",0.59,"4.5e-14","ok","./gepia_pdfs/gepia_pdfs_ph2/ph2__chromatin_vs_heme__BRD4_vs_FECH__TGCT_Tumor__spearman.pdf"
"ph2","chromatin_vs_heme","BRD4","FECH","THCA_Tumor",0.62,"2.5e-55","ok","./gepia_pdfs/gepia_pdfs_ph2/ph2__chromatin_vs_heme__BRD4_vs_FECH__THCA_Tumor__spearman.pdf"
"ph2","chromatin_vs_heme","BRD4","FECH","THYM_Tumor",0.64,"5.2e-15","ok","./gepia_pdfs/gepia_pdfs_ph2/ph2__chromatin_vs_heme__BRD4_vs_FECH__THYM_Tumor__spearman.pdf"
"ph2","chromatin_vs_heme","BRD4","FECH","UCEC_Tumor",0.5,"2.3e-12","ok","./gepia_pdfs/gepia_pdfs_ph2/ph2__chromatin_vs_heme__BRD4_vs_FECH__UCEC_Tumor__spearman.pdf"
"ph2","chromatin_vs_heme","BRD4","FECH","UCS_Tumor",0.32,"0.017","ok","./gepia_pdfs/gepia_pdfs_ph2/ph2__chromatin_vs_heme__BRD4_vs_FECH__UCS_Tumor__spearman.pdf"
"ph2","chromatin_vs_heme","BRD4","FECH","UVM_Tumor",0.29,"0.0086","ok","./gepia_pdfs/gepia_pdfs_ph2/ph2__chromatin_vs_heme__BRD4_vs_FECH__UVM_Tumor__spearman.pdf"
"ph2","chromatin_vs_heme","BRD4","HMBS","ACC_Tumor",0.34,"0.0023","ok","./gepia_pdfs/gepia_pdfs_ph2/ph2__chromatin_vs_heme__BRD4_vs_HMBS__ACC_Tumor__spearman.pdf"
"ph2","chromatin_vs_heme","BRD4","HMBS","BLCA_Tumor",0.13,"0.01","ok","./gepia_pdfs/gepia_pdfs_ph2/ph2__chromatin_vs_heme__BRD4_vs_HMBS__BLCA_Tumor__spearman.pdf"
"ph2","chromatin_vs_heme","BRD4","HMBS","BRCA_Tumor",0.015,"0.62","ok","./gepia_pdfs/gepia_pdfs_ph2/ph2__chromatin_vs_heme__BRD4_vs_HMBS__BRCA_Tumor__spearman.pdf"
"ph2","chromatin_vs_heme","BRD4","HMBS","CESC_Tumor",0.027,"0.64","ok","./gepia_pdfs/gepia_pdfs_ph2/ph2__chromatin_vs_heme__BRD4_vs_HMBS__CESC_Tumor__spearman.pdf"
"ph2","chromatin_vs_heme","BRD4","HMBS","CHOL_Tumor",-0.077,"0.66","ok","./gepia_pdfs/gepia_pdfs_ph2/ph2__chromatin_vs_heme__BRD4_vs_HMBS__CHOL_Tumor__spearman.pdf"
"ph2","chromatin_vs_heme","BRD4","HMBS","COAD_Tumor",-0.051,"0.4","ok","./gepia_pdfs/gepia_pdfs_ph2/ph2__chromatin_vs_heme__BRD4_vs_HMBS__COAD_Tumor__spearman.pdf"
"ph2","chromatin_vs_heme","BRD4","HMBS","DLBC_Tumor",-0.15,"0.31","ok","./gepia_pdfs/gepia_pdfs_ph2/ph2__chromatin_vs_heme__BRD4_vs_HMBS__DLBC_Tumor__spearman.pdf"
"ph2","chromatin_vs_heme","BRD4","HMBS","ESCA_Tumor",0.017,"0.82","ok","./gepia_pdfs/gepia_pdfs_ph2/ph2__chromatin_vs_heme__BRD4_vs_HMBS__ESCA_Tumor__spearman.pdf"
"ph2","chromatin_vs_heme","BRD4","HMBS","GBM_Tumor",0.065,"0.41","ok","./gepia_pdfs/gepia_pdfs_ph2/ph2__chromatin_vs_heme__BRD4_vs_HMBS__GBM_Tumor__spearman.pdf"
"ph2","chromatin_vs_heme","BRD4","HMBS","HNSC_Tumor",0.06,"0.17","ok","./gepia_pdfs/gepia_pdfs_ph2/ph2__chromatin_vs_heme__BRD4_vs_HMBS__HNSC_Tumor__spearman.pdf"
"ph2","chromatin_vs_heme","BRD4","HMBS","KICH_Tumor",0.35,"0.0046","ok","./gepia_pdfs/gepia_pdfs_ph2/ph2__chromatin_vs_heme__BRD4_vs_HMBS__KICH_Tumor__spearman.pdf"
"ph2","chromatin_vs_heme","BRD4","HMBS","KIRC_Tumor",-0.019,"0.67","ok","./gepia_pdfs/gepia_pdfs_ph2/ph2__chromatin_vs_heme__BRD4_vs_HMBS__KIRC_Tumor__spearman.pdf"
"ph2","chromatin_vs_heme","BRD4","HMBS","KIRP_Tumor",0.13,"0.023","ok","./gepia_pdfs/gepia_pdfs_ph2/ph2__chromatin_vs_heme__BRD4_vs_HMBS__KIRP_Tumor__spearman.pdf"
"ph2","chromatin_vs_heme","BRD4","HMBS","LAML_Tumor",0.28,"0.00022","ok","./gepia_pdfs/gepia_pdfs_ph2/ph2__chromatin_vs_heme__BRD4_vs_HMBS__LAML_Tumor__spearman.pdf"
"ph2","chromatin_vs_heme","BRD4","HMBS","LGG_Tumor",0.17,"0.00012","ok","./gepia_pdfs/gepia_pdfs_ph2/ph2__chromatin_vs_heme__BRD4_vs_HMBS__LGG_Tumor__spearman.pdf"
"ph2","chromatin_vs_heme","BRD4","HMBS","LIHC_Tumor",0.24,"2.7e-06","ok","./gepia_pdfs/gepia_pdfs_ph2/ph2__chromatin_vs_heme__BRD4_vs_HMBS__LIHC_Tumor__spearman.pdf"
"ph2","chromatin_vs_heme","BRD4","HMBS","LUAD_Tumor",0.042,"0.36","ok","./gepia_pdfs/gepia_pdfs_ph2/ph2__chromatin_vs_heme__BRD4_vs_HMBS__LUAD_Tumor__spearman.pdf"
"ph2","chromatin_vs_heme","BRD4","HMBS","LUSC_Tumor",0.098,"0.031","ok","./gepia_pdfs/gepia_pdfs_ph2/ph2__chromatin_vs_heme__BRD4_vs_HMBS__LUSC_Tumor__spearman.pdf"
"ph2","chromatin_vs_heme","BRD4","HMBS","MESO_Tumor",0.24,"0.023","ok","./gepia_pdfs/gepia_pdfs_ph2/ph2__chromatin_vs_heme__BRD4_vs_HMBS__MESO_Tumor__spearman.pdf"
"ph2","chromatin_vs_heme","BRD4","HMBS","OV_Tumor",0.18,"0.00023","ok","./gepia_pdfs/gepia_pdfs_ph2/ph2__chromatin_vs_heme__BRD4_vs_HMBS__OV_Tumor__spearman.pdf"
"ph2","chromatin_vs_heme","BRD4","HMBS","PAAD_Tumor",-0.072,"0.34","ok","./gepia_pdfs/gepia_pdfs_ph2/ph2__chromatin_vs_heme__BRD4_vs_HMBS__PAAD_Tumor__spearman.pdf"
"ph2","chromatin_vs_heme","BRD4","HMBS","PCPG_Tumor",0.15,"0.045","ok","./gepia_pdfs/gepia_pdfs_ph2/ph2__chromatin_vs_heme__BRD4_vs_HMBS__PCPG_Tumor__spearman.pdf"
"ph2","chromatin_vs_heme","BRD4","HMBS","PRAD_Tumor",-0.13,"0.0039","ok","./gepia_pdfs/gepia_pdfs_ph2/ph2__chromatin_vs_heme__BRD4_vs_HMBS__PRAD_Tumor__spearman.pdf"
"ph2","chromatin_vs_heme","BRD4","HMBS","READ_Tumor",0.022,"0.83","ok","./gepia_pdfs/gepia_pdfs_ph2/ph2__chromatin_vs_heme__BRD4_vs_HMBS__READ_Tumor__spearman.pdf"
"ph2","chromatin_vs_heme","BRD4","HMBS","SARC_Tumor",-0.088,"0.16","ok","./gepia_pdfs/gepia_pdfs_ph2/ph2__chromatin_vs_heme__BRD4_vs_HMBS__SARC_Tumor__spearman.pdf"
"ph2","chromatin_vs_heme","BRD4","HMBS","SKCM_Tumor",0.22,"1.3e-06","ok","./gepia_pdfs/gepia_pdfs_ph2/ph2__chromatin_vs_heme__BRD4_vs_HMBS__SKCM_Tumor__spearman.pdf"
"ph2","chromatin_vs_heme","BRD4","HMBS","STAD_Tumor",0.11,"0.023","ok","./gepia_pdfs/gepia_pdfs_ph2/ph2__chromatin_vs_heme__BRD4_vs_HMBS__STAD_Tumor__spearman.pdf"
"ph2","chromatin_vs_heme","BRD4","HMBS","TGCT_Tumor",0.13,"0.13","ok","./gepia_pdfs/gepia_pdfs_ph2/ph2__chromatin_vs_heme__BRD4_vs_HMBS__TGCT_Tumor__spearman.pdf"
"ph2","chromatin_vs_heme","BRD4","HMBS","THCA_Tumor",0.02,"0.65","ok","./gepia_pdfs/gepia_pdfs_ph2/ph2__chromatin_vs_heme__BRD4_vs_HMBS__THCA_Tumor__spearman.pdf"
"ph2","chromatin_vs_heme","BRD4","HMBS","THYM_Tumor",-0.39,"1.1e-05","ok","./gepia_pdfs/gepia_pdfs_ph2/ph2__chromatin_vs_heme__BRD4_vs_HMBS__THYM_Tumor__spearman.pdf"
"ph2","chromatin_vs_heme","BRD4","HMBS","UCEC_Tumor",0.12,"0.11","ok","./gepia_pdfs/gepia_pdfs_ph2/ph2__chromatin_vs_heme__BRD4_vs_HMBS__UCEC_Tumor__spearman.pdf"
"ph2","chromatin_vs_heme","BRD4","HMBS","UCS_Tumor",-0.064,"0.63","ok","./gepia_pdfs/gepia_pdfs_ph2/ph2__chromatin_vs_heme__BRD4_vs_HMBS__UCS_Tumor__spearman.pdf"
"ph2","chromatin_vs_heme","BRD4","HMBS","UVM_Tumor",0.27,"0.014","ok","./gepia_pdfs/gepia_pdfs_ph2/ph2__chromatin_vs_heme__BRD4_vs_HMBS__UVM_Tumor__spearman.pdf"
"ph2","chromatin_vs_heme","BRD4","PPOX","ACC_Tumor",0.35,"0.002","ok","./gepia_pdfs/gepia_pdfs_ph2/ph2__chromatin_vs_heme__BRD4_vs_PPOX__ACC_Tumor__spearman.pdf"
"ph2","chromatin_vs_heme","BRD4","PPOX","BLCA_Tumor",-0.11,"0.034","ok","./gepia_pdfs/gepia_pdfs_ph2/ph2__chromatin_vs_heme__BRD4_vs_PPOX__BLCA_Tumor__spearman.pdf"
"ph2","chromatin_vs_heme","BRD4","PPOX","BRCA_Tumor",0.006,"0.84","ok","./gepia_pdfs/gepia_pdfs_ph2/ph2__chromatin_vs_heme__BRD4_vs_PPOX__BRCA_Tumor__spearman.pdf"
"ph2","chromatin_vs_heme","BRD4","PPOX","CESC_Tumor",-0.056,"0.33","ok","./gepia_pdfs/gepia_pdfs_ph2/ph2__chromatin_vs_heme__BRD4_vs_PPOX__CESC_Tumor__spearman.pdf"
"ph2","chromatin_vs_heme","BRD4","PPOX","CHOL_Tumor",0.11,"0.51","ok","./gepia_pdfs/gepia_pdfs_ph2/ph2__chromatin_vs_heme__BRD4_vs_PPOX__CHOL_Tumor__spearman.pdf"
"ph2","chromatin_vs_heme","BRD4","PPOX","COAD_Tumor",0.027,"0.65","ok","./gepia_pdfs/gepia_pdfs_ph2/ph2__chromatin_vs_heme__BRD4_vs_PPOX__COAD_Tumor__spearman.pdf"
"ph2","chromatin_vs_heme","BRD4","PPOX","DLBC_Tumor",0.19,"0.21","ok","./gepia_pdfs/gepia_pdfs_ph2/ph2__chromatin_vs_heme__BRD4_vs_PPOX__DLBC_Tumor__spearman.pdf"
"ph2","chromatin_vs_heme","BRD4","PPOX","ESCA_Tumor",0.0087,"0.91","ok","./gepia_pdfs/gepia_pdfs_ph2/ph2__chromatin_vs_heme__BRD4_vs_PPOX__ESCA_Tumor__spearman.pdf"
"ph2","chromatin_vs_heme","BRD4","PPOX","GBM_Tumor",0.092,"0.24","ok","./gepia_pdfs/gepia_pdfs_ph2/ph2__chromatin_vs_heme__BRD4_vs_PPOX__GBM_Tumor__spearman.pdf"
"ph2","chromatin_vs_heme","BRD4","PPOX","HNSC_Tumor",0.026,"0.56","ok","./gepia_pdfs/gepia_pdfs_ph2/ph2__chromatin_vs_heme__BRD4_vs_PPOX__HNSC_Tumor__spearman.pdf"
"ph2","chromatin_vs_heme","BRD4","PPOX","KICH_Tumor",0.34,"0.0048","ok","./gepia_pdfs/gepia_pdfs_ph2/ph2__chromatin_vs_heme__BRD4_vs_PPOX__KICH_Tumor__spearman.pdf"
"ph2","chromatin_vs_heme","BRD4","PPOX","KIRC_Tumor",0.18,"2.4e-05","ok","./gepia_pdfs/gepia_pdfs_ph2/ph2__chromatin_vs_heme__BRD4_vs_PPOX__KIRC_Tumor__spearman.pdf"
"ph2","chromatin_vs_heme","BRD4","PPOX","KIRP_Tumor",0.057,"0.34","ok","./gepia_pdfs/gepia_pdfs_ph2/ph2__chromatin_vs_heme__BRD4_vs_PPOX__KIRP_Tumor__spearman.pdf"
"ph2","chromatin_vs_heme","BRD4","PPOX","LAML_Tumor",0.39,"8.9e-08","ok","./gepia_pdfs/gepia_pdfs_ph2/ph2__chromatin_vs_heme__BRD4_vs_PPOX__LAML_Tumor__spearman.pdf"
"ph2","chromatin_vs_heme","BRD4","PPOX","LGG_Tumor",0.23,"1e-07","ok","./gepia_pdfs/gepia_pdfs_ph2/ph2__chromatin_vs_heme__BRD4_vs_PPOX__LGG_Tumor__spearman.pdf"
"ph2","chromatin_vs_heme","BRD4","PPOX","LIHC_Tumor",0.15,"0.0041","ok","./gepia_pdfs/gepia_pdfs_ph2/ph2__chromatin_vs_heme__BRD4_vs_PPOX__LIHC_Tumor__spearman.pdf"
"ph2","chromatin_vs_heme","BRD4","PPOX","LUAD_Tumor",-0.026,"0.56","ok","./gepia_pdfs/gepia_pdfs_ph2/ph2__chromatin_vs_heme__BRD4_vs_PPOX__LUAD_Tumor__spearman.pdf"
"ph2","chromatin_vs_heme","BRD4","PPOX","LUSC_Tumor",0.21,"5e-06","ok","./gepia_pdfs/gepia_pdfs_ph2/ph2__chromatin_vs_heme__BRD4_vs_PPOX__LUSC_Tumor__spearman.pdf"
"ph2","chromatin_vs_heme","BRD4","PPOX","MESO_Tumor",-0.00093,"0.99","ok","./gepia_pdfs/gepia_pdfs_ph2/ph2__chromatin_vs_heme__BRD4_vs_PPOX__MESO_Tumor__spearman.pdf"
"ph2","chromatin_vs_heme","BRD4","PPOX","OV_Tumor",0.23,"1.4e-06","ok","./gepia_pdfs/gepia_pdfs_ph2/ph2__chromatin_vs_heme__BRD4_vs_PPOX__OV_Tumor__spearman.pdf"
"ph2","chromatin_vs_heme","BRD4","PPOX","PAAD_Tumor",0.12,"0.097","ok","./gepia_pdfs/gepia_pdfs_ph2/ph2__chromatin_vs_heme__BRD4_vs_PPOX__PAAD_Tumor__spearman.pdf"
"ph2","chromatin_vs_heme","BRD4","PPOX","PCPG_Tumor",-0.18,"0.017","ok","./gepia_pdfs/gepia_pdfs_ph2/ph2__chromatin_vs_heme__BRD4_vs_PPOX__PCPG_Tumor__spearman.pdf"
"ph2","chromatin_vs_heme","BRD4","PPOX","PRAD_Tumor",-0.12,"0.0094","ok","./gepia_pdfs/gepia_pdfs_ph2/ph2__chromatin_vs_heme__BRD4_vs_PPOX__PRAD_Tumor__spearman.pdf"
"ph2","chromatin_vs_heme","BRD4","PPOX","READ_Tumor",-0.14,"0.2","ok","./gepia_pdfs/gepia_pdfs_ph2/ph2__chromatin_vs_heme__BRD4_vs_PPOX__READ_Tumor__spearman.pdf"
"ph2","chromatin_vs_heme","BRD4","PPOX","SARC_Tumor",0.16,"0.0075","ok","./gepia_pdfs/gepia_pdfs_ph2/ph2__chromatin_vs_heme__BRD4_vs_PPOX__SARC_Tumor__spearman.pdf"
"ph2","chromatin_vs_heme","BRD4","PPOX","SKCM_Tumor",0.088,"0.058","ok","./gepia_pdfs/gepia_pdfs_ph2/ph2__chromatin_vs_heme__BRD4_vs_PPOX__SKCM_Tumor__spearman.pdf"
"ph2","chromatin_vs_heme","BRD4","PPOX","STAD_Tumor",0.36,"4.5e-14","ok","./gepia_pdfs/gepia_pdfs_ph2/ph2__chromatin_vs_heme__BRD4_vs_PPOX__STAD_Tumor__spearman.pdf"
"ph2","chromatin_vs_heme","BRD4","PPOX","TGCT_Tumor",0.032,"0.71","ok","./gepia_pdfs/gepia_pdfs_ph2/ph2__chromatin_vs_heme__BRD4_vs_PPOX__TGCT_Tumor__spearman.pdf"
"ph2","chromatin_vs_heme","BRD4","PPOX","THCA_Tumor",0.02,"0.65","ok","./gepia_pdfs/gepia_pdfs_ph2/ph2__chromatin_vs_heme__BRD4_vs_PPOX__THCA_Tumor__spearman.pdf"
"ph2","chromatin_vs_heme","BRD4","PPOX","THYM_Tumor",-0.58,"4.7e-12","ok","./gepia_pdfs/gepia_pdfs_ph2/ph2__chromatin_vs_heme__BRD4_vs_PPOX__THYM_Tumor__spearman.pdf"
"ph2","chromatin_vs_heme","BRD4","PPOX","UCEC_Tumor",-0.21,"0.0062","ok","./gepia_pdfs/gepia_pdfs_ph2/ph2__chromatin_vs_heme__BRD4_vs_PPOX__UCEC_Tumor__spearman.pdf"
"ph2","chromatin_vs_heme","BRD4","PPOX","UCS_Tumor",-0.1,"0.44","ok","./gepia_pdfs/gepia_pdfs_ph2/ph2__chromatin_vs_heme__BRD4_vs_PPOX__UCS_Tumor__spearman.pdf"
"ph2","chromatin_vs_heme","BRD4","PPOX","UVM_Tumor",0.3,"0.0076","ok","./gepia_pdfs/gepia_pdfs_ph2/ph2__chromatin_vs_heme__BRD4_vs_PPOX__UVM_Tumor__spearman.pdf"
"ph2","chromatin_vs_heme","BRD4","UROD","ACC_Tumor",0.08,"0.49","ok","./gepia_pdfs/gepia_pdfs_ph2/ph2__chromatin_vs_heme__BRD4_vs_UROD__ACC_Tumor__spearman.pdf"
"ph2","chromatin_vs_heme","BRD4","UROD","BLCA_Tumor",0.11,"0.023","ok","./gepia_pdfs/gepia_pdfs_ph2/ph2__chromatin_vs_heme__BRD4_vs_UROD__BLCA_Tumor__spearman.pdf"
"ph2","chromatin_vs_heme","BRD4","UROD","BRCA_Tumor",0.1,"0.00072","ok","./gepia_pdfs/gepia_pdfs_ph2/ph2__chromatin_vs_heme__BRD4_vs_UROD__BRCA_Tumor__spearman.pdf"
"ph2","chromatin_vs_heme","BRD4","UROD","CESC_Tumor",0.082,"0.15","ok","./gepia_pdfs/gepia_pdfs_ph2/ph2__chromatin_vs_heme__BRD4_vs_UROD__CESC_Tumor__spearman.pdf"
"ph2","chromatin_vs_heme","BRD4","UROD","CHOL_Tumor",0.041,"0.81","ok","./gepia_pdfs/gepia_pdfs_ph2/ph2__chromatin_vs_heme__BRD4_vs_UROD__CHOL_Tumor__spearman.pdf"
"ph2","chromatin_vs_heme","BRD4","UROD","COAD_Tumor",0.038,"0.53","ok","./gepia_pdfs/gepia_pdfs_ph2/ph2__chromatin_vs_heme__BRD4_vs_UROD__COAD_Tumor__spearman.pdf"
"ph2","chromatin_vs_heme","BRD4","UROD","DLBC_Tumor",-0.43,"0.0026","ok","./gepia_pdfs/gepia_pdfs_ph2/ph2__chromatin_vs_heme__BRD4_vs_UROD__DLBC_Tumor__spearman.pdf"
"ph2","chromatin_vs_heme","BRD4","UROD","ESCA_Tumor",0.16,"0.035","ok","./gepia_pdfs/gepia_pdfs_ph2/ph2__chromatin_vs_heme__BRD4_vs_UROD__ESCA_Tumor__spearman.pdf"
"ph2","chromatin_vs_heme","BRD4","UROD","GBM_Tumor",-0.3,"0.00011","ok","./gepia_pdfs/gepia_pdfs_ph2/ph2__chromatin_vs_heme__BRD4_vs_UROD__GBM_Tumor__spearman.pdf"
"ph2","chromatin_vs_heme","BRD4","UROD","HNSC_Tumor",-0.14,"0.001","ok","./gepia_pdfs/gepia_pdfs_ph2/ph2__chromatin_vs_heme__BRD4_vs_UROD__HNSC_Tumor__spearman.pdf"
"ph2","chromatin_vs_heme","BRD4","UROD","KICH_Tumor",0.65,"6.8e-09","ok","./gepia_pdfs/gepia_pdfs_ph2/ph2__chromatin_vs_heme__BRD4_vs_UROD__KICH_Tumor__spearman.pdf"
"ph2","chromatin_vs_heme","BRD4","UROD","KIRC_Tumor",0.074,"0.09","ok","./gepia_pdfs/gepia_pdfs_ph2/ph2__chromatin_vs_heme__BRD4_vs_UROD__KIRC_Tumor__spearman.pdf"
"ph2","chromatin_vs_heme","BRD4","UROD","KIRP_Tumor",0.032,"0.59","ok","./gepia_pdfs/gepia_pdfs_ph2/ph2__chromatin_vs_heme__BRD4_vs_UROD__KIRP_Tumor__spearman.pdf"
"ph2","chromatin_vs_heme","BRD4","UROD","LAML_Tumor",0.44,"2.1e-09","ok","./gepia_pdfs/gepia_pdfs_ph2/ph2__chromatin_vs_heme__BRD4_vs_UROD__LAML_Tumor__spearman.pdf"
"ph2","chromatin_vs_heme","BRD4","UROD","LGG_Tumor",0.14,"0.0013","ok","./gepia_pdfs/gepia_pdfs_ph2/ph2__chromatin_vs_heme__BRD4_vs_UROD__LGG_Tumor__spearman.pdf"
"ph2","chromatin_vs_heme","BRD4","UROD","LIHC_Tumor",0.0075,"0.89","ok","./gepia_pdfs/gepia_pdfs_ph2/ph2__chromatin_vs_heme__BRD4_vs_UROD__LIHC_Tumor__spearman.pdf"
"ph2","chromatin_vs_heme","BRD4","UROD","LUAD_Tumor",-0.087,"0.055","ok","./gepia_pdfs/gepia_pdfs_ph2/ph2__chromatin_vs_heme__BRD4_vs_UROD__LUAD_Tumor__spearman.pdf"
"ph2","chromatin_vs_heme","BRD4","UROD","LUSC_Tumor",-0.18,"5e-05","ok","./gepia_pdfs/gepia_pdfs_ph2/ph2__chromatin_vs_heme__BRD4_vs_UROD__LUSC_Tumor__spearman.pdf"
"ph2","chromatin_vs_heme","BRD4","UROD","MESO_Tumor",0.13,"0.24","ok","./gepia_pdfs/gepia_pdfs_ph2/ph2__chromatin_vs_heme__BRD4_vs_UROD__MESO_Tumor__spearman.pdf"
"ph2","chromatin_vs_heme","BRD4","UROD","OV_Tumor",0.11,"0.024","ok","./gepia_pdfs/gepia_pdfs_ph2/ph2__chromatin_vs_heme__BRD4_vs_UROD__OV_Tumor__spearman.pdf"
"ph2","chromatin_vs_heme","BRD4","UROD","PAAD_Tumor",0.29,"6.3e-05","ok","./gepia_pdfs/gepia_pdfs_ph2/ph2__chromatin_vs_heme__BRD4_vs_UROD__PAAD_Tumor__spearman.pdf"
"ph2","chromatin_vs_heme","BRD4","UROD","PCPG_Tumor",0.015,"0.84","ok","./gepia_pdfs/gepia_pdfs_ph2/ph2__chromatin_vs_heme__BRD4_vs_UROD__PCPG_Tumor__spearman.pdf"
"ph2","chromatin_vs_heme","BRD4","UROD","PRAD_Tumor",-0.088,"0.051","ok","./gepia_pdfs/gepia_pdfs_ph2/ph2__chromatin_vs_heme__BRD4_vs_UROD__PRAD_Tumor__spearman.pdf"
"ph2","chromatin_vs_heme","BRD4","UROD","READ_Tumor",0.026,"0.81","ok","./gepia_pdfs/gepia_pdfs_ph2/ph2__chromatin_vs_heme__BRD4_vs_UROD__READ_Tumor__spearman.pdf"
"ph2","chromatin_vs_heme","BRD4","UROD","SARC_Tumor",0.17,"0.0057","ok","./gepia_pdfs/gepia_pdfs_ph2/ph2__chromatin_vs_heme__BRD4_vs_UROD__SARC_Tumor__spearman.pdf"
"ph2","chromatin_vs_heme","BRD4","UROD","SKCM_Tumor",0.13,"0.0057","ok","./gepia_pdfs/gepia_pdfs_ph2/ph2__chromatin_vs_heme__BRD4_vs_UROD__SKCM_Tumor__spearman.pdf"
"ph2","chromatin_vs_heme","BRD4","UROD","STAD_Tumor",0.29,"4.3e-09","ok","./gepia_pdfs/gepia_pdfs_ph2/ph2__chromatin_vs_heme__BRD4_vs_UROD__STAD_Tumor__spearman.pdf"
"ph2","chromatin_vs_heme","BRD4","UROD","TGCT_Tumor",0.12,"0.15","ok","./gepia_pdfs/gepia_pdfs_ph2/ph2__chromatin_vs_heme__BRD4_vs_UROD__TGCT_Tumor__spearman.pdf"
"ph2","chromatin_vs_heme","BRD4","UROD","THCA_Tumor",0.11,"0.014","ok","./gepia_pdfs/gepia_pdfs_ph2/ph2__chromatin_vs_heme__BRD4_vs_UROD__THCA_Tumor__spearman.pdf"
"ph2","chromatin_vs_heme","BRD4","UROD","THYM_Tumor",0.053,"0.57","ok","./gepia_pdfs/gepia_pdfs_ph2/ph2__chromatin_vs_heme__BRD4_vs_UROD__THYM_Tumor__spearman.pdf"
"ph2","chromatin_vs_heme","BRD4","UROD","UCEC_Tumor",0.092,"0.23","ok","./gepia_pdfs/gepia_pdfs_ph2/ph2__chromatin_vs_heme__BRD4_vs_UROD__UCEC_Tumor__spearman.pdf"
"ph2","chromatin_vs_heme","BRD4","UROD","UCS_Tumor",0.19,"0.17","ok","./gepia_pdfs/gepia_pdfs_ph2/ph2__chromatin_vs_heme__BRD4_vs_UROD__UCS_Tumor__spearman.pdf"
"ph2","chromatin_vs_heme","BRD4","UROD","UVM_Tumor",0.2,"0.077","ok","./gepia_pdfs/gepia_pdfs_ph2/ph2__chromatin_vs_heme__BRD4_vs_UROD__UVM_Tumor__spearman.pdf"
"ph2","chromatin_vs_heme","BRD4","UROS","ACC_Tumor",0.42,"0.00013","ok","./gepia_pdfs/gepia_pdfs_ph2/ph2__chromatin_vs_heme__BRD4_vs_UROS__ACC_Tumor__spearman.pdf"
"ph2","chromatin_vs_heme","BRD4","UROS","BLCA_Tumor",0.04,"0.42","ok","./gepia_pdfs/gepia_pdfs_ph2/ph2__chromatin_vs_heme__BRD4_vs_UROS__BLCA_Tumor__spearman.pdf"
"ph2","chromatin_vs_heme","BRD4","UROS","BRCA_Tumor",-0.0085,"0.78","ok","./gepia_pdfs/gepia_pdfs_ph2/ph2__chromatin_vs_heme__BRD4_vs_UROS__BRCA_Tumor__spearman.pdf"
"ph2","chromatin_vs_heme","BRD4","UROS","CESC_Tumor",-0.0051,"0.93","ok","./gepia_pdfs/gepia_pdfs_ph2/ph2__chromatin_vs_heme__BRD4_vs_UROS__CESC_Tumor__spearman.pdf"
"ph2","chromatin_vs_heme","BRD4","UROS","CHOL_Tumor",-0.029,"0.87","ok","./gepia_pdfs/gepia_pdfs_ph2/ph2__chromatin_vs_heme__BRD4_vs_UROS__CHOL_Tumor__spearman.pdf"
"ph2","chromatin_vs_heme","BRD4","UROS","COAD_Tumor",0.009,"0.88","ok","./gepia_pdfs/gepia_pdfs_ph2/ph2__chromatin_vs_heme__BRD4_vs_UROS__COAD_Tumor__spearman.pdf"
"ph2","chromatin_vs_heme","BRD4","UROS","DLBC_Tumor",-0.29,"0.049","ok","./gepia_pdfs/gepia_pdfs_ph2/ph2__chromatin_vs_heme__BRD4_vs_UROS__DLBC_Tumor__spearman.pdf"
"ph2","chromatin_vs_heme","BRD4","UROS","ESCA_Tumor",0.056,"0.46","ok","./gepia_pdfs/gepia_pdfs_ph2/ph2__chromatin_vs_heme__BRD4_vs_UROS__ESCA_Tumor__spearman.pdf"
"ph2","chromatin_vs_heme","BRD4","UROS","GBM_Tumor",-0.22,"0.0043","ok","./gepia_pdfs/gepia_pdfs_ph2/ph2__chromatin_vs_heme__BRD4_vs_UROS__GBM_Tumor__spearman.pdf"
"ph2","chromatin_vs_heme","BRD4","UROS","HNSC_Tumor",-0.028,"0.53","ok","./gepia_pdfs/gepia_pdfs_ph2/ph2__chromatin_vs_heme__BRD4_vs_UROS__HNSC_Tumor__spearman.pdf"
"ph2","chromatin_vs_heme","BRD4","UROS","KICH_Tumor",0.24,"0.048","ok","./gepia_pdfs/gepia_pdfs_ph2/ph2__chromatin_vs_heme__BRD4_vs_UROS__KICH_Tumor__spearman.pdf"
"ph2","chromatin_vs_heme","BRD4","UROS","KIRC_Tumor",-0.11,"0.012","ok","./gepia_pdfs/gepia_pdfs_ph2/ph2__chromatin_vs_heme__BRD4_vs_UROS__KIRC_Tumor__spearman.pdf"
"ph2","chromatin_vs_heme","BRD4","UROS","KIRP_Tumor",-0.048,"0.42","ok","./gepia_pdfs/gepia_pdfs_ph2/ph2__chromatin_vs_heme__BRD4_vs_UROS__KIRP_Tumor__spearman.pdf"
"ph2","chromatin_vs_heme","BRD4","UROS","LAML_Tumor",0.27,"0.00033","ok","./gepia_pdfs/gepia_pdfs_ph2/ph2__chromatin_vs_heme__BRD4_vs_UROS__LAML_Tumor__spearman.pdf"
"ph2","chromatin_vs_heme","BRD4","UROS","LGG_Tumor",-0.24,"2.4e-08","ok","./gepia_pdfs/gepia_pdfs_ph2/ph2__chromatin_vs_heme__BRD4_vs_UROS__LGG_Tumor__spearman.pdf"
"ph2","chromatin_vs_heme","BRD4","UROS","LIHC_Tumor",0.039,"0.46","ok","./gepia_pdfs/gepia_pdfs_ph2/ph2__chromatin_vs_heme__BRD4_vs_UROS__LIHC_Tumor__spearman.pdf"
"ph2","chromatin_vs_heme","BRD4","UROS","LUAD_Tumor",-0.02,"0.66","ok","./gepia_pdfs/gepia_pdfs_ph2/ph2__chromatin_vs_heme__BRD4_vs_UROS__LUAD_Tumor__spearman.pdf"
"ph2","chromatin_vs_heme","BRD4","UROS","LUSC_Tumor",0.067,"0.14","ok","./gepia_pdfs/gepia_pdfs_ph2/ph2__chromatin_vs_heme__BRD4_vs_UROS__LUSC_Tumor__spearman.pdf"
"ph2","chromatin_vs_heme","BRD4","UROS","MESO_Tumor",-0.0023,"0.98","ok","./gepia_pdfs/gepia_pdfs_ph2/ph2__chromatin_vs_heme__BRD4_vs_UROS__MESO_Tumor__spearman.pdf"
"ph2","chromatin_vs_heme","BRD4","UROS","OV_Tumor",-0.011,"0.82","ok","./gepia_pdfs/gepia_pdfs_ph2/ph2__chromatin_vs_heme__BRD4_vs_UROS__OV_Tumor__spearman.pdf"
"ph2","chromatin_vs_heme","BRD4","UROS","PAAD_Tumor",0.032,"0.67","ok","./gepia_pdfs/gepia_pdfs_ph2/ph2__chromatin_vs_heme__BRD4_vs_UROS__PAAD_Tumor__spearman.pdf"
"ph2","chromatin_vs_heme","BRD4","UROS","PCPG_Tumor",0.11,"0.12","ok","./gepia_pdfs/gepia_pdfs_ph2/ph2__chromatin_vs_heme__BRD4_vs_UROS__PCPG_Tumor__spearman.pdf"
"ph2","chromatin_vs_heme","BRD4","UROS","PRAD_Tumor",-0.1,"0.024","ok","./gepia_pdfs/gepia_pdfs_ph2/ph2__chromatin_vs_heme__BRD4_vs_UROS__PRAD_Tumor__spearman.pdf"
"ph2","chromatin_vs_heme","BRD4","UROS","READ_Tumor",0.029,"0.78","ok","./gepia_pdfs/gepia_pdfs_ph2/ph2__chromatin_vs_heme__BRD4_vs_UROS__READ_Tumor__spearman.pdf"
"ph2","chromatin_vs_heme","BRD4","UROS","SARC_Tumor",-0.23,"0.00024","ok","./gepia_pdfs/gepia_pdfs_ph2/ph2__chromatin_vs_heme__BRD4_vs_UROS__SARC_Tumor__spearman.pdf"
"ph2","chromatin_vs_heme","BRD4","UROS","SKCM_Tumor",0.093,"0.046","ok","./gepia_pdfs/gepia_pdfs_ph2/ph2__chromatin_vs_heme__BRD4_vs_UROS__SKCM_Tumor__spearman.pdf"
"ph2","chromatin_vs_heme","BRD4","UROS","STAD_Tumor",0.2,"3.5e-05","ok","./gepia_pdfs/gepia_pdfs_ph2/ph2__chromatin_vs_heme__BRD4_vs_UROS__STAD_Tumor__spearman.pdf"
"ph2","chromatin_vs_heme","BRD4","UROS","TGCT_Tumor",0.22,"0.0092","ok","./gepia_pdfs/gepia_pdfs_ph2/ph2__chromatin_vs_heme__BRD4_vs_UROS__TGCT_Tumor__spearman.pdf"
"ph2","chromatin_vs_heme","BRD4","UROS","THCA_Tumor",0.1,"0.022","ok","./gepia_pdfs/gepia_pdfs_ph2/ph2__chromatin_vs_heme__BRD4_vs_UROS__THCA_Tumor__spearman.pdf"
"ph2","chromatin_vs_heme","BRD4","UROS","THYM_Tumor",-0.5,"1.2e-08","ok","./gepia_pdfs/gepia_pdfs_ph2/ph2__chromatin_vs_heme__BRD4_vs_UROS__THYM_Tumor__spearman.pdf"
"ph2","chromatin_vs_heme","BRD4","UROS","UCEC_Tumor",-0.028,"0.72","ok","./gepia_pdfs/gepia_pdfs_ph2/ph2__chromatin_vs_heme__BRD4_vs_UROS__UCEC_Tumor__spearman.pdf"
"ph2","chromatin_vs_heme","BRD4","UROS","UCS_Tumor",0.18,"0.18","ok","./gepia_pdfs/gepia_pdfs_ph2/ph2__chromatin_vs_heme__BRD4_vs_UROS__UCS_Tumor__spearman.pdf"
"ph2","chromatin_vs_heme","BRD4","UROS","UVM_Tumor",0.13,"0.25","ok","./gepia_pdfs/gepia_pdfs_ph2/ph2__chromatin_vs_heme__BRD4_vs_UROS__UVM_Tumor__spearman.pdf"
"ph2","chromatin_vs_heme","H2AFZ","ALAD","ACC_Tumor",0.1,"0.39","ok","./gepia_pdfs/gepia_pdfs_ph2/ph2__chromatin_vs_heme__H2AFZ_vs_ALAD__ACC_Tumor__spearman.pdf"
"ph2","chromatin_vs_heme","H2AFZ","ALAD","BLCA_Tumor",0.11,"0.022","ok","./gepia_pdfs/gepia_pdfs_ph2/ph2__chromatin_vs_heme__H2AFZ_vs_ALAD__BLCA_Tumor__spearman.pdf"
"ph2","chromatin_vs_heme","H2AFZ","ALAD","BRCA_Tumor",-0.26,"2.5e-18","ok","./gepia_pdfs/gepia_pdfs_ph2/ph2__chromatin_vs_heme__H2AFZ_vs_ALAD__BRCA_Tumor__spearman.pdf"
"ph2","chromatin_vs_heme","H2AFZ","ALAD","CESC_Tumor",0.15,"0.0072","ok","./gepia_pdfs/gepia_pdfs_ph2/ph2__chromatin_vs_heme__H2AFZ_vs_ALAD__CESC_Tumor__spearman.pdf"
"ph2","chromatin_vs_heme","H2AFZ","ALAD","CHOL_Tumor",-0.25,"0.14","ok","./gepia_pdfs/gepia_pdfs_ph2/ph2__chromatin_vs_heme__H2AFZ_vs_ALAD__CHOL_Tumor__spearman.pdf"
"ph2","chromatin_vs_heme","H2AFZ","ALAD","COAD_Tumor",-0.32,"4.1e-08","ok","./gepia_pdfs/gepia_pdfs_ph2/ph2__chromatin_vs_heme__H2AFZ_vs_ALAD__COAD_Tumor__spearman.pdf"
"ph2","chromatin_vs_heme","H2AFZ","ALAD","DLBC_Tumor",0.29,"0.05","ok","./gepia_pdfs/gepia_pdfs_ph2/ph2__chromatin_vs_heme__H2AFZ_vs_ALAD__DLBC_Tumor__spearman.pdf"
"ph2","chromatin_vs_heme","H2AFZ","ALAD","ESCA_Tumor",-0.019,"0.8","ok","./gepia_pdfs/gepia_pdfs_ph2/ph2__chromatin_vs_heme__H2AFZ_vs_ALAD__ESCA_Tumor__spearman.pdf"
"ph2","chromatin_vs_heme","H2AFZ","ALAD","GBM_Tumor",-0.16,"0.046","ok","./gepia_pdfs/gepia_pdfs_ph2/ph2__chromatin_vs_heme__H2AFZ_vs_ALAD__GBM_Tumor__spearman.pdf"
"ph2","chromatin_vs_heme","H2AFZ","ALAD","HNSC_Tumor",0.11,"0.016","ok","./gepia_pdfs/gepia_pdfs_ph2/ph2__chromatin_vs_heme__H2AFZ_vs_ALAD__HNSC_Tumor__spearman.pdf"
"ph2","chromatin_vs_heme","H2AFZ","ALAD","KICH_Tumor",0.48,"6.3e-05","ok","./gepia_pdfs/gepia_pdfs_ph2/ph2__chromatin_vs_heme__H2AFZ_vs_ALAD__KICH_Tumor__spearman.pdf"
"ph2","chromatin_vs_heme","H2AFZ","ALAD","KIRC_Tumor",0.25,"4.7e-09","ok","./gepia_pdfs/gepia_pdfs_ph2/ph2__chromatin_vs_heme__H2AFZ_vs_ALAD__KIRC_Tumor__spearman.pdf"
"ph2","chromatin_vs_heme","H2AFZ","ALAD","KIRP_Tumor",0.37,"8.1e-11","ok","./gepia_pdfs/gepia_pdfs_ph2/ph2__chromatin_vs_heme__H2AFZ_vs_ALAD__KIRP_Tumor__spearman.pdf"
"ph2","chromatin_vs_heme","H2AFZ","ALAD","LAML_Tumor",0.29,"1e-04","ok","./gepia_pdfs/gepia_pdfs_ph2/ph2__chromatin_vs_heme__H2AFZ_vs_ALAD__LAML_Tumor__spearman.pdf"
"ph2","chromatin_vs_heme","H2AFZ","ALAD","LGG_Tumor",-0.33,"2.3e-14","ok","./gepia_pdfs/gepia_pdfs_ph2/ph2__chromatin_vs_heme__H2AFZ_vs_ALAD__LGG_Tumor__spearman.pdf"
"ph2","chromatin_vs_heme","H2AFZ","ALAD","LIHC_Tumor",-0.14,"0.0064","ok","./gepia_pdfs/gepia_pdfs_ph2/ph2__chromatin_vs_heme__H2AFZ_vs_ALAD__LIHC_Tumor__spearman.pdf"
"ph2","chromatin_vs_heme","H2AFZ","ALAD","LUAD_Tumor",-0.25,"3.2e-08","ok","./gepia_pdfs/gepia_pdfs_ph2/ph2__chromatin_vs_heme__H2AFZ_vs_ALAD__LUAD_Tumor__spearman.pdf"
"ph2","chromatin_vs_heme","H2AFZ","ALAD","LUSC_Tumor",0.068,"0.14","ok","./gepia_pdfs/gepia_pdfs_ph2/ph2__chromatin_vs_heme__H2AFZ_vs_ALAD__LUSC_Tumor__spearman.pdf"
"ph2","chromatin_vs_heme","H2AFZ","ALAD","MESO_Tumor",-0.058,"0.59","ok","./gepia_pdfs/gepia_pdfs_ph2/ph2__chromatin_vs_heme__H2AFZ_vs_ALAD__MESO_Tumor__spearman.pdf"
"ph2","chromatin_vs_heme","H2AFZ","ALAD","OV_Tumor",-0.0024,"0.96","ok","./gepia_pdfs/gepia_pdfs_ph2/ph2__chromatin_vs_heme__H2AFZ_vs_ALAD__OV_Tumor__spearman.pdf"
"ph2","chromatin_vs_heme","H2AFZ","ALAD","PAAD_Tumor",0.014,"0.85","ok","./gepia_pdfs/gepia_pdfs_ph2/ph2__chromatin_vs_heme__H2AFZ_vs_ALAD__PAAD_Tumor__spearman.pdf"
"ph2","chromatin_vs_heme","H2AFZ","ALAD","PCPG_Tumor",0.44,"7.5e-10","ok","./gepia_pdfs/gepia_pdfs_ph2/ph2__chromatin_vs_heme__H2AFZ_vs_ALAD__PCPG_Tumor__spearman.pdf"
"ph2","chromatin_vs_heme","H2AFZ","ALAD","PRAD_Tumor",0.13,"0.0043","ok","./gepia_pdfs/gepia_pdfs_ph2/ph2__chromatin_vs_heme__H2AFZ_vs_ALAD__PRAD_Tumor__spearman.pdf"
"ph2","chromatin_vs_heme","H2AFZ","ALAD","READ_Tumor",-0.27,"0.01","ok","./gepia_pdfs/gepia_pdfs_ph2/ph2__chromatin_vs_heme__H2AFZ_vs_ALAD__READ_Tumor__spearman.pdf"
"ph2","chromatin_vs_heme","H2AFZ","ALAD","SARC_Tumor",0.34,"2.1e-08","ok","./gepia_pdfs/gepia_pdfs_ph2/ph2__chromatin_vs_heme__H2AFZ_vs_ALAD__SARC_Tumor__spearman.pdf"
"ph2","chromatin_vs_heme","H2AFZ","ALAD","SKCM_Tumor",0.1,"0.025","ok","./gepia_pdfs/gepia_pdfs_ph2/ph2__chromatin_vs_heme__H2AFZ_vs_ALAD__SKCM_Tumor__spearman.pdf"
"ph2","chromatin_vs_heme","H2AFZ","ALAD","STAD_Tumor",-0.22,"8.2e-06","ok","./gepia_pdfs/gepia_pdfs_ph2/ph2__chromatin_vs_heme__H2AFZ_vs_ALAD__STAD_Tumor__spearman.pdf"
"ph2","chromatin_vs_heme","H2AFZ","ALAD","TGCT_Tumor",-0.065,"0.45","ok","./gepia_pdfs/gepia_pdfs_ph2/ph2__chromatin_vs_heme__H2AFZ_vs_ALAD__TGCT_Tumor__spearman.pdf"
"ph2","chromatin_vs_heme","H2AFZ","ALAD","THCA_Tumor",0.11,"0.013","ok","./gepia_pdfs/gepia_pdfs_ph2/ph2__chromatin_vs_heme__H2AFZ_vs_ALAD__THCA_Tumor__spearman.pdf"
"ph2","chromatin_vs_heme","H2AFZ","ALAD","THYM_Tumor",0.075,"0.42","ok","./gepia_pdfs/gepia_pdfs_ph2/ph2__chromatin_vs_heme__H2AFZ_vs_ALAD__THYM_Tumor__spearman.pdf"
"ph2","chromatin_vs_heme","H2AFZ","ALAD","UCEC_Tumor",0.17,"0.022","ok","./gepia_pdfs/gepia_pdfs_ph2/ph2__chromatin_vs_heme__H2AFZ_vs_ALAD__UCEC_Tumor__spearman.pdf"
"ph2","chromatin_vs_heme","H2AFZ","ALAD","UCS_Tumor",0.13,"0.34","ok","./gepia_pdfs/gepia_pdfs_ph2/ph2__chromatin_vs_heme__H2AFZ_vs_ALAD__UCS_Tumor__spearman.pdf"
"ph2","chromatin_vs_heme","H2AFZ","ALAD","UVM_Tumor",0.34,"0.0021","ok","./gepia_pdfs/gepia_pdfs_ph2/ph2__chromatin_vs_heme__H2AFZ_vs_ALAD__UVM_Tumor__spearman.pdf"
"ph2","chromatin_vs_heme","H2AFZ","ALAS1","ACC_Tumor",0.24,"0.034","ok","./gepia_pdfs/gepia_pdfs_ph2/ph2__chromatin_vs_heme__H2AFZ_vs_ALAS1__ACC_Tumor__spearman.pdf"
"ph2","chromatin_vs_heme","H2AFZ","ALAS1","BLCA_Tumor",0.016,"0.75","ok","./gepia_pdfs/gepia_pdfs_ph2/ph2__chromatin_vs_heme__H2AFZ_vs_ALAS1__BLCA_Tumor__spearman.pdf"
"ph2","chromatin_vs_heme","H2AFZ","ALAS1","BRCA_Tumor",0.12,"9.2e-05","ok","./gepia_pdfs/gepia_pdfs_ph2/ph2__chromatin_vs_heme__H2AFZ_vs_ALAS1__BRCA_Tumor__spearman.pdf"
"ph2","chromatin_vs_heme","H2AFZ","ALAS1","CESC_Tumor",0.29,"2.3e-07","ok","./gepia_pdfs/gepia_pdfs_ph2/ph2__chromatin_vs_heme__H2AFZ_vs_ALAS1__CESC_Tumor__spearman.pdf"
"ph2","chromatin_vs_heme","H2AFZ","ALAS1","CHOL_Tumor",-0.071,"0.68","ok","./gepia_pdfs/gepia_pdfs_ph2/ph2__chromatin_vs_heme__H2AFZ_vs_ALAS1__CHOL_Tumor__spearman.pdf"
"ph2","chromatin_vs_heme","H2AFZ","ALAS1","COAD_Tumor",0.3,"5.6e-07","ok","./gepia_pdfs/gepia_pdfs_ph2/ph2__chromatin_vs_heme__H2AFZ_vs_ALAS1__COAD_Tumor__spearman.pdf"
"ph2","chromatin_vs_heme","H2AFZ","ALAS1","DLBC_Tumor",-0.02,"0.89","ok","./gepia_pdfs/gepia_pdfs_ph2/ph2__chromatin_vs_heme__H2AFZ_vs_ALAS1__DLBC_Tumor__spearman.pdf"
"ph2","chromatin_vs_heme","H2AFZ","ALAS1","ESCA_Tumor",0.07,"0.35","ok","./gepia_pdfs/gepia_pdfs_ph2/ph2__chromatin_vs_heme__H2AFZ_vs_ALAS1__ESCA_Tumor__spearman.pdf"
"ph2","chromatin_vs_heme","H2AFZ","ALAS1","GBM_Tumor",0.17,"0.028","ok","./gepia_pdfs/gepia_pdfs_ph2/ph2__chromatin_vs_heme__H2AFZ_vs_ALAS1__GBM_Tumor__spearman.pdf"
"ph2","chromatin_vs_heme","H2AFZ","ALAS1","HNSC_Tumor",0.22,"3.6e-07","ok","./gepia_pdfs/gepia_pdfs_ph2/ph2__chromatin_vs_heme__H2AFZ_vs_ALAS1__HNSC_Tumor__spearman.pdf"
"ph2","chromatin_vs_heme","H2AFZ","ALAS1","KICH_Tumor",0.25,"0.042","ok","./gepia_pdfs/gepia_pdfs_ph2/ph2__chromatin_vs_heme__H2AFZ_vs_ALAS1__KICH_Tumor__spearman.pdf"
"ph2","chromatin_vs_heme","H2AFZ","ALAS1","KIRC_Tumor",0.35,"1.4e-16","ok","./gepia_pdfs/gepia_pdfs_ph2/ph2__chromatin_vs_heme__H2AFZ_vs_ALAS1__KIRC_Tumor__spearman.pdf"
"ph2","chromatin_vs_heme","H2AFZ","ALAS1","KIRP_Tumor",0.14,"0.018","ok","./gepia_pdfs/gepia_pdfs_ph2/ph2__chromatin_vs_heme__H2AFZ_vs_ALAS1__KIRP_Tumor__spearman.pdf"
"ph2","chromatin_vs_heme","H2AFZ","ALAS1","LAML_Tumor",0.36,"1.1e-06","ok","./gepia_pdfs/gepia_pdfs_ph2/ph2__chromatin_vs_heme__H2AFZ_vs_ALAS1__LAML_Tumor__spearman.pdf"
"ph2","chromatin_vs_heme","H2AFZ","ALAS1","LGG_Tumor",0.32,"1.6e-13","ok","./gepia_pdfs/gepia_pdfs_ph2/ph2__chromatin_vs_heme__H2AFZ_vs_ALAS1__LGG_Tumor__spearman.pdf"
"ph2","chromatin_vs_heme","H2AFZ","ALAS1","LIHC_Tumor",-0.29,"2.2e-08","ok","./gepia_pdfs/gepia_pdfs_ph2/ph2__chromatin_vs_heme__H2AFZ_vs_ALAS1__LIHC_Tumor__spearman.pdf"
"ph2","chromatin_vs_heme","H2AFZ","ALAS1","LUAD_Tumor",-0.032,"0.48","ok","./gepia_pdfs/gepia_pdfs_ph2/ph2__chromatin_vs_heme__H2AFZ_vs_ALAS1__LUAD_Tumor__spearman.pdf"
"ph2","chromatin_vs_heme","H2AFZ","ALAS1","LUSC_Tumor",0.16,"0.00043","ok","./gepia_pdfs/gepia_pdfs_ph2/ph2__chromatin_vs_heme__H2AFZ_vs_ALAS1__LUSC_Tumor__spearman.pdf"
"ph2","chromatin_vs_heme","H2AFZ","ALAS1","MESO_Tumor",0.36,"0.00064","ok","./gepia_pdfs/gepia_pdfs_ph2/ph2__chromatin_vs_heme__H2AFZ_vs_ALAS1__MESO_Tumor__spearman.pdf"
"ph2","chromatin_vs_heme","H2AFZ","ALAS1","OV_Tumor",0.29,"1.5e-09","ok","./gepia_pdfs/gepia_pdfs_ph2/ph2__chromatin_vs_heme__H2AFZ_vs_ALAS1__OV_Tumor__spearman.pdf"
"ph2","chromatin_vs_heme","H2AFZ","ALAS1","PAAD_Tumor",0.28,"0.00018","ok","./gepia_pdfs/gepia_pdfs_ph2/ph2__chromatin_vs_heme__H2AFZ_vs_ALAS1__PAAD_Tumor__spearman.pdf"
"ph2","chromatin_vs_heme","H2AFZ","ALAS1","PCPG_Tumor",0.24,"0.0013","ok","./gepia_pdfs/gepia_pdfs_ph2/ph2__chromatin_vs_heme__H2AFZ_vs_ALAS1__PCPG_Tumor__spearman.pdf"
"ph2","chromatin_vs_heme","H2AFZ","ALAS1","PRAD_Tumor",0.27,"1.4e-09","ok","./gepia_pdfs/gepia_pdfs_ph2/ph2__chromatin_vs_heme__H2AFZ_vs_ALAS1__PRAD_Tumor__spearman.pdf"
"ph2","chromatin_vs_heme","H2AFZ","ALAS1","READ_Tumor",0.41,"4.8e-05","ok","./gepia_pdfs/gepia_pdfs_ph2/ph2__chromatin_vs_heme__H2AFZ_vs_ALAS1__READ_Tumor__spearman.pdf"
"ph2","chromatin_vs_heme","H2AFZ","ALAS1","SARC_Tumor",0.33,"3.2e-08","ok","./gepia_pdfs/gepia_pdfs_ph2/ph2__chromatin_vs_heme__H2AFZ_vs_ALAS1__SARC_Tumor__spearman.pdf"
"ph2","chromatin_vs_heme","H2AFZ","ALAS1","SKCM_Tumor",0.38,"5.9e-17","ok","./gepia_pdfs/gepia_pdfs_ph2/ph2__chromatin_vs_heme__H2AFZ_vs_ALAS1__SKCM_Tumor__spearman.pdf"
"ph2","chromatin_vs_heme","H2AFZ","ALAS1","STAD_Tumor",0.45,"2.9e-21","ok","./gepia_pdfs/gepia_pdfs_ph2/ph2__chromatin_vs_heme__H2AFZ_vs_ALAS1__STAD_Tumor__spearman.pdf"
"ph2","chromatin_vs_heme","H2AFZ","ALAS1","TGCT_Tumor",0.061,"0.48","ok","./gepia_pdfs/gepia_pdfs_ph2/ph2__chromatin_vs_heme__H2AFZ_vs_ALAS1__TGCT_Tumor__spearman.pdf"
"ph2","chromatin_vs_heme","H2AFZ","ALAS1","THCA_Tumor",0.15,"0.00058","ok","./gepia_pdfs/gepia_pdfs_ph2/ph2__chromatin_vs_heme__H2AFZ_vs_ALAS1__THCA_Tumor__spearman.pdf"
"ph2","chromatin_vs_heme","H2AFZ","ALAS1","THYM_Tumor",-0.069,"0.46","ok","./gepia_pdfs/gepia_pdfs_ph2/ph2__chromatin_vs_heme__H2AFZ_vs_ALAS1__THYM_Tumor__spearman.pdf"
"ph2","chromatin_vs_heme","H2AFZ","ALAS1","UCEC_Tumor",0.33,"1.1e-05","ok","./gepia_pdfs/gepia_pdfs_ph2/ph2__chromatin_vs_heme__H2AFZ_vs_ALAS1__UCEC_Tumor__spearman.pdf"
"ph2","chromatin_vs_heme","H2AFZ","ALAS1","UCS_Tumor",0.19,"0.15","ok","./gepia_pdfs/gepia_pdfs_ph2/ph2__chromatin_vs_heme__H2AFZ_vs_ALAS1__UCS_Tumor__spearman.pdf"
"ph2","chromatin_vs_heme","H2AFZ","ALAS1","UVM_Tumor",0.26,"0.023","ok","./gepia_pdfs/gepia_pdfs_ph2/ph2__chromatin_vs_heme__H2AFZ_vs_ALAS1__UVM_Tumor__spearman.pdf"
"ph2","chromatin_vs_heme","H2AFZ","CPOX","ACC_Tumor",0.41,"0.00021","ok","./gepia_pdfs/gepia_pdfs_ph2/ph2__chromatin_vs_heme__H2AFZ_vs_CPOX__ACC_Tumor__spearman.pdf"
"ph2","chromatin_vs_heme","H2AFZ","CPOX","BLCA_Tumor",0.4,"5.7e-17","ok","./gepia_pdfs/gepia_pdfs_ph2/ph2__chromatin_vs_heme__H2AFZ_vs_CPOX__BLCA_Tumor__spearman.pdf"
"ph2","chromatin_vs_heme","H2AFZ","CPOX","BRCA_Tumor",0.18,"2e-09","ok","./gepia_pdfs/gepia_pdfs_ph2/ph2__chromatin_vs_heme__H2AFZ_vs_CPOX__BRCA_Tumor__spearman.pdf"
"ph2","chromatin_vs_heme","H2AFZ","CPOX","CESC_Tumor",0.25,"8.1e-06","ok","./gepia_pdfs/gepia_pdfs_ph2/ph2__chromatin_vs_heme__H2AFZ_vs_CPOX__CESC_Tumor__spearman.pdf"
"ph2","chromatin_vs_heme","H2AFZ","CPOX","CHOL_Tumor",-0.35,"0.039","ok","./gepia_pdfs/gepia_pdfs_ph2/ph2__chromatin_vs_heme__H2AFZ_vs_CPOX__CHOL_Tumor__spearman.pdf"
"ph2","chromatin_vs_heme","H2AFZ","CPOX","COAD_Tumor",0.32,"3.9e-08","ok","./gepia_pdfs/gepia_pdfs_ph2/ph2__chromatin_vs_heme__H2AFZ_vs_CPOX__COAD_Tumor__spearman.pdf"
"ph2","chromatin_vs_heme","H2AFZ","CPOX","DLBC_Tumor",0.34,"0.021","ok","./gepia_pdfs/gepia_pdfs_ph2/ph2__chromatin_vs_heme__H2AFZ_vs_CPOX__DLBC_Tumor__spearman.pdf"
"ph2","chromatin_vs_heme","H2AFZ","CPOX","ESCA_Tumor",0.37,"4e-07","ok","./gepia_pdfs/gepia_pdfs_ph2/ph2__chromatin_vs_heme__H2AFZ_vs_CPOX__ESCA_Tumor__spearman.pdf"
"ph2","chromatin_vs_heme","H2AFZ","CPOX","GBM_Tumor",-0.025,"0.75","ok","./gepia_pdfs/gepia_pdfs_ph2/ph2__chromatin_vs_heme__H2AFZ_vs_CPOX__GBM_Tumor__spearman.pdf"
"ph2","chromatin_vs_heme","H2AFZ","CPOX","HNSC_Tumor",0.41,"6.7e-23","ok","./gepia_pdfs/gepia_pdfs_ph2/ph2__chromatin_vs_heme__H2AFZ_vs_CPOX__HNSC_Tumor__spearman.pdf"
"ph2","chromatin_vs_heme","H2AFZ","CPOX","KICH_Tumor",0.62,"3e-08","ok","./gepia_pdfs/gepia_pdfs_ph2/ph2__chromatin_vs_heme__H2AFZ_vs_CPOX__KICH_Tumor__spearman.pdf"
"ph2","chromatin_vs_heme","H2AFZ","CPOX","KIRC_Tumor",0.42,"3.2e-23","ok","./gepia_pdfs/gepia_pdfs_ph2/ph2__chromatin_vs_heme__H2AFZ_vs_CPOX__KIRC_Tumor__spearman.pdf"
"ph2","chromatin_vs_heme","H2AFZ","CPOX","KIRP_Tumor",0.39,"6.2e-12","ok","./gepia_pdfs/gepia_pdfs_ph2/ph2__chromatin_vs_heme__H2AFZ_vs_CPOX__KIRP_Tumor__spearman.pdf"
"ph2","chromatin_vs_heme","H2AFZ","CPOX","LAML_Tumor",0.21,"0.0049","ok","./gepia_pdfs/gepia_pdfs_ph2/ph2__chromatin_vs_heme__H2AFZ_vs_CPOX__LAML_Tumor__spearman.pdf"
"ph2","chromatin_vs_heme","H2AFZ","CPOX","LGG_Tumor",-0.0023,"0.96","ok","./gepia_pdfs/gepia_pdfs_ph2/ph2__chromatin_vs_heme__H2AFZ_vs_CPOX__LGG_Tumor__spearman.pdf"
"ph2","chromatin_vs_heme","H2AFZ","CPOX","LIHC_Tumor",0.35,"2.8e-12","ok","./gepia_pdfs/gepia_pdfs_ph2/ph2__chromatin_vs_heme__H2AFZ_vs_CPOX__LIHC_Tumor__spearman.pdf"
"ph2","chromatin_vs_heme","H2AFZ","CPOX","LUAD_Tumor",0.25,"4.3e-08","ok","./gepia_pdfs/gepia_pdfs_ph2/ph2__chromatin_vs_heme__H2AFZ_vs_CPOX__LUAD_Tumor__spearman.pdf"
"ph2","chromatin_vs_heme","H2AFZ","CPOX","LUSC_Tumor",0.31,"3.7e-12","ok","./gepia_pdfs/gepia_pdfs_ph2/ph2__chromatin_vs_heme__H2AFZ_vs_CPOX__LUSC_Tumor__spearman.pdf"
"ph2","chromatin_vs_heme","H2AFZ","CPOX","MESO_Tumor",0.38,"0.00027","ok","./gepia_pdfs/gepia_pdfs_ph2/ph2__chromatin_vs_heme__H2AFZ_vs_CPOX__MESO_Tumor__spearman.pdf"
"ph2","chromatin_vs_heme","H2AFZ","CPOX","OV_Tumor",0.18,"0.00014","ok","./gepia_pdfs/gepia_pdfs_ph2/ph2__chromatin_vs_heme__H2AFZ_vs_CPOX__OV_Tumor__spearman.pdf"
"ph2","chromatin_vs_heme","H2AFZ","CPOX","PAAD_Tumor",0.45,"1.9e-10","ok","./gepia_pdfs/gepia_pdfs_ph2/ph2__chromatin_vs_heme__H2AFZ_vs_CPOX__PAAD_Tumor__spearman.pdf"
"ph2","chromatin_vs_heme","H2AFZ","CPOX","PCPG_Tumor",0.45,"1.8e-10","ok","./gepia_pdfs/gepia_pdfs_ph2/ph2__chromatin_vs_heme__H2AFZ_vs_CPOX__PCPG_Tumor__spearman.pdf"
"ph2","chromatin_vs_heme","H2AFZ","CPOX","PRAD_Tumor",0.3,"7.4e-12","ok","./gepia_pdfs/gepia_pdfs_ph2/ph2__chromatin_vs_heme__H2AFZ_vs_CPOX__PRAD_Tumor__spearman.pdf"
"ph2","chromatin_vs_heme","H2AFZ","CPOX","READ_Tumor",0.56,"6.4e-09","ok","./gepia_pdfs/gepia_pdfs_ph2/ph2__chromatin_vs_heme__H2AFZ_vs_CPOX__READ_Tumor__spearman.pdf"
"ph2","chromatin_vs_heme","H2AFZ","CPOX","SARC_Tumor",0.4,"2.5e-11","ok","./gepia_pdfs/gepia_pdfs_ph2/ph2__chromatin_vs_heme__H2AFZ_vs_CPOX__SARC_Tumor__spearman.pdf"
"ph2","chromatin_vs_heme","H2AFZ","CPOX","SKCM_Tumor",0.33,"4.2e-13","ok","./gepia_pdfs/gepia_pdfs_ph2/ph2__chromatin_vs_heme__H2AFZ_vs_CPOX__SKCM_Tumor__spearman.pdf"
"ph2","chromatin_vs_heme","H2AFZ","CPOX","STAD_Tumor",0.51,"7e-29","ok","./gepia_pdfs/gepia_pdfs_ph2/ph2__chromatin_vs_heme__H2AFZ_vs_CPOX__STAD_Tumor__spearman.pdf"
"ph2","chromatin_vs_heme","H2AFZ","CPOX","TGCT_Tumor",0.45,"4.3e-08","ok","./gepia_pdfs/gepia_pdfs_ph2/ph2__chromatin_vs_heme__H2AFZ_vs_CPOX__TGCT_Tumor__spearman.pdf"
"ph2","chromatin_vs_heme","H2AFZ","CPOX","THCA_Tumor",0.28,"2.4e-10","ok","./gepia_pdfs/gepia_pdfs_ph2/ph2__chromatin_vs_heme__H2AFZ_vs_CPOX__THCA_Tumor__spearman.pdf"
"ph2","chromatin_vs_heme","H2AFZ","CPOX","THYM_Tumor",0.2,"0.028","ok","./gepia_pdfs/gepia_pdfs_ph2/ph2__chromatin_vs_heme__H2AFZ_vs_CPOX__THYM_Tumor__spearman.pdf"
"ph2","chromatin_vs_heme","H2AFZ","CPOX","UCEC_Tumor",0.37,"7.3e-07","ok","./gepia_pdfs/gepia_pdfs_ph2/ph2__chromatin_vs_heme__H2AFZ_vs_CPOX__UCEC_Tumor__spearman.pdf"
"ph2","chromatin_vs_heme","H2AFZ","CPOX","UCS_Tumor",0.21,"0.12","ok","./gepia_pdfs/gepia_pdfs_ph2/ph2__chromatin_vs_heme__H2AFZ_vs_CPOX__UCS_Tumor__spearman.pdf"
"ph2","chromatin_vs_heme","H2AFZ","CPOX","UVM_Tumor",0.41,"0.00018","ok","./gepia_pdfs/gepia_pdfs_ph2/ph2__chromatin_vs_heme__H2AFZ_vs_CPOX__UVM_Tumor__spearman.pdf"
"ph2","chromatin_vs_heme","H2AFZ","FECH","ACC_Tumor",0.28,"0.013","ok","./gepia_pdfs/gepia_pdfs_ph2/ph2__chromatin_vs_heme__H2AFZ_vs_FECH__ACC_Tumor__spearman.pdf"
"ph2","chromatin_vs_heme","H2AFZ","FECH","BLCA_Tumor",0.36,"8.7e-14","ok","./gepia_pdfs/gepia_pdfs_ph2/ph2__chromatin_vs_heme__H2AFZ_vs_FECH__BLCA_Tumor__spearman.pdf"
"ph2","chromatin_vs_heme","H2AFZ","FECH","BRCA_Tumor",0.13,"2.3e-05","ok","./gepia_pdfs/gepia_pdfs_ph2/ph2__chromatin_vs_heme__H2AFZ_vs_FECH__BRCA_Tumor__spearman.pdf"
"ph2","chromatin_vs_heme","H2AFZ","FECH","CESC_Tumor",0.22,"8.1e-05","ok","./gepia_pdfs/gepia_pdfs_ph2/ph2__chromatin_vs_heme__H2AFZ_vs_FECH__CESC_Tumor__spearman.pdf"
"ph2","chromatin_vs_heme","H2AFZ","FECH","CHOL_Tumor",-0.038,"0.83","ok","./gepia_pdfs/gepia_pdfs_ph2/ph2__chromatin_vs_heme__H2AFZ_vs_FECH__CHOL_Tumor__spearman.pdf"
"ph2","chromatin_vs_heme","H2AFZ","FECH","COAD_Tumor",0.17,"0.0039","ok","./gepia_pdfs/gepia_pdfs_ph2/ph2__chromatin_vs_heme__H2AFZ_vs_FECH__COAD_Tumor__spearman.pdf"
"ph2","chromatin_vs_heme","H2AFZ","FECH","DLBC_Tumor",0.37,"0.012","ok","./gepia_pdfs/gepia_pdfs_ph2/ph2__chromatin_vs_heme__H2AFZ_vs_FECH__DLBC_Tumor__spearman.pdf"
"ph2","chromatin_vs_heme","H2AFZ","FECH","ESCA_Tumor",0.36,"4.8e-07","ok","./gepia_pdfs/gepia_pdfs_ph2/ph2__chromatin_vs_heme__H2AFZ_vs_FECH__ESCA_Tumor__spearman.pdf"
"ph2","chromatin_vs_heme","H2AFZ","FECH","GBM_Tumor",-0.094,"0.23","ok","./gepia_pdfs/gepia_pdfs_ph2/ph2__chromatin_vs_heme__H2AFZ_vs_FECH__GBM_Tumor__spearman.pdf"
"ph2","chromatin_vs_heme","H2AFZ","FECH","HNSC_Tumor",0.21,"1.2e-06","ok","./gepia_pdfs/gepia_pdfs_ph2/ph2__chromatin_vs_heme__H2AFZ_vs_FECH__HNSC_Tumor__spearman.pdf"
"ph2","chromatin_vs_heme","H2AFZ","FECH","KICH_Tumor",0.28,"0.023","ok","./gepia_pdfs/gepia_pdfs_ph2/ph2__chromatin_vs_heme__H2AFZ_vs_FECH__KICH_Tumor__spearman.pdf"
"ph2","chromatin_vs_heme","H2AFZ","FECH","KIRC_Tumor",0.29,"2.5e-11","ok","./gepia_pdfs/gepia_pdfs_ph2/ph2__chromatin_vs_heme__H2AFZ_vs_FECH__KIRC_Tumor__spearman.pdf"
"ph2","chromatin_vs_heme","H2AFZ","FECH","KIRP_Tumor",0.34,"3.8e-09","ok","./gepia_pdfs/gepia_pdfs_ph2/ph2__chromatin_vs_heme__H2AFZ_vs_FECH__KIRP_Tumor__spearman.pdf"
"ph2","chromatin_vs_heme","H2AFZ","FECH","LAML_Tumor",0.16,"0.037","ok","./gepia_pdfs/gepia_pdfs_ph2/ph2__chromatin_vs_heme__H2AFZ_vs_FECH__LAML_Tumor__spearman.pdf"
"ph2","chromatin_vs_heme","H2AFZ","FECH","LGG_Tumor",0.078,"0.076","ok","./gepia_pdfs/gepia_pdfs_ph2/ph2__chromatin_vs_heme__H2AFZ_vs_FECH__LGG_Tumor__spearman.pdf"
"ph2","chromatin_vs_heme","H2AFZ","FECH","LIHC_Tumor",0.14,"0.0056","ok","./gepia_pdfs/gepia_pdfs_ph2/ph2__chromatin_vs_heme__H2AFZ_vs_FECH__LIHC_Tumor__spearman.pdf"
"ph2","chromatin_vs_heme","H2AFZ","FECH","LUAD_Tumor",0.27,"2e-09","ok","./gepia_pdfs/gepia_pdfs_ph2/ph2__chromatin_vs_heme__H2AFZ_vs_FECH__LUAD_Tumor__spearman.pdf"
"ph2","chromatin_vs_heme","H2AFZ","FECH","LUSC_Tumor",0.34,"5.5e-15","ok","./gepia_pdfs/gepia_pdfs_ph2/ph2__chromatin_vs_heme__H2AFZ_vs_FECH__LUSC_Tumor__spearman.pdf"
"ph2","chromatin_vs_heme","H2AFZ","FECH","MESO_Tumor",0.46,"8e-06","ok","./gepia_pdfs/gepia_pdfs_ph2/ph2__chromatin_vs_heme__H2AFZ_vs_FECH__MESO_Tumor__spearman.pdf"
"ph2","chromatin_vs_heme","H2AFZ","FECH","OV_Tumor",0.11,"0.022","ok","./gepia_pdfs/gepia_pdfs_ph2/ph2__chromatin_vs_heme__H2AFZ_vs_FECH__OV_Tumor__spearman.pdf"
"ph2","chromatin_vs_heme","H2AFZ","FECH","PAAD_Tumor",0.15,"0.041","ok","./gepia_pdfs/gepia_pdfs_ph2/ph2__chromatin_vs_heme__H2AFZ_vs_FECH__PAAD_Tumor__spearman.pdf"
"ph2","chromatin_vs_heme","H2AFZ","FECH","PCPG_Tumor",0.6,"2.9e-19","ok","./gepia_pdfs/gepia_pdfs_ph2/ph2__chromatin_vs_heme__H2AFZ_vs_FECH__PCPG_Tumor__spearman.pdf"
"ph2","chromatin_vs_heme","H2AFZ","FECH","PRAD_Tumor",0.17,"0.00013","ok","./gepia_pdfs/gepia_pdfs_ph2/ph2__chromatin_vs_heme__H2AFZ_vs_FECH__PRAD_Tumor__spearman.pdf"
"ph2","chromatin_vs_heme","H2AFZ","FECH","READ_Tumor",0.18,"0.089","ok","./gepia_pdfs/gepia_pdfs_ph2/ph2__chromatin_vs_heme__H2AFZ_vs_FECH__READ_Tumor__spearman.pdf"
"ph2","chromatin_vs_heme","H2AFZ","FECH","SARC_Tumor",0.11,"0.083","ok","./gepia_pdfs/gepia_pdfs_ph2/ph2__chromatin_vs_heme__H2AFZ_vs_FECH__SARC_Tumor__spearman.pdf"
"ph2","chromatin_vs_heme","H2AFZ","FECH","SKCM_Tumor",0.41,"6.1e-20","ok","./gepia_pdfs/gepia_pdfs_ph2/ph2__chromatin_vs_heme__H2AFZ_vs_FECH__SKCM_Tumor__spearman.pdf"
"ph2","chromatin_vs_heme","H2AFZ","FECH","STAD_Tumor",0.17,"0.00059","ok","./gepia_pdfs/gepia_pdfs_ph2/ph2__chromatin_vs_heme__H2AFZ_vs_FECH__STAD_Tumor__spearman.pdf"
"ph2","chromatin_vs_heme","H2AFZ","FECH","TGCT_Tumor",0.12,"0.16","ok","./gepia_pdfs/gepia_pdfs_ph2/ph2__chromatin_vs_heme__H2AFZ_vs_FECH__TGCT_Tumor__spearman.pdf"
"ph2","chromatin_vs_heme","H2AFZ","FECH","THCA_Tumor",0.25,"1.2e-08","ok","./gepia_pdfs/gepia_pdfs_ph2/ph2__chromatin_vs_heme__H2AFZ_vs_FECH__THCA_Tumor__spearman.pdf"
"ph2","chromatin_vs_heme","H2AFZ","FECH","THYM_Tumor",0.5,"6.3e-09","ok","./gepia_pdfs/gepia_pdfs_ph2/ph2__chromatin_vs_heme__H2AFZ_vs_FECH__THYM_Tumor__spearman.pdf"
"ph2","chromatin_vs_heme","H2AFZ","FECH","UCEC_Tumor",0.34,"3.8e-06","ok","./gepia_pdfs/gepia_pdfs_ph2/ph2__chromatin_vs_heme__H2AFZ_vs_FECH__UCEC_Tumor__spearman.pdf"
"ph2","chromatin_vs_heme","H2AFZ","FECH","UCS_Tumor",0.37,"0.0055","ok","./gepia_pdfs/gepia_pdfs_ph2/ph2__chromatin_vs_heme__H2AFZ_vs_FECH__UCS_Tumor__spearman.pdf"
"ph2","chromatin_vs_heme","H2AFZ","FECH","UVM_Tumor",0.37,"0.00092","ok","./gepia_pdfs/gepia_pdfs_ph2/ph2__chromatin_vs_heme__H2AFZ_vs_FECH__UVM_Tumor__spearman.pdf"
"ph2","chromatin_vs_heme","H2AFZ","HMBS","ACC_Tumor",0.3,"0.0086","ok","./gepia_pdfs/gepia_pdfs_ph2/ph2__chromatin_vs_heme__H2AFZ_vs_HMBS__ACC_Tumor__spearman.pdf"
"ph2","chromatin_vs_heme","H2AFZ","HMBS","BLCA_Tumor",0.47,"4e-23","ok","./gepia_pdfs/gepia_pdfs_ph2/ph2__chromatin_vs_heme__H2AFZ_vs_HMBS__BLCA_Tumor__spearman.pdf"
"ph2","chromatin_vs_heme","H2AFZ","HMBS","BRCA_Tumor",0.23,"3.2e-14","ok","./gepia_pdfs/gepia_pdfs_ph2/ph2__chromatin_vs_heme__H2AFZ_vs_HMBS__BRCA_Tumor__spearman.pdf"
"ph2","chromatin_vs_heme","H2AFZ","HMBS","CESC_Tumor",0.14,"0.013","ok","./gepia_pdfs/gepia_pdfs_ph2/ph2__chromatin_vs_heme__H2AFZ_vs_HMBS__CESC_Tumor__spearman.pdf"
"ph2","chromatin_vs_heme","H2AFZ","HMBS","CHOL_Tumor",-0.17,"0.32","ok","./gepia_pdfs/gepia_pdfs_ph2/ph2__chromatin_vs_heme__H2AFZ_vs_HMBS__CHOL_Tumor__spearman.pdf"
"ph2","chromatin_vs_heme","H2AFZ","HMBS","COAD_Tumor",0.51,"1.1e-19","ok","./gepia_pdfs/gepia_pdfs_ph2/ph2__chromatin_vs_heme__H2AFZ_vs_HMBS__COAD_Tumor__spearman.pdf"
"ph2","chromatin_vs_heme","H2AFZ","HMBS","DLBC_Tumor",0.33,"0.022","ok","./gepia_pdfs/gepia_pdfs_ph2/ph2__chromatin_vs_heme__H2AFZ_vs_HMBS__DLBC_Tumor__spearman.pdf"
"ph2","chromatin_vs_heme","H2AFZ","HMBS","ESCA_Tumor",0.38,"1.3e-07","ok","./gepia_pdfs/gepia_pdfs_ph2/ph2__chromatin_vs_heme__H2AFZ_vs_HMBS__ESCA_Tumor__spearman.pdf"
"ph2","chromatin_vs_heme","H2AFZ","HMBS","GBM_Tumor",0.43,"8.8e-09","ok","./gepia_pdfs/gepia_pdfs_ph2/ph2__chromatin_vs_heme__H2AFZ_vs_HMBS__GBM_Tumor__spearman.pdf"
"ph2","chromatin_vs_heme","H2AFZ","HMBS","HNSC_Tumor",0.21,"7.9e-07","ok","./gepia_pdfs/gepia_pdfs_ph2/ph2__chromatin_vs_heme__H2AFZ_vs_HMBS__HNSC_Tumor__spearman.pdf"
"ph2","chromatin_vs_heme","H2AFZ","HMBS","KICH_Tumor",0.45,"2e-04","ok","./gepia_pdfs/gepia_pdfs_ph2/ph2__chromatin_vs_heme__H2AFZ_vs_HMBS__KICH_Tumor__spearman.pdf"
"ph2","chromatin_vs_heme","H2AFZ","HMBS","KIRC_Tumor",0.15,"0.00044","ok","./gepia_pdfs/gepia_pdfs_ph2/ph2__chromatin_vs_heme__H2AFZ_vs_HMBS__KIRC_Tumor__spearman.pdf"
"ph2","chromatin_vs_heme","H2AFZ","HMBS","KIRP_Tumor",0.1,"0.08","ok","./gepia_pdfs/gepia_pdfs_ph2/ph2__chromatin_vs_heme__H2AFZ_vs_HMBS__KIRP_Tumor__spearman.pdf"
"ph2","chromatin_vs_heme","H2AFZ","HMBS","LAML_Tumor",0.23,"0.0019","ok","./gepia_pdfs/gepia_pdfs_ph2/ph2__chromatin_vs_heme__H2AFZ_vs_HMBS__LAML_Tumor__spearman.pdf"
"ph2","chromatin_vs_heme","H2AFZ","HMBS","LGG_Tumor",0.39,"9.7e-21","ok","./gepia_pdfs/gepia_pdfs_ph2/ph2__chromatin_vs_heme__H2AFZ_vs_HMBS__LGG_Tumor__spearman.pdf"
"ph2","chromatin_vs_heme","H2AFZ","HMBS","LIHC_Tumor",0.37,"1.8e-13","ok","./gepia_pdfs/gepia_pdfs_ph2/ph2__chromatin_vs_heme__H2AFZ_vs_HMBS__LIHC_Tumor__spearman.pdf"
"ph2","chromatin_vs_heme","H2AFZ","HMBS","LUAD_Tumor",0.39,"2.7e-19","ok","./gepia_pdfs/gepia_pdfs_ph2/ph2__chromatin_vs_heme__H2AFZ_vs_HMBS__LUAD_Tumor__spearman.pdf"
"ph2","chromatin_vs_heme","H2AFZ","HMBS","LUSC_Tumor",0.36,"6e-16","ok","./gepia_pdfs/gepia_pdfs_ph2/ph2__chromatin_vs_heme__H2AFZ_vs_HMBS__LUSC_Tumor__spearman.pdf"
"ph2","chromatin_vs_heme","H2AFZ","HMBS","MESO_Tumor",0.32,"0.0025","ok","./gepia_pdfs/gepia_pdfs_ph2/ph2__chromatin_vs_heme__H2AFZ_vs_HMBS__MESO_Tumor__spearman.pdf"
"ph2","chromatin_vs_heme","H2AFZ","HMBS","OV_Tumor",0.22,"5.9e-06","ok","./gepia_pdfs/gepia_pdfs_ph2/ph2__chromatin_vs_heme__H2AFZ_vs_HMBS__OV_Tumor__spearman.pdf"
"ph2","chromatin_vs_heme","H2AFZ","HMBS","PAAD_Tumor",0.47,"4.3e-11","ok","./gepia_pdfs/gepia_pdfs_ph2/ph2__chromatin_vs_heme__H2AFZ_vs_HMBS__PAAD_Tumor__spearman.pdf"
"ph2","chromatin_vs_heme","H2AFZ","HMBS","PCPG_Tumor",0.21,"0.0038","ok","./gepia_pdfs/gepia_pdfs_ph2/ph2__chromatin_vs_heme__H2AFZ_vs_HMBS__PCPG_Tumor__spearman.pdf"
"ph2","chromatin_vs_heme","H2AFZ","HMBS","PRAD_Tumor",0.078,"0.083","ok","./gepia_pdfs/gepia_pdfs_ph2/ph2__chromatin_vs_heme__H2AFZ_vs_HMBS__PRAD_Tumor__spearman.pdf"
"ph2","chromatin_vs_heme","H2AFZ","HMBS","READ_Tumor",0.63,"2.6e-11","ok","./gepia_pdfs/gepia_pdfs_ph2/ph2__chromatin_vs_heme__H2AFZ_vs_HMBS__READ_Tumor__spearman.pdf"
"ph2","chromatin_vs_heme","H2AFZ","HMBS","SARC_Tumor",-0.083,"0.18","ok","./gepia_pdfs/gepia_pdfs_ph2/ph2__chromatin_vs_heme__H2AFZ_vs_HMBS__SARC_Tumor__spearman.pdf"
"ph2","chromatin_vs_heme","H2AFZ","HMBS","SKCM_Tumor",0.26,"1.5e-08","ok","./gepia_pdfs/gepia_pdfs_ph2/ph2__chromatin_vs_heme__H2AFZ_vs_HMBS__SKCM_Tumor__spearman.pdf"
"ph2","chromatin_vs_heme","H2AFZ","HMBS","STAD_Tumor",0.56,"4.5e-35","ok","./gepia_pdfs/gepia_pdfs_ph2/ph2__chromatin_vs_heme__H2AFZ_vs_HMBS__STAD_Tumor__spearman.pdf"
"ph2","chromatin_vs_heme","H2AFZ","HMBS","TGCT_Tumor",0.23,"0.0076","ok","./gepia_pdfs/gepia_pdfs_ph2/ph2__chromatin_vs_heme__H2AFZ_vs_HMBS__TGCT_Tumor__spearman.pdf"
"ph2","chromatin_vs_heme","H2AFZ","HMBS","THCA_Tumor",0.057,"0.2","ok","./gepia_pdfs/gepia_pdfs_ph2/ph2__chromatin_vs_heme__H2AFZ_vs_HMBS__THCA_Tumor__spearman.pdf"
"ph2","chromatin_vs_heme","H2AFZ","HMBS","THYM_Tumor",0.26,"0.0052","ok","./gepia_pdfs/gepia_pdfs_ph2/ph2__chromatin_vs_heme__H2AFZ_vs_HMBS__THYM_Tumor__spearman.pdf"
"ph2","chromatin_vs_heme","H2AFZ","HMBS","UCEC_Tumor",0.44,"9.2e-10","ok","./gepia_pdfs/gepia_pdfs_ph2/ph2__chromatin_vs_heme__H2AFZ_vs_HMBS__UCEC_Tumor__spearman.pdf"
"ph2","chromatin_vs_heme","H2AFZ","HMBS","UCS_Tumor",-0.12,"0.38","ok","./gepia_pdfs/gepia_pdfs_ph2/ph2__chromatin_vs_heme__H2AFZ_vs_HMBS__UCS_Tumor__spearman.pdf"
"ph2","chromatin_vs_heme","H2AFZ","HMBS","UVM_Tumor",0.13,"0.26","ok","./gepia_pdfs/gepia_pdfs_ph2/ph2__chromatin_vs_heme__H2AFZ_vs_HMBS__UVM_Tumor__spearman.pdf"
"ph2","chromatin_vs_heme","H2AFZ","PPOX","ACC_Tumor",0.13,"0.27","ok","./gepia_pdfs/gepia_pdfs_ph2/ph2__chromatin_vs_heme__H2AFZ_vs_PPOX__ACC_Tumor__spearman.pdf"
"ph2","chromatin_vs_heme","H2AFZ","PPOX","BLCA_Tumor",-0.073,"0.14","ok","./gepia_pdfs/gepia_pdfs_ph2/ph2__chromatin_vs_heme__H2AFZ_vs_PPOX__BLCA_Tumor__spearman.pdf"
"ph2","chromatin_vs_heme","H2AFZ","PPOX","BRCA_Tumor",-0.1,"0.00068","ok","./gepia_pdfs/gepia_pdfs_ph2/ph2__chromatin_vs_heme__H2AFZ_vs_PPOX__BRCA_Tumor__spearman.pdf"
"ph2","chromatin_vs_heme","H2AFZ","PPOX","CESC_Tumor",-0.0093,"0.87","ok","./gepia_pdfs/gepia_pdfs_ph2/ph2__chromatin_vs_heme__H2AFZ_vs_PPOX__CESC_Tumor__spearman.pdf"
"ph2","chromatin_vs_heme","H2AFZ","PPOX","CHOL_Tumor",0.072,"0.68","ok","./gepia_pdfs/gepia_pdfs_ph2/ph2__chromatin_vs_heme__H2AFZ_vs_PPOX__CHOL_Tumor__spearman.pdf"
"ph2","chromatin_vs_heme","H2AFZ","PPOX","COAD_Tumor",-0.21,"0.00038","ok","./gepia_pdfs/gepia_pdfs_ph2/ph2__chromatin_vs_heme__H2AFZ_vs_PPOX__COAD_Tumor__spearman.pdf"
"ph2","chromatin_vs_heme","H2AFZ","PPOX","DLBC_Tumor",-0.18,"0.22","ok","./gepia_pdfs/gepia_pdfs_ph2/ph2__chromatin_vs_heme__H2AFZ_vs_PPOX__DLBC_Tumor__spearman.pdf"
"ph2","chromatin_vs_heme","H2AFZ","PPOX","ESCA_Tumor",0.14,"0.055","ok","./gepia_pdfs/gepia_pdfs_ph2/ph2__chromatin_vs_heme__H2AFZ_vs_PPOX__ESCA_Tumor__spearman.pdf"
"ph2","chromatin_vs_heme","H2AFZ","PPOX","GBM_Tumor",0.13,"0.089","ok","./gepia_pdfs/gepia_pdfs_ph2/ph2__chromatin_vs_heme__H2AFZ_vs_PPOX__GBM_Tumor__spearman.pdf"
"ph2","chromatin_vs_heme","H2AFZ","PPOX","HNSC_Tumor",0.33,"1.4e-14","ok","./gepia_pdfs/gepia_pdfs_ph2/ph2__chromatin_vs_heme__H2AFZ_vs_PPOX__HNSC_Tumor__spearman.pdf"
"ph2","chromatin_vs_heme","H2AFZ","PPOX","KICH_Tumor",-0.0082,"0.95","ok","./gepia_pdfs/gepia_pdfs_ph2/ph2__chromatin_vs_heme__H2AFZ_vs_PPOX__KICH_Tumor__spearman.pdf"
"ph2","chromatin_vs_heme","H2AFZ","PPOX","KIRC_Tumor",-0.044,"0.32","ok","./gepia_pdfs/gepia_pdfs_ph2/ph2__chromatin_vs_heme__H2AFZ_vs_PPOX__KIRC_Tumor__spearman.pdf"
"ph2","chromatin_vs_heme","H2AFZ","PPOX","KIRP_Tumor",-0.032,"0.59","ok","./gepia_pdfs/gepia_pdfs_ph2/ph2__chromatin_vs_heme__H2AFZ_vs_PPOX__KIRP_Tumor__spearman.pdf"
"ph2","chromatin_vs_heme","H2AFZ","PPOX","LAML_Tumor",-0.061,"0.42","ok","./gepia_pdfs/gepia_pdfs_ph2/ph2__chromatin_vs_heme__H2AFZ_vs_PPOX__LAML_Tumor__spearman.pdf"
"ph2","chromatin_vs_heme","H2AFZ","PPOX","LGG_Tumor",0.28,"1.2e-10","ok","./gepia_pdfs/gepia_pdfs_ph2/ph2__chromatin_vs_heme__H2AFZ_vs_PPOX__LGG_Tumor__spearman.pdf"
"ph2","chromatin_vs_heme","H2AFZ","PPOX","LIHC_Tumor",0.28,"4.3e-08","ok","./gepia_pdfs/gepia_pdfs_ph2/ph2__chromatin_vs_heme__H2AFZ_vs_PPOX__LIHC_Tumor__spearman.pdf"
"ph2","chromatin_vs_heme","H2AFZ","PPOX","LUAD_Tumor",-0.22,"1.3e-06","ok","./gepia_pdfs/gepia_pdfs_ph2/ph2__chromatin_vs_heme__H2AFZ_vs_PPOX__LUAD_Tumor__spearman.pdf"
"ph2","chromatin_vs_heme","H2AFZ","PPOX","LUSC_Tumor",0.012,"0.8","ok","./gepia_pdfs/gepia_pdfs_ph2/ph2__chromatin_vs_heme__H2AFZ_vs_PPOX__LUSC_Tumor__spearman.pdf"
"ph2","chromatin_vs_heme","H2AFZ","PPOX","MESO_Tumor",-0.32,"0.0029","ok","./gepia_pdfs/gepia_pdfs_ph2/ph2__chromatin_vs_heme__H2AFZ_vs_PPOX__MESO_Tumor__spearman.pdf"
"ph2","chromatin_vs_heme","H2AFZ","PPOX","OV_Tumor",0.088,"0.069","ok","./gepia_pdfs/gepia_pdfs_ph2/ph2__chromatin_vs_heme__H2AFZ_vs_PPOX__OV_Tumor__spearman.pdf"
"ph2","chromatin_vs_heme","H2AFZ","PPOX","PAAD_Tumor",-0.051,"0.5","ok","./gepia_pdfs/gepia_pdfs_ph2/ph2__chromatin_vs_heme__H2AFZ_vs_PPOX__PAAD_Tumor__spearman.pdf"
"ph2","chromatin_vs_heme","H2AFZ","PPOX","PCPG_Tumor",-0.00093,"0.99","ok","./gepia_pdfs/gepia_pdfs_ph2/ph2__chromatin_vs_heme__H2AFZ_vs_PPOX__PCPG_Tumor__spearman.pdf"
"ph2","chromatin_vs_heme","H2AFZ","PPOX","PRAD_Tumor",0.013,"0.77","ok","./gepia_pdfs/gepia_pdfs_ph2/ph2__chromatin_vs_heme__H2AFZ_vs_PPOX__PRAD_Tumor__spearman.pdf"
"ph2","chromatin_vs_heme","H2AFZ","PPOX","READ_Tumor",-0.03,"0.78","ok","./gepia_pdfs/gepia_pdfs_ph2/ph2__chromatin_vs_heme__H2AFZ_vs_PPOX__READ_Tumor__spearman.pdf"
"ph2","chromatin_vs_heme","H2AFZ","PPOX","SARC_Tumor",0.17,"0.0054","ok","./gepia_pdfs/gepia_pdfs_ph2/ph2__chromatin_vs_heme__H2AFZ_vs_PPOX__SARC_Tumor__spearman.pdf"
"ph2","chromatin_vs_heme","H2AFZ","PPOX","SKCM_Tumor",0.18,"9.2e-05","ok","./gepia_pdfs/gepia_pdfs_ph2/ph2__chromatin_vs_heme__H2AFZ_vs_PPOX__SKCM_Tumor__spearman.pdf"
"ph2","chromatin_vs_heme","H2AFZ","PPOX","STAD_Tumor",-0.012,"0.81","ok","./gepia_pdfs/gepia_pdfs_ph2/ph2__chromatin_vs_heme__H2AFZ_vs_PPOX__STAD_Tumor__spearman.pdf"
"ph2","chromatin_vs_heme","H2AFZ","PPOX","TGCT_Tumor",-0.24,"0.0053","ok","./gepia_pdfs/gepia_pdfs_ph2/ph2__chromatin_vs_heme__H2AFZ_vs_PPOX__TGCT_Tumor__spearman.pdf"
"ph2","chromatin_vs_heme","H2AFZ","PPOX","THCA_Tumor",-0.12,"0.0056","ok","./gepia_pdfs/gepia_pdfs_ph2/ph2__chromatin_vs_heme__H2AFZ_vs_PPOX__THCA_Tumor__spearman.pdf"
"ph2","chromatin_vs_heme","H2AFZ","PPOX","THYM_Tumor",0.036,"0.7","ok","./gepia_pdfs/gepia_pdfs_ph2/ph2__chromatin_vs_heme__H2AFZ_vs_PPOX__THYM_Tumor__spearman.pdf"
"ph2","chromatin_vs_heme","H2AFZ","PPOX","UCEC_Tumor",-0.31,"4e-05","ok","./gepia_pdfs/gepia_pdfs_ph2/ph2__chromatin_vs_heme__H2AFZ_vs_PPOX__UCEC_Tumor__spearman.pdf"
"ph2","chromatin_vs_heme","H2AFZ","PPOX","UCS_Tumor",-0.017,"0.9","ok","./gepia_pdfs/gepia_pdfs_ph2/ph2__chromatin_vs_heme__H2AFZ_vs_PPOX__UCS_Tumor__spearman.pdf"
"ph2","chromatin_vs_heme","H2AFZ","PPOX","UVM_Tumor",0.18,"0.12","ok","./gepia_pdfs/gepia_pdfs_ph2/ph2__chromatin_vs_heme__H2AFZ_vs_PPOX__UVM_Tumor__spearman.pdf"
"ph2","chromatin_vs_heme","H2AFZ","UROD","ACC_Tumor",0.23,"0.049","ok","./gepia_pdfs/gepia_pdfs_ph2/ph2__chromatin_vs_heme__H2AFZ_vs_UROD__ACC_Tumor__spearman.pdf"
"ph2","chromatin_vs_heme","H2AFZ","UROD","BLCA_Tumor",0.32,"4.8e-11","ok","./gepia_pdfs/gepia_pdfs_ph2/ph2__chromatin_vs_heme__H2AFZ_vs_UROD__BLCA_Tumor__spearman.pdf"
"ph2","chromatin_vs_heme","H2AFZ","UROD","BRCA_Tumor",-0.028,"0.36","ok","./gepia_pdfs/gepia_pdfs_ph2/ph2__chromatin_vs_heme__H2AFZ_vs_UROD__BRCA_Tumor__spearman.pdf"
"ph2","chromatin_vs_heme","H2AFZ","UROD","CESC_Tumor",0.3,"1.1e-07","ok","./gepia_pdfs/gepia_pdfs_ph2/ph2__chromatin_vs_heme__H2AFZ_vs_UROD__CESC_Tumor__spearman.pdf"
"ph2","chromatin_vs_heme","H2AFZ","UROD","CHOL_Tumor",0.069,"0.69●","ok","./gepia_pdfs/gepia_pdfs_ph2/ph2__chromatin_vs_heme__H2AFZ_vs_UROD__CHOL_Tumor__spearman.pdf"
"ph2","chromatin_vs_heme","H2AFZ","UROD","COAD_Tumor",0.19,"0.0014","ok","./gepia_pdfs/gepia_pdfs_ph2/ph2__chromatin_vs_heme__H2AFZ_vs_UROD__COAD_Tumor__spearman.pdf"
"ph2","chromatin_vs_heme","H2AFZ","UROD","DLBC_Tumor",0.07,"0.64","ok","./gepia_pdfs/gepia_pdfs_ph2/ph2__chromatin_vs_heme__H2AFZ_vs_UROD__DLBC_Tumor__spearman.pdf"
"ph2","chromatin_vs_heme","H2AFZ","UROD","ESCA_Tumor",0.38,"1.1e-07","ok","./gepia_pdfs/gepia_pdfs_ph2/ph2__chromatin_vs_heme__H2AFZ_vs_UROD__ESCA_Tumor__spearman.pdf"
"ph2","chromatin_vs_heme","H2AFZ","UROD","GBM_Tumor",0.078,"0.32","ok","./gepia_pdfs/gepia_pdfs_ph2/ph2__chromatin_vs_heme__H2AFZ_vs_UROD__GBM_Tumor__spearman.pdf"
"ph2","chromatin_vs_heme","H2AFZ","UROD","HNSC_Tumor",0.28,"1.3e-10","ok","./gepia_pdfs/gepia_pdfs_ph2/ph2__chromatin_vs_heme__H2AFZ_vs_UROD__HNSC_Tumor__spearman.pdf"
"ph2","chromatin_vs_heme","H2AFZ","UROD","KICH_Tumor",0.61,"1.2e-07","ok","./gepia_pdfs/gepia_pdfs_ph2/ph2__chromatin_vs_heme__H2AFZ_vs_UROD__KICH_Tumor__spearman.pdf"
"ph2","chromatin_vs_heme","H2AFZ","UROD","KIRC_Tumor",0.29,"1e-11","ok","./gepia_pdfs/gepia_pdfs_ph2/ph2__chromatin_vs_heme__H2AFZ_vs_UROD__KIRC_Tumor__spearman.pdf"
"ph2","chromatin_vs_heme","H2AFZ","UROD","KIRP_Tumor",0.32,"2.8e-08","ok","./gepia_pdfs/gepia_pdfs_ph2/ph2__chromatin_vs_heme__H2AFZ_vs_UROD__KIRP_Tumor__spearman.pdf"
"ph2","chromatin_vs_heme","H2AFZ","UROD","LAML_Tumor",0.085,"0.27","ok","./gepia_pdfs/gepia_pdfs_ph2/ph2__chromatin_vs_heme__H2AFZ_vs_UROD__LAML_Tumor__spearman.pdf"
"ph2","chromatin_vs_heme","H2AFZ","UROD","LGG_Tumor",0.24,"2e-08","ok","./gepia_pdfs/gepia_pdfs_ph2/ph2__chromatin_vs_heme__H2AFZ_vs_UROD__LGG_Tumor__spearman.pdf"
"ph2","chromatin_vs_heme","H2AFZ","UROD","LIHC_Tumor",0.36,"5.3e-13","ok","./gepia_pdfs/gepia_pdfs_ph2/ph2__chromatin_vs_heme__H2AFZ_vs_UROD__LIHC_Tumor__spearman.pdf"
"ph2","chromatin_vs_heme","H2AFZ","UROD","LUAD_Tumor",0.12,"0.0065","ok","./gepia_pdfs/gepia_pdfs_ph2/ph2__chromatin_vs_heme__H2AFZ_vs_UROD__LUAD_Tumor__spearman.pdf"
"ph2","chromatin_vs_heme","H2AFZ","UROD","LUSC_Tumor",0.08,"0.077","ok","./gepia_pdfs/gepia_pdfs_ph2/ph2__chromatin_vs_heme__H2AFZ_vs_UROD__LUSC_Tumor__spearman.pdf"
"ph2","chromatin_vs_heme","H2AFZ","UROD","MESO_Tumor",0.21,"0.051","ok","./gepia_pdfs/gepia_pdfs_ph2/ph2__chromatin_vs_heme__H2AFZ_vs_UROD__MESO_Tumor__spearman.pdf"
"ph2","chromatin_vs_heme","H2AFZ","UROD","OV_Tumor",0.43,"1.6e-20","ok","./gepia_pdfs/gepia_pdfs_ph2/ph2__chromatin_vs_heme__H2AFZ_vs_UROD__OV_Tumor__spearman.pdf"
"ph2","chromatin_vs_heme","H2AFZ","UROD","PAAD_Tumor",0.24,"0.00099","ok","./gepia_pdfs/gepia_pdfs_ph2/ph2__chromatin_vs_heme__H2AFZ_vs_UROD__PAAD_Tumor__spearman.pdf"
"ph2","chromatin_vs_heme","H2AFZ","UROD","PCPG_Tumor",0.22,"0.0028","ok","./gepia_pdfs/gepia_pdfs_ph2/ph2__chromatin_vs_heme__H2AFZ_vs_UROD__PCPG_Tumor__spearman.pdf"
"ph2","chromatin_vs_heme","H2AFZ","UROD","PRAD_Tumor",0.24,"7.7e-08","ok","./gepia_pdfs/gepia_pdfs_ph2/ph2__chromatin_vs_heme__H2AFZ_vs_UROD__PRAD_Tumor__spearman.pdf"
"ph2","chromatin_vs_heme","H2AFZ","UROD","READ_Tumor",0.18,"0.091","ok","./gepia_pdfs/gepia_pdfs_ph2/ph2__chromatin_vs_heme__H2AFZ_vs_UROD__READ_Tumor__spearman.pdf"
"ph2","chromatin_vs_heme","H2AFZ","UROD","SARC_Tumor",0.39,"5.7e-11","ok","./gepia_pdfs/gepia_pdfs_ph2/ph2__chromatin_vs_heme__H2AFZ_vs_UROD__SARC_Tumor__spearman.pdf"
"ph2","chromatin_vs_heme","H2AFZ","UROD","SKCM_Tumor",0.41,"1.4e-20","ok","./gepia_pdfs/gepia_pdfs_ph2/ph2__chromatin_vs_heme__H2AFZ_vs_UROD__SKCM_Tumor__spearman.pdf"
"ph2","chromatin_vs_heme","H2AFZ","UROD","STAD_Tumor",0.046,"0.35","ok","./gepia_pdfs/gepia_pdfs_ph2/ph2__chromatin_vs_heme__H2AFZ_vs_UROD__STAD_Tumor__spearman.pdf"
"ph2","chromatin_vs_heme","H2AFZ","UROD","TGCT_Tumor",0.028,"0.75","ok","./gepia_pdfs/gepia_pdfs_ph2/ph2__chromatin_vs_heme__H2AFZ_vs_UROD__TGCT_Tumor__spearman.pdf"
"ph2","chromatin_vs_heme","H2AFZ","UROD","THCA_Tumor",0.072,"0.1","ok","./gepia_pdfs/gepia_pdfs_ph2/ph2__chromatin_vs_heme__H2AFZ_vs_UROD__THCA_Tumor__spearman.pdf"
"ph2","chromatin_vs_heme","H2AFZ","UROD","THYM_Tumor",0.32,"0.00042","ok","./gepia_pdfs/gepia_pdfs_ph2/ph2__chromatin_vs_heme__H2AFZ_vs_UROD__THYM_Tumor__spearman.pdf"
"ph2","chromatin_vs_heme","H2AFZ","UROD","UCEC_Tumor",0.17,"0.024","ok","./gepia_pdfs/gepia_pdfs_ph2/ph2__chromatin_vs_heme__H2AFZ_vs_UROD__UCEC_Tumor__spearman.pdf"
"ph2","chromatin_vs_heme","H2AFZ","UROD","UCS_Tumor",0.066,"0.62","ok","./gepia_pdfs/gepia_pdfs_ph2/ph2__chromatin_vs_heme__H2AFZ_vs_UROD__UCS_Tumor__spearman.pdf"
"ph2","chromatin_vs_heme","H2AFZ","UROD","UVM_Tumor",0.051,"0.65","ok","./gepia_pdfs/gepia_pdfs_ph2/ph2__chromatin_vs_heme__H2AFZ_vs_UROD__UVM_Tumor__spearman.pdf"
"ph2","chromatin_vs_heme","H2AFZ","UROS","ACC_Tumor",0.39,"4e-04","ok","./gepia_pdfs/gepia_pdfs_ph2/ph2__chromatin_vs_heme__H2AFZ_vs_UROS__ACC_Tumor__spearman.pdf"
"ph2","chromatin_vs_heme","H2AFZ","UROS","BLCA_Tumor",0.19,"9.6e-05","ok","./gepia_pdfs/gepia_pdfs_ph2/ph2__chromatin_vs_heme__H2AFZ_vs_UROS__BLCA_Tumor__spearman.pdf"
"ph2","chromatin_vs_heme","H2AFZ","UROS","BRCA_Tumor",0.036,"0.24","ok","./gepia_pdfs/gepia_pdfs_ph2/ph2__chromatin_vs_heme__H2AFZ_vs_UROS__BRCA_Tumor__spearman.pdf"
"ph2","chromatin_vs_heme","H2AFZ","UROS","CESC_Tumor",0.21,"2e-04","ok","./gepia_pdfs/gepia_pdfs_ph2/ph2__chromatin_vs_heme__H2AFZ_vs_UROS__CESC_Tumor__spearman.pdf"
"ph2","chromatin_vs_heme","H2AFZ","UROS","CHOL_Tumor",-0.27,"0.11","ok","./gepia_pdfs/gepia_pdfs_ph2/ph2__chromatin_vs_heme__H2AFZ_vs_UROS__CHOL_Tumor__spearman.pdf"
"ph2","chromatin_vs_heme","H2AFZ","UROS","COAD_Tumor",0.29,"1.3e-06","ok","./gepia_pdfs/gepia_pdfs_ph2/ph2__chromatin_vs_heme__H2AFZ_vs_UROS__COAD_Tumor__spearman.pdf"
"ph2","chromatin_vs_heme","H2AFZ","UROS","DLBC_Tumor",-0.2,"0.17","ok","./gepia_pdfs/gepia_pdfs_ph2/ph2__chromatin_vs_heme__H2AFZ_vs_UROS__DLBC_Tumor__spearman.pdf"
"ph2","chromatin_vs_heme","H2AFZ","UROS","ESCA_Tumor",0.23,"0.0017","ok","./gepia_pdfs/gepia_pdfs_ph2/ph2__chromatin_vs_heme__H2AFZ_vs_UROS__ESCA_Tumor__spearman.pdf"
"ph2","chromatin_vs_heme","H2AFZ","UROS","GBM_Tumor",0.27,"0.00045","ok","./gepia_pdfs/gepia_pdfs_ph2/ph2__chromatin_vs_heme__H2AFZ_vs_UROS__GBM_Tumor__spearman.pdf"
"ph2","chromatin_vs_heme","H2AFZ","UROS","HNSC_Tumor",0.2,"5.7e-06","ok","./gepia_pdfs/gepia_pdfs_ph2/ph2__chromatin_vs_heme__H2AFZ_vs_UROS__HNSC_Tumor__spearman.pdf"
"ph2","chromatin_vs_heme","H2AFZ","UROS","KICH_Tumor",0.19,"0.13","ok","./gepia_pdfs/gepia_pdfs_ph2/ph2__chromatin_vs_heme__H2AFZ_vs_UROS__KICH_Tumor__spearman.pdf"
"ph2","chromatin_vs_heme","H2AFZ","UROS","KIRC_Tumor",0.16,"3e-04","ok","./gepia_pdfs/gepia_pdfs_ph2/ph2__chromatin_vs_heme__H2AFZ_vs_UROS__KIRC_Tumor__spearman.pdf"
"ph2","chromatin_vs_heme","H2AFZ","UROS","KIRP_Tumor",0.11,"0.071","ok","./gepia_pdfs/gepia_pdfs_ph2/ph2__chromatin_vs_heme__H2AFZ_vs_UROS__KIRP_Tumor__spearman.pdf"
"ph2","chromatin_vs_heme","H2AFZ","UROS","LAML_Tumor",0.33,"8.3e-06","ok","./gepia_pdfs/gepia_pdfs_ph2/ph2__chromatin_vs_heme__H2AFZ_vs_UROS__LAML_Tumor__spearman.pdf"
"ph2","chromatin_vs_heme","H2AFZ","UROS","LGG_Tumor",0.0053,"0.9","ok","./gepia_pdfs/gepia_pdfs_ph2/ph2__chromatin_vs_heme__H2AFZ_vs_UROS__LGG_Tumor__spearman.pdf"
"ph2","chromatin_vs_heme","H2AFZ","UROS","LIHC_Tumor",0.077,"0.14","ok","./gepia_pdfs/gepia_pdfs_ph2/ph2__chromatin_vs_heme__H2AFZ_vs_UROS__LIHC_Tumor__spearman.pdf"
"ph2","chromatin_vs_heme","H2AFZ","UROS","LUAD_Tumor",0.063,"0.17","ok","./gepia_pdfs/gepia_pdfs_ph2/ph2__chromatin_vs_heme__H2AFZ_vs_UROS__LUAD_Tumor__spearman.pdf"
"ph2","chromatin_vs_heme","H2AFZ","UROS","LUSC_Tumor",0.16,"0.00037","ok","./gepia_pdfs/gepia_pdfs_ph2/ph2__chromatin_vs_heme__H2AFZ_vs_UROS__LUSC_Tumor__spearman.pdf"
"ph2","chromatin_vs_heme","H2AFZ","UROS","MESO_Tumor",0.2,"0.066","ok","./gepia_pdfs/gepia_pdfs_ph2/ph2__chromatin_vs_heme__H2AFZ_vs_UROS__MESO_Tumor__spearman.pdf"
"ph2","chromatin_vs_heme","H2AFZ","UROS","OV_Tumor",0.19,"9.5e-05","ok","./gepia_pdfs/gepia_pdfs_ph2/ph2__chromatin_vs_heme__H2AFZ_vs_UROS__OV_Tumor__spearman.pdf"
"ph2","chromatin_vs_heme","H2AFZ","UROS","PAAD_Tumor",0.17,"0.024","ok","./gepia_pdfs/gepia_pdfs_ph2/ph2__chromatin_vs_heme__H2AFZ_vs_UROS__PAAD_Tumor__spearman.pdf"
"ph2","chromatin_vs_heme","H2AFZ","UROS","PCPG_Tumor",0.26,"0.00043","ok","./gepia_pdfs/gepia_pdfs_ph2/ph2__chromatin_vs_heme__H2AFZ_vs_UROS__PCPG_Tumor__spearman.pdf"
"ph2","chromatin_vs_heme","H2AFZ","UROS","PRAD_Tumor",0.067,"0.14","ok","./gepia_pdfs/gepia_pdfs_ph2/ph2__chromatin_vs_heme__H2AFZ_vs_UROS__PRAD_Tumor__spearman.pdf"
"ph2","chromatin_vs_heme","H2AFZ","UROS","READ_Tumor",0.38,"0.00017","ok","./gepia_pdfs/gepia_pdfs_ph2/ph2__chromatin_vs_heme__H2AFZ_vs_UROS__READ_Tumor__spearman.pdf"
"ph2","chromatin_vs_heme","H2AFZ","UROS","SARC_Tumor",-0.21,"0.00082","ok","./gepia_pdfs/gepia_pdfs_ph2/ph2__chromatin_vs_heme__H2AFZ_vs_UROS__SARC_Tumor__spearman.pdf"
"ph2","chromatin_vs_heme","H2AFZ","UROS","SKCM_Tumor",0.28,"5.5e-10","ok","./gepia_pdfs/gepia_pdfs_ph2/ph2__chromatin_vs_heme__H2AFZ_vs_UROS__SKCM_Tumor__spearman.pdf"
"ph2","chromatin_vs_heme","H2AFZ","UROS","STAD_Tumor",0.047,"0.34","ok","./gepia_pdfs/gepia_pdfs_ph2/ph2__chromatin_vs_heme__H2AFZ_vs_UROS__STAD_Tumor__spearman.pdf"
"ph2","chromatin_vs_heme","H2AFZ","UROS","TGCT_Tumor",0.082,"0.34","ok","./gepia_pdfs/gepia_pdfs_ph2/ph2__chromatin_vs_heme__H2AFZ_vs_UROS__TGCT_Tumor__spearman.pdf"
"ph2","chromatin_vs_heme","H2AFZ","UROS","THCA_Tumor",0.11,"0.014","ok","./gepia_pdfs/gepia_pdfs_ph2/ph2__chromatin_vs_heme__H2AFZ_vs_UROS__THCA_Tumor__spearman.pdf"
"ph2","chromatin_vs_heme","H2AFZ","UROS","THYM_Tumor",0.29,"0.0013","ok","./gepia_pdfs/gepia_pdfs_ph2/ph2__chromatin_vs_heme__H2AFZ_vs_UROS__THYM_Tumor__spearman.pdf"
"ph2","chromatin_vs_heme","H2AFZ","UROS","UCEC_Tumor",0.15,"0.045","ok","./gepia_pdfs/gepia_pdfs_ph2/ph2__chromatin_vs_heme__H2AFZ_vs_UROS__UCEC_Tumor__spearman.pdf"
"ph2","chromatin_vs_heme","H2AFZ","UROS","UCS_Tumor",0.075,"0.58","ok","./gepia_pdfs/gepia_pdfs_ph2/ph2__chromatin_vs_heme__H2AFZ_vs_UROS__UCS_Tumor__spearman.pdf"
"ph2","chromatin_vs_heme","H2AFZ","UROS","UVM_Tumor",0.11,"0.34","ok","./gepia_pdfs/gepia_pdfs_ph2/ph2__chromatin_vs_heme__H2AFZ_vs_UROS__UVM_Tumor__spearman.pdf"
"ph2","heme_consecutive","ALAD","HMBS","ACC_Tumor",0.12,"0.3","ok","./gepia_pdfs/gepia_pdfs_ph2/ph2__heme_consecutive__ALAD_vs_HMBS__ACC_Tumor__spearman.pdf"
"ph2","heme_consecutive","ALAD","HMBS","BLCA_Tumor",0.018,"0.72","ok","./gepia_pdfs/gepia_pdfs_ph2/ph2__heme_consecutive__ALAD_vs_HMBS__BLCA_Tumor__spearman.pdf"
"ph2","heme_consecutive","ALAD","HMBS","BRCA_Tumor",-0.15,"6.1e-07","ok","./gepia_pdfs/gepia_pdfs_ph2/ph2__heme_consecutive__ALAD_vs_HMBS__BRCA_Tumor__spearman.pdf"
"ph2","heme_consecutive","ALAD","HMBS","CESC_Tumor",-0.042,"0.46","ok","./gepia_pdfs/gepia_pdfs_ph2/ph2__heme_consecutive__ALAD_vs_HMBS__CESC_Tumor__spearman.pdf"
"ph2","heme_consecutive","ALAD","HMBS","CHOL_Tumor",-0.061,"0.72","ok","./gepia_pdfs/gepia_pdfs_ph2/ph2__heme_consecutive__ALAD_vs_HMBS__CHOL_Tumor__spearman.pdf"
"ph2","heme_consecutive","ALAD","HMBS","COAD_Tumor",-0.24,"4.2e-05","ok","./gepia_pdfs/gepia_pdfs_ph2/ph2__heme_consecutive__ALAD_vs_HMBS__COAD_Tumor__spearman.pdf"
"ph2","heme_consecutive","ALAD","HMBS","DLBC_Tumor",-0.19,"0.19","ok","./gepia_pdfs/gepia_pdfs_ph2/ph2__heme_consecutive__ALAD_vs_HMBS__DLBC_Tumor__spearman.pdf"
"ph2","heme_consecutive","ALAD","HMBS","ESCA_Tumor",0.025,"0.74","ok","./gepia_pdfs/gepia_pdfs_ph2/ph2__heme_consecutive__ALAD_vs_HMBS__ESCA_Tumor__spearman.pdf"
"ph2","heme_consecutive","ALAD","HMBS","GBM_Tumor",-0.14,"0.082","ok","./gepia_pdfs/gepia_pdfs_ph2/ph2__heme_consecutive__ALAD_vs_HMBS__GBM_Tumor__spearman.pdf"
"ph2","heme_consecutive","ALAD","HMBS","HNSC_Tumor",-0.063,"0.15","ok","./gepia_pdfs/gepia_pdfs_ph2/ph2__heme_consecutive__ALAD_vs_HMBS__HNSC_Tumor__spearman.pdf"
"ph2","heme_consecutive","ALAD","HMBS","KICH_Tumor",0.28,"0.025","ok","./gepia_pdfs/gepia_pdfs_ph2/ph2__heme_consecutive__ALAD_vs_HMBS__KICH_Tumor__spearman.pdf"
"ph2","heme_consecutive","ALAD","HMBS","KIRC_Tumor",0.011,"0.8","ok","./gepia_pdfs/gepia_pdfs_ph2/ph2__heme_consecutive__ALAD_vs_HMBS__KIRC_Tumor__spearman.pdf"
"ph2","heme_consecutive","ALAD","HMBS","KIRP_Tumor",0.0043,"0.94","ok","./gepia_pdfs/gepia_pdfs_ph2/ph2__heme_consecutive__ALAD_vs_HMBS__KIRP_Tumor__spearman.pdf"
"ph2","heme_consecutive","ALAD","HMBS","LAML_Tumor",0.67,"6.4e-24","ok","./gepia_pdfs/gepia_pdfs_ph2/ph2__heme_consecutive__ALAD_vs_HMBS__LAML_Tumor__spearman.pdf"
"ph2","heme_consecutive","ALAD","HMBS","LGG_Tumor",-0.2,"5.8e-06","ok","./gepia_pdfs/gepia_pdfs_ph2/ph2__heme_consecutive__ALAD_vs_HMBS__LGG_Tumor__spearman.pdf"
"ph2","heme_consecutive","ALAD","HMBS","LIHC_Tumor",-0.047,"0.37","ok","./gepia_pdfs/gepia_pdfs_ph2/ph2__heme_consecutive__ALAD_vs_HMBS__LIHC_Tumor__spearman.pdf"
"ph2","heme_consecutive","ALAD","HMBS","LUAD_Tumor",-0.14,"0.0024","ok","./gepia_pdfs/gepia_pdfs_ph2/ph2__heme_consecutive__ALAD_vs_HMBS__LUAD_Tumor__spearman.pdf"
"ph2","heme_consecutive","ALAD","HMBS","LUSC_Tumor",-0.012,"0.8","ok","./gepia_pdfs/gepia_pdfs_ph2/ph2__heme_consecutive__ALAD_vs_HMBS__LUSC_Tumor__spearman.pdf"
"ph2","heme_consecutive","ALAD","HMBS","MESO_Tumor",-0.078,"0.47","ok","./gepia_pdfs/gepia_pdfs_ph2/ph2__heme_consecutive__ALAD_vs_HMBS__MESO_Tumor__spearman.pdf"
"ph2","heme_consecutive","ALAD","HMBS","OV_Tumor",0.14,"0.0049","ok","./gepia_pdfs/gepia_pdfs_ph2/ph2__heme_consecutive__ALAD_vs_HMBS__OV_Tumor__spearman.pdf"
"ph2","heme_consecutive","ALAD","HMBS","PAAD_Tumor",-0.1,"0.17","ok","./gepia_pdfs/gepia_pdfs_ph2/ph2__heme_consecutive__ALAD_vs_HMBS__PAAD_Tumor__spearman.pdf"
"ph2","heme_consecutive","ALAD","HMBS","PCPG_Tumor",0.24,"0.0013","ok","./gepia_pdfs/gepia_pdfs_ph2/ph2__heme_consecutive__ALAD_vs_HMBS__PCPG_Tumor__spearman.pdf"
"ph2","heme_consecutive","ALAD","HMBS","PRAD_Tumor",-0.16,"0.00024","ok","./gepia_pdfs/gepia_pdfs_ph2/ph2__heme_consecutive__ALAD_vs_HMBS__PRAD_Tumor__spearman.pdf"
"ph2","heme_consecutive","ALAD","HMBS","READ_Tumor",-0.15,"0.14","ok","./gepia_pdfs/gepia_pdfs_ph2/ph2__heme_consecutive__ALAD_vs_HMBS__READ_Tumor__spearman.pdf"
"ph2","heme_consecutive","ALAD","HMBS","SARC_Tumor",-0.17,"0.0064","ok","./gepia_pdfs/gepia_pdfs_ph2/ph2__heme_consecutive__ALAD_vs_HMBS__SARC_Tumor__spearman.pdf"
"ph2","heme_consecutive","ALAD","HMBS","SKCM_Tumor",0.041,"0.38","ok","./gepia_pdfs/gepia_pdfs_ph2/ph2__heme_consecutive__ALAD_vs_HMBS__SKCM_Tumor__spearman.pdf"
"ph2","heme_consecutive","ALAD","HMBS","STAD_Tumor",-0.079,"0.11","ok","./gepia_pdfs/gepia_pdfs_ph2/ph2__heme_consecutive__ALAD_vs_HMBS__STAD_Tumor__spearman.pdf"
"ph2","heme_consecutive","ALAD","HMBS","TGCT_Tumor",0.21,"0.013","ok","./gepia_pdfs/gepia_pdfs_ph2/ph2__heme_consecutive__ALAD_vs_HMBS__TGCT_Tumor__spearman.pdf"
"ph2","heme_consecutive","ALAD","HMBS","THCA_Tumor",0.13,"0.0031","ok","./gepia_pdfs/gepia_pdfs_ph2/ph2__heme_consecutive__ALAD_vs_HMBS__THCA_Tumor__spearman.pdf"
"ph2","heme_consecutive","ALAD","HMBS","THYM_Tumor",-0.35,"0.00013","ok","./gepia_pdfs/gepia_pdfs_ph2/ph2__heme_consecutive__ALAD_vs_HMBS__THYM_Tumor__spearman.pdf"
"ph2","heme_consecutive","ALAD","HMBS","UCEC_Tumor",-0.11,"0.16","ok","./gepia_pdfs/gepia_pdfs_ph2/ph2__heme_consecutive__ALAD_vs_HMBS__UCEC_Tumor__spearman.pdf"
"ph2","heme_consecutive","ALAD","HMBS","UCS_Tumor",-0.11,"0.43","ok","./gepia_pdfs/gepia_pdfs_ph2/ph2__heme_consecutive__ALAD_vs_HMBS__UCS_Tumor__spearman.pdf"
"ph2","heme_consecutive","ALAD","HMBS","UVM_Tumor",0.31,"0.0048","ok","./gepia_pdfs/gepia_pdfs_ph2/ph2__heme_consecutive__ALAD_vs_HMBS__UVM_Tumor__spearman.pdf"
"ph2","heme_consecutive","ALAS1","ALAD","ACC_Tumor",0.4,"0.00026","ok","./gepia_pdfs/gepia_pdfs_ph2/ph2__heme_consecutive__ALAS1_vs_ALAD__ACC_Tumor__spearman.pdf"
"ph2","heme_consecutive","ALAS1","ALAD","BLCA_Tumor",0.18,"0.00038","ok","./gepia_pdfs/gepia_pdfs_ph2/ph2__heme_consecutive__ALAS1_vs_ALAD__BLCA_Tumor__spearman.pdf"
"ph2","heme_consecutive","ALAS1","ALAD","BRCA_Tumor",0.16,"6e-08","ok","./gepia_pdfs/gepia_pdfs_ph2/ph2__heme_consecutive__ALAS1_vs_ALAD__BRCA_Tumor__spearman.pdf"
"ph2","heme_consecutive","ALAS1","ALAD","CESC_Tumor",0.16,"0.0042","ok","./gepia_pdfs/gepia_pdfs_ph2/ph2__heme_consecutive__ALAS1_vs_ALAD__CESC_Tumor__spearman.pdf"
"ph2","heme_consecutive","ALAS1","ALAD","CHOL_Tumor",0.12,"0.49","ok","./gepia_pdfs/gepia_pdfs_ph2/ph2__heme_consecutive__ALAS1_vs_ALAD__CHOL_Tumor__spearman.pdf"
"ph2","heme_consecutive","ALAS1","ALAD","COAD_Tumor",0.0049,"0.94","ok","./gepia_pdfs/gepia_pdfs_ph2/ph2__heme_consecutive__ALAS1_vs_ALAD__COAD_Tumor__spearman.pdf"
"ph2","heme_consecutive","ALAS1","ALAD","DLBC_Tumor",0.32,"0.031","ok","./gepia_pdfs/gepia_pdfs_ph2/ph2__heme_consecutive__ALAS1_vs_ALAD__DLBC_Tumor__spearman.pdf"
"ph2","heme_consecutive","ALAS1","ALAD","ESCA_Tumor",0.24,"0.0014","ok","./gepia_pdfs/gepia_pdfs_ph2/ph2__heme_consecutive__ALAS1_vs_ALAD__ESCA_Tumor__spearman.pdf"
"ph2","heme_consecutive","ALAS1","ALAD","GBM_Tumor",0.41,"7.4e-08","ok","./gepia_pdfs/gepia_pdfs_ph2/ph2__heme_consecutive__ALAS1_vs_ALAD__GBM_Tumor__spearman.pdf"
"ph2","heme_consecutive","ALAS1","ALAD","HNSC_Tumor",0.15,"0.00066","ok","./gepia_pdfs/gepia_pdfs_ph2/ph2__heme_consecutive__ALAS1_vs_ALAD__HNSC_Tumor__spearman.pdf"
"ph2","heme_consecutive","ALAS1","ALAD","KICH_Tumor",0.51,"1.3e-05","ok","./gepia_pdfs/gepia_pdfs_ph2/ph2__heme_consecutive__ALAS1_vs_ALAD__KICH_Tumor__spearman.pdf"
"ph2","heme_consecutive","ALAS1","ALAD","KIRC_Tumor",0.43,"1.3e-24","ok","./gepia_pdfs/gepia_pdfs_ph2/ph2__heme_consecutive__ALAS1_vs_ALAD__KIRC_Tumor__spearman.pdf"
"ph2","heme_consecutive","ALAS1","ALAD","KIRP_Tumor",0.37,"1.4e-10","ok","./gepia_pdfs/gepia_pdfs_ph2/ph2__heme_consecutive__ALAS1_vs_ALAD__KIRP_Tumor__spearman.pdf"
"ph2","heme_consecutive","ALAS1","ALAD","LAML_Tumor",0.24,"0.0014","ok","./gepia_pdfs/gepia_pdfs_ph2/ph2__heme_consecutive__ALAS1_vs_ALAD__LAML_Tumor__spearman.pdf"
"ph2","heme_consecutive","ALAS1","ALAD","LGG_Tumor",0.12,"0.0048","ok","./gepia_pdfs/gepia_pdfs_ph2/ph2__heme_consecutive__ALAS1_vs_ALAD__LGG_Tumor__spearman.pdf"
"ph2","heme_consecutive","ALAS1","ALAD","LIHC_Tumor",0.41,"8.9e-17","ok","./gepia_pdfs/gepia_pdfs_ph2/ph2__heme_consecutive__ALAS1_vs_ALAD__LIHC_Tumor__spearman.pdf"
"ph2","heme_consecutive","ALAS1","ALAD","LUAD_Tumor",0.26,"7.2e-09","ok","./gepia_pdfs/gepia_pdfs_ph2/ph2__heme_consecutive__ALAS1_vs_ALAD__LUAD_Tumor__spearman.pdf"
"ph2","heme_consecutive","ALAS1","ALAD","LUSC_Tumor",0.27,"1.2e-09","ok","./gepia_pdfs/gepia_pdfs_ph2/ph2__heme_consecutive__ALAS1_vs_ALAD__LUSC_Tumor__spearman.pdf"
"ph2","heme_consecutive","ALAS1","ALAD","MESO_Tumor",0.12,"0.26","ok","./gepia_pdfs/gepia_pdfs_ph2/ph2__heme_consecutive__ALAS1_vs_ALAD__MESO_Tumor__spearman.pdf"
"ph2","heme_consecutive","ALAS1","ALAD","OV_Tumor",0.33,"3.8e-12","ok","./gepia_pdfs/gepia_pdfs_ph2/ph2__heme_consecutive__ALAS1_vs_ALAD__OV_Tumor__spearman.pdf"
"ph2","heme_consecutive","ALAS1","ALAD","PAAD_Tumor",0.36,"5.4e-07","ok","./gepia_pdfs/gepia_pdfs_ph2/ph2__heme_consecutive__ALAS1_vs_ALAD__PAAD_Tumor__spearman.pdf"
"ph2","heme_consecutive","ALAS1","ALAD","PCPG_Tumor",0.4,"3.4e-08","ok","./gepia_pdfs/gepia_pdfs_ph2/ph2__heme_consecutive__ALAS1_vs_ALAD__PCPG_Tumor__spearman.pdf"
"ph2","heme_consecutive","ALAS1","ALAD","PRAD_Tumor",0.32,"1.6e-13","ok","./gepia_pdfs/gepia_pdfs_ph2/ph2__heme_consecutive__ALAS1_vs_ALAD__PRAD_Tumor__spearman.pdf"
"ph2","heme_consecutive","ALAS1","ALAD","READ_Tumor",0.075,"0.48","ok","./gepia_pdfs/gepia_pdfs_ph2/ph2__heme_consecutive__ALAS1_vs_ALAD__READ_Tumor__spearman.pdf"
"ph2","heme_consecutive","ALAS1","ALAD","SARC_Tumor",0.18,"0.0033","ok","./gepia_pdfs/gepia_pdfs_ph2/ph2__heme_consecutive__ALAS1_vs_ALAD__SARC_Tumor__spearman.pdf"
"ph2","heme_consecutive","ALAS1","ALAD","SKCM_Tumor",0.12,"0.013","ok","./gepia_pdfs/gepia_pdfs_ph2/ph2__heme_consecutive__ALAS1_vs_ALAD__SKCM_Tumor__spearman.pdf"
"ph2","heme_consecutive","ALAS1","ALAD","STAD_Tumor",-0.0077,"0.88","ok","./gepia_pdfs/gepia_pdfs_ph2/ph2__heme_consecutive__ALAS1_vs_ALAD__STAD_Tumor__spearman.pdf"
"ph2","heme_consecutive","ALAS1","ALAD","TGCT_Tumor",0.36,"1.9e-05","ok","./gepia_pdfs/gepia_pdfs_ph2/ph2__heme_consecutive__ALAS1_vs_ALAD__TGCT_Tumor__spearman.pdf"
"ph2","heme_consecutive","ALAS1","ALAD","THCA_Tumor",0.25,"5.1e-09","ok","./gepia_pdfs/gepia_pdfs_ph2/ph2__heme_consecutive__ALAS1_vs_ALAD__THCA_Tumor__spearman.pdf"
"ph2","heme_consecutive","ALAS1","ALAD","THYM_Tumor",0.28,"0.002","ok","./gepia_pdfs/gepia_pdfs_ph2/ph2__heme_consecutive__ALAS1_vs_ALAD__THYM_Tumor__spearman.pdf"
"ph2","heme_consecutive","ALAS1","ALAD","UCEC_Tumor",0.31,"3.1e-05","ok","./gepia_pdfs/gepia_pdfs_ph2/ph2__heme_consecutive__ALAS1_vs_ALAD__UCEC_Tumor__spearman.pdf"
"ph2","heme_consecutive","ALAS1","ALAD","UCS_Tumor",0.33,"0.013","ok","./gepia_pdfs/gepia_pdfs_ph2/ph2__heme_consecutive__ALAS1_vs_ALAD__UCS_Tumor__spearman.pdf"
"ph2","heme_consecutive","ALAS1","ALAD","UVM_Tumor",0.48,"6.6e-06","ok","./gepia_pdfs/gepia_pdfs_ph2/ph2__heme_consecutive__ALAS1_vs_ALAD__UVM_Tumor__spearman.pdf"
"ph2","heme_consecutive","CPOX","PPOX","ACC_Tumor",0.28,"0.014","ok","./gepia_pdfs/gepia_pdfs_ph2/ph2__heme_consecutive__CPOX_vs_PPOX__ACC_Tumor__spearman.pdf"
"ph2","heme_consecutive","CPOX","PPOX","BLCA_Tumor",-0.14,"0.0059","ok","./gepia_pdfs/gepia_pdfs_ph2/ph2__heme_consecutive__CPOX_vs_PPOX__BLCA_Tumor__spearman.pdf"
"ph2","heme_consecutive","CPOX","PPOX","BRCA_Tumor",0.058,"0.058","ok","./gepia_pdfs/gepia_pdfs_ph2/ph2__heme_consecutive__CPOX_vs_PPOX__BRCA_Tumor__spearman.pdf"
"ph2","heme_consecutive","CPOX","PPOX","CESC_Tumor",-0.13,"0.026","ok","./gepia_pdfs/gepia_pdfs_ph2/ph2__heme_consecutive__CPOX_vs_PPOX__CESC_Tumor__spearman.pdf"
"ph2","heme_consecutive","CPOX","PPOX","CHOL_Tumor",-0.34,"0.043","ok","./gepia_pdfs/gepia_pdfs_ph2/ph2__heme_consecutive__CPOX_vs_PPOX__CHOL_Tumor__spearman.pdf"
"ph2","heme_consecutive","CPOX","PPOX","COAD_Tumor",-0.027,"0.65","ok","./gepia_pdfs/gepia_pdfs_ph2/ph2__heme_consecutive__CPOX_vs_PPOX__COAD_Tumor__spearman.pdf"
"ph2","heme_consecutive","CPOX","PPOX","DLBC_Tumor",0.1,"0.51","ok","./gepia_pdfs/gepia_pdfs_ph2/ph2__heme_consecutive__CPOX_vs_PPOX__DLBC_Tumor__spearman.pdf"
"ph2","heme_consecutive","CPOX","PPOX","ESCA_Tumor",0.12,"0.11","ok","./gepia_pdfs/gepia_pdfs_ph2/ph2__heme_consecutive__CPOX_vs_PPOX__ESCA_Tumor__spearman.pdf"
"ph2","heme_consecutive","CPOX","PPOX","GBM_Tumor",0.077,"0.33","ok","./gepia_pdfs/gepia_pdfs_ph2/ph2__heme_consecutive__CPOX_vs_PPOX__GBM_Tumor__spearman.pdf"
"ph2","heme_consecutive","CPOX","PPOX","HNSC_Tumor",0.21,"1.5e-06","ok","./gepia_pdfs/gepia_pdfs_ph2/ph2__heme_consecutive__CPOX_vs_PPOX__HNSC_Tumor__spearman.pdf"
"ph2","heme_consecutive","CPOX","PPOX","KICH_Tumor",0.021,"0.87","ok","./gepia_pdfs/gepia_pdfs_ph2/ph2__heme_consecutive__CPOX_vs_PPOX__KICH_Tumor__spearman.pdf"
"ph2","heme_consecutive","CPOX","PPOX","KIRC_Tumor",0.13,"0.0022","ok","./gepia_pdfs/gepia_pdfs_ph2/ph2__heme_consecutive__CPOX_vs_PPOX__KIRC_Tumor__spearman.pdf"
"ph2","heme_consecutive","CPOX","PPOX","KIRP_Tumor",0.13,"0.03","ok","./gepia_pdfs/gepia_pdfs_ph2/ph2__heme_consecutive__CPOX_vs_PPOX__KIRP_Tumor__spearman.pdf"
"ph2","heme_consecutive","CPOX","PPOX","LAML_Tumor",0.5,"3.7e-12","ok","./gepia_pdfs/gepia_pdfs_ph2/ph2__heme_consecutive__CPOX_vs_PPOX__LAML_Tumor__spearman.pdf"
"ph2","heme_consecutive","CPOX","PPOX","LGG_Tumor",0.19,"1.5e-05","ok","./gepia_pdfs/gepia_pdfs_ph2/ph2__heme_consecutive__CPOX_vs_PPOX__LGG_Tumor__spearman.pdf"
"ph2","heme_consecutive","CPOX","PPOX","LIHC_Tumor",0.0052,"0.92","ok","./gepia_pdfs/gepia_pdfs_ph2/ph2__heme_consecutive__CPOX_vs_PPOX__LIHC_Tumor__spearman.pdf"
"ph2","heme_consecutive","CPOX","PPOX","LUAD_Tumor",0.12,"0.0096","ok","./gepia_pdfs/gepia_pdfs_ph2/ph2__heme_consecutive__CPOX_vs_PPOX__LUAD_Tumor__spearman.pdf"
"ph2","heme_consecutive","CPOX","PPOX","LUSC_Tumor",0.19,"3.2e-05","ok","./gepia_pdfs/gepia_pdfs_ph2/ph2__heme_consecutive__CPOX_vs_PPOX__LUSC_Tumor__spearman.pdf"
"ph2","heme_consecutive","CPOX","PPOX","MESO_Tumor",-0.0069,"0.95","ok","./gepia_pdfs/gepia_pdfs_ph2/ph2__heme_consecutive__CPOX_vs_PPOX__MESO_Tumor__spearman.pdf"
"ph2","heme_consecutive","CPOX","PPOX","OV_Tumor",0.36,"1.3e-14","ok","./gepia_pdfs/gepia_pdfs_ph2/ph2__heme_consecutive__CPOX_vs_PPOX__OV_Tumor__spearman.pdf"
"ph2","heme_consecutive","CPOX","PPOX","PAAD_Tumor",0.12,"0.1","ok","./gepia_pdfs/gepia_pdfs_ph2/ph2__heme_consecutive__CPOX_vs_PPOX__PAAD_Tumor__spearman.pdf"
"ph2","heme_consecutive","CPOX","PPOX","PCPG_Tumor",-0.27,"0.00018","ok","./gepia_pdfs/gepia_pdfs_ph2/ph2__heme_consecutive__CPOX_vs_PPOX__PCPG_Tumor__spearman.pdf"
"ph2","heme_consecutive","CPOX","PPOX","PRAD_Tumor",0.0031,"0.94","ok","./gepia_pdfs/gepia_pdfs_ph2/ph2__heme_consecutive__CPOX_vs_PPOX__PRAD_Tumor__spearman.pdf"
"ph2","heme_consecutive","CPOX","PPOX","READ_Tumor",-0.11,"0.31","ok","./gepia_pdfs/gepia_pdfs_ph2/ph2__heme_consecutive__CPOX_vs_PPOX__READ_Tumor__spearman.pdf"
"ph2","heme_consecutive","CPOX","PPOX","SARC_Tumor",0.14,"0.019","ok","./gepia_pdfs/gepia_pdfs_ph2/ph2__heme_consecutive__CPOX_vs_PPOX__SARC_Tumor__spearman.pdf"
"ph2","heme_consecutive","CPOX","PPOX","SKCM_Tumor",0.22,"2.1e-06","ok","./gepia_pdfs/gepia_pdfs_ph2/ph2__heme_consecutive__CPOX_vs_PPOX__SKCM_Tumor__spearman.pdf"
"ph2","heme_consecutive","CPOX","PPOX","STAD_Tumor",0.19,"0.00017","ok","./gepia_pdfs/gepia_pdfs_ph2/ph2__heme_consecutive__CPOX_vs_PPOX__STAD_Tumor__spearman.pdf"
"ph2","heme_consecutive","CPOX","PPOX","TGCT_Tumor",-0.082,"0.34","ok","./gepia_pdfs/gepia_pdfs_ph2/ph2__heme_consecutive__CPOX_vs_PPOX__TGCT_Tumor__spearman.pdf"
"ph2","heme_consecutive","CPOX","PPOX","THCA_Tumor",0.27,"4.6e-10","ok","./gepia_pdfs/gepia_pdfs_ph2/ph2__heme_consecutive__CPOX_vs_PPOX__THCA_Tumor__spearman.pdf"
"ph2","heme_consecutive","CPOX","PPOX","THYM_Tumor",-0.45,"3.6e-07","ok","./gepia_pdfs/gepia_pdfs_ph2/ph2__heme_consecutive__CPOX_vs_PPOX__THYM_Tumor__spearman.pdf"
"ph2","heme_consecutive","CPOX","PPOX","UCEC_Tumor",-0.23,"0.0022","ok","./gepia_pdfs/gepia_pdfs_ph2/ph2__heme_consecutive__CPOX_vs_PPOX__UCEC_Tumor__spearman.pdf"
"ph2","heme_consecutive","CPOX","PPOX","UCS_Tumor",0.011,"0.93","ok","./gepia_pdfs/gepia_pdfs_ph2/ph2__heme_consecutive__CPOX_vs_PPOX__UCS_Tumor__spearman.pdf"
"ph2","heme_consecutive","CPOX","PPOX","UVM_Tumor",0.35,"0.0016","ok","./gepia_pdfs/gepia_pdfs_ph2/ph2__heme_consecutive__CPOX_vs_PPOX__UVM_Tumor__spearman.pdf"
"ph2","heme_consecutive","HMBS","UROS","ACC_Tumor",0.67,"2.3e-11","ok","./gepia_pdfs/gepia_pdfs_ph2/ph2__heme_consecutive__HMBS_vs_UROS__ACC_Tumor__spearman.pdf"
"ph2","heme_consecutive","HMBS","UROS","BLCA_Tumor",0.34,"1.3e-12","ok","./gepia_pdfs/gepia_pdfs_ph2/ph2__heme_consecutive__HMBS_vs_UROS__BLCA_Tumor__spearman.pdf"
"ph2","heme_consecutive","HMBS","UROS","BRCA_Tumor",0.11,"0.00049","ok","./gepia_pdfs/gepia_pdfs_ph2/ph2__heme_consecutive__HMBS_vs_UROS__BRCA_Tumor__spearman.pdf"
"ph2","heme_consecutive","HMBS","UROS","CESC_Tumor",0.24,"3e-05","ok","./gepia_pdfs/gepia_pdfs_ph2/ph2__heme_consecutive__HMBS_vs_UROS__CESC_Tumor__spearman.pdf"
"ph2","heme_consecutive","HMBS","UROS","CHOL_Tumor",0.3,"0.073","ok","./gepia_pdfs/gepia_pdfs_ph2/ph2__heme_consecutive__HMBS_vs_UROS__CHOL_Tumor__spearman.pdf"
"ph2","heme_consecutive","HMBS","UROS","COAD_Tumor",0.31,"1.4e-07","ok","./gepia_pdfs/gepia_pdfs_ph2/ph2__heme_consecutive__HMBS_vs_UROS__COAD_Tumor__spearman.pdf"
"ph2","heme_consecutive","HMBS","UROS","DLBC_Tumor",0.24,"0.11","ok","./gepia_pdfs/gepia_pdfs_ph2/ph2__heme_consecutive__HMBS_vs_UROS__DLBC_Tumor__spearman.pdf"
"ph2","heme_consecutive","HMBS","UROS","ESCA_Tumor",0.48,"7.7e-12","ok","./gepia_pdfs/gepia_pdfs_ph2/ph2__heme_consecutive__HMBS_vs_UROS__ESCA_Tumor__spearman.pdf"
"ph2","heme_consecutive","HMBS","UROS","GBM_Tumor",0.13,"0.087","ok","./gepia_pdfs/gepia_pdfs_ph2/ph2__heme_consecutive__HMBS_vs_UROS__GBM_Tumor__spearman.pdf"
"ph2","heme_consecutive","HMBS","UROS","HNSC_Tumor",0.22,"4.5e-07","ok","./gepia_pdfs/gepia_pdfs_ph2/ph2__heme_consecutive__HMBS_vs_UROS__HNSC_Tumor__spearman.pdf"
"ph2","heme_consecutive","HMBS","UROS","KICH_Tumor",0.44,"0.00021","ok","./gepia_pdfs/gepia_pdfs_ph2/ph2__heme_consecutive__HMBS_vs_UROS__KICH_Tumor__spearman.pdf"
"ph2","heme_consecutive","HMBS","UROS","KIRC_Tumor",0.44,"1.6e-26","ok","./gepia_pdfs/gepia_pdfs_ph2/ph2__heme_consecutive__HMBS_vs_UROS__KIRC_Tumor__spearman.pdf"
"ph2","heme_consecutive","HMBS","UROS","KIRP_Tumor",0.3,"2.1e-07","ok","./gepia_pdfs/gepia_pdfs_ph2/ph2__heme_consecutive__HMBS_vs_UROS__KIRP_Tumor__spearman.pdf"
"ph2","heme_consecutive","HMBS","UROS","LAML_Tumor",0.62,"1e-19","ok","./gepia_pdfs/gepia_pdfs_ph2/ph2__heme_consecutive__HMBS_vs_UROS__LAML_Tumor__spearman.pdf"
"ph2","heme_consecutive","HMBS","UROS","LGG_Tumor",0.054,"0.22","ok","./gepia_pdfs/gepia_pdfs_ph2/ph2__heme_consecutive__HMBS_vs_UROS__LGG_Tumor__spearman.pdf"
"ph2","heme_consecutive","HMBS","UROS","LIHC_Tumor",0.24,"3.8e-06","ok","./gepia_pdfs/gepia_pdfs_ph2/ph2__heme_consecutive__HMBS_vs_UROS__LIHC_Tumor__spearman.pdf"
"ph2","heme_consecutive","HMBS","UROS","LUAD_Tumor",0.25,"4.2e-08","ok","./gepia_pdfs/gepia_pdfs_ph2/ph2__heme_consecutive__HMBS_vs_UROS__LUAD_Tumor__spearman.pdf"
"ph2","heme_consecutive","HMBS","UROS","LUSC_Tumor",0.24,"6.8e-08","ok","./gepia_pdfs/gepia_pdfs_ph2/ph2__heme_consecutive__HMBS_vs_UROS__LUSC_Tumor__spearman.pdf"
"ph2","heme_consecutive","HMBS","UROS","MESO_Tumor",0.13,"0.21","ok","./gepia_pdfs/gepia_pdfs_ph2/ph2__heme_consecutive__HMBS_vs_UROS__MESO_Tumor__spearman.pdf"
"ph2","heme_consecutive","HMBS","UROS","OV_Tumor",0.23,"1.7e-06","ok","./gepia_pdfs/gepia_pdfs_ph2/ph2__heme_consecutive__HMBS_vs_UROS__OV_Tumor__spearman.pdf"
"ph2","heme_consecutive","HMBS","UROS","PAAD_Tumor",0.3,"5.5e-05","ok","./gepia_pdfs/gepia_pdfs_ph2/ph2__heme_consecutive__HMBS_vs_UROS__PAAD_Tumor__spearman.pdf"
"ph2","heme_consecutive","HMBS","UROS","PCPG_Tumor",0.46,"3.9e-11","ok","./gepia_pdfs/gepia_pdfs_ph2/ph2__heme_consecutive__HMBS_vs_UROS__PCPG_Tumor__spearman.pdf"
"ph2","heme_consecutive","HMBS","UROS","PRAD_Tumor",0.31,"4.2e-12","ok","./gepia_pdfs/gepia_pdfs_ph2/ph2__heme_consecutive__HMBS_vs_UROS__PRAD_Tumor__spearman.pdf"
"ph2","heme_consecutive","HMBS","UROS","READ_Tumor",0.47,"2.1e-06","ok","./gepia_pdfs/gepia_pdfs_ph2/ph2__heme_consecutive__HMBS_vs_UROS__READ_Tumor__spearman.pdf"
"ph2","heme_consecutive","HMBS","UROS","SARC_Tumor",0.29,"1.6e-06","ok","./gepia_pdfs/gepia_pdfs_ph2/ph2__heme_consecutive__HMBS_vs_UROS__SARC_Tumor__spearman.pdf"
"ph2","heme_consecutive","HMBS","UROS","SKCM_Tumor",0.099,"0.034","ok","./gepia_pdfs/gepia_pdfs_ph2/ph2__heme_consecutive__HMBS_vs_UROS__SKCM_Tumor__spearman.pdf"
"ph2","heme_consecutive","HMBS","UROS","STAD_Tumor",0.2,"4.1e-05","ok","./gepia_pdfs/gepia_pdfs_ph2/ph2__heme_consecutive__HMBS_vs_UROS__STAD_Tumor__spearman.pdf"
"ph2","heme_consecutive","HMBS","UROS","TGCT_Tumor",0.1,"0.24","ok","./gepia_pdfs/gepia_pdfs_ph2/ph2__heme_consecutive__HMBS_vs_UROS__TGCT_Tumor__spearman.pdf"
"ph2","heme_consecutive","HMBS","UROS","THCA_Tumor",0.52,"3.4e-36","ok","./gepia_pdfs/gepia_pdfs_ph2/ph2__heme_consecutive__HMBS_vs_UROS__THCA_Tumor__spearman.pdf"
"ph2","heme_consecutive","HMBS","UROS","THYM_Tumor",0.45,"3.2e-07","ok","./gepia_pdfs/gepia_pdfs_ph2/ph2__heme_consecutive__HMBS_vs_UROS__THYM_Tumor__spearman.pdf"
"ph2","heme_consecutive","HMBS","UROS","UCEC_Tumor",0.34,"4.1e-06","ok","./gepia_pdfs/gepia_pdfs_ph2/ph2__heme_consecutive__HMBS_vs_UROS__UCEC_Tumor__spearman.pdf"
"ph2","heme_consecutive","HMBS","UROS","UCS_Tumor",-0.0076,"0.96","ok","./gepia_pdfs/gepia_pdfs_ph2/ph2__heme_consecutive__HMBS_vs_UROS__UCS_Tumor__spearman.pdf"
"ph2","heme_consecutive","HMBS","UROS","UVM_Tumor",0.67,"1.4e-11","ok","./gepia_pdfs/gepia_pdfs_ph2/ph2__heme_consecutive__HMBS_vs_UROS__UVM_Tumor__spearman.pdf"
"ph2","heme_consecutive","PPOX","FECH","ACC_Tumor",0.24,"0.036","ok","./gepia_pdfs/gepia_pdfs_ph2/ph2__heme_consecutive__PPOX_vs_FECH__ACC_Tumor__spearman.pdf"
"ph2","heme_consecutive","PPOX","FECH","BLCA_Tumor",-0.22,"6.8e-06","ok","./gepia_pdfs/gepia_pdfs_ph2/ph2__heme_consecutive__PPOX_vs_FECH__BLCA_Tumor__spearman.pdf"
"ph2","heme_consecutive","PPOX","FECH","BRCA_Tumor",-0.055,"0.07","ok","./gepia_pdfs/gepia_pdfs_ph2/ph2__heme_consecutive__PPOX_vs_FECH__BRCA_Tumor__spearman.pdf"
"ph2","heme_consecutive","PPOX","FECH","CESC_Tumor",-0.034,"0.55","ok","./gepia_pdfs/gepia_pdfs_ph2/ph2__heme_consecutive__PPOX_vs_FECH__CESC_Tumor__spearman.pdf"
"ph2","heme_consecutive","PPOX","FECH","CHOL_Tumor",0.13,"0.46","ok","./gepia_pdfs/gepia_pdfs_ph2/ph2__heme_consecutive__PPOX_vs_FECH__CHOL_Tumor__spearman.pdf"
"ph2","heme_consecutive","PPOX","FECH","COAD_Tumor",-0.21,"0.00042","ok","./gepia_pdfs/gepia_pdfs_ph2/ph2__heme_consecutive__PPOX_vs_FECH__COAD_Tumor__spearman.pdf"
"ph2","heme_consecutive","PPOX","FECH","DLBC_Tumor",0.15,"0.33","ok","./gepia_pdfs/gepia_pdfs_ph2/ph2__heme_consecutive__PPOX_vs_FECH__DLBC_Tumor__spearman.pdf"
"ph2","heme_consecutive","PPOX","FECH","ESCA_Tumor",0.25,"0.00061","ok","./gepia_pdfs/gepia_pdfs_ph2/ph2__heme_consecutive__PPOX_vs_FECH__ESCA_Tumor__spearman.pdf"
"ph2","heme_consecutive","PPOX","FECH","GBM_Tumor",0.16,"0.045","ok","./gepia_pdfs/gepia_pdfs_ph2/ph2__heme_consecutive__PPOX_vs_FECH__GBM_Tumor__spearman.pdf"
"ph2","heme_consecutive","PPOX","FECH","HNSC_Tumor",0.069,"0.12","ok","./gepia_pdfs/gepia_pdfs_ph2/ph2__heme_consecutive__PPOX_vs_FECH__HNSC_Tumor__spearman.pdf"
"ph2","heme_consecutive","PPOX","FECH","KICH_Tumor",0.12,"0.35","ok","./gepia_pdfs/gepia_pdfs_ph2/ph2__heme_consecutive__PPOX_vs_FECH__KICH_Tumor__spearman.pdf"
"ph2","heme_consecutive","PPOX","FECH","KIRC_Tumor",-0.12,"0.0057","ok","./gepia_pdfs/gepia_pdfs_ph2/ph2__heme_consecutive__PPOX_vs_FECH__KIRC_Tumor__spearman.pdf"
"ph2","heme_consecutive","PPOX","FECH","KIRP_Tumor",-0.35,"1.9e-09","ok","./gepia_pdfs/gepia_pdfs_ph2/ph2__heme_consecutive__PPOX_vs_FECH__KIRP_Tumor__spearman.pdf"
"ph2","heme_consecutive","PPOX","FECH","LAML_Tumor",0.54,"1.3e-14","ok","./gepia_pdfs/gepia_pdfs_ph2/ph2__heme_consecutive__PPOX_vs_FECH__LAML_Tumor__spearman.pdf"
"ph2","heme_consecutive","PPOX","FECH","LGG_Tumor",-0.062,"0.16","ok","./gepia_pdfs/gepia_pdfs_ph2/ph2__heme_consecutive__PPOX_vs_FECH__LGG_Tumor__spearman.pdf"
"ph2","heme_consecutive","PPOX","FECH","LIHC_Tumor",-0.14,"0.0088","ok","./gepia_pdfs/gepia_pdfs_ph2/ph2__heme_consecutive__PPOX_vs_FECH__LIHC_Tumor__spearman.pdf"
"ph2","heme_consecutive","PPOX","FECH","LUAD_Tumor",-0.059,"0.2","ok","./gepia_pdfs/gepia_pdfs_ph2/ph2__heme_consecutive__PPOX_vs_FECH__LUAD_Tumor__spearman.pdf"
"ph2","heme_consecutive","PPOX","FECH","LUSC_Tumor",0.086,"0.058","ok","./gepia_pdfs/gepia_pdfs_ph2/ph2__heme_consecutive__PPOX_vs_FECH__LUSC_Tumor__spearman.pdf"
"ph2","heme_consecutive","PPOX","FECH","MESO_Tumor",-0.04,"0.71","ok","./gepia_pdfs/gepia_pdfs_ph2/ph2__heme_consecutive__PPOX_vs_FECH__MESO_Tumor__spearman.pdf"
"ph2","heme_consecutive","PPOX","FECH","OV_Tumor",0.1,"0.035","ok","./gepia_pdfs/gepia_pdfs_ph2/ph2__heme_consecutive__PPOX_vs_FECH__OV_Tumor__spearman.pdf"
"ph2","heme_consecutive","PPOX","FECH","PAAD_Tumor",-0.28,"0.00011","ok","./gepia_pdfs/gepia_pdfs_ph2/ph2__heme_consecutive__PPOX_vs_FECH__PAAD_Tumor__spearman.pdf"
"ph2","heme_consecutive","PPOX","FECH","PCPG_Tumor",-0.21,"0.0052","ok","./gepia_pdfs/gepia_pdfs_ph2/ph2__heme_consecutive__PPOX_vs_FECH__PCPG_Tumor__spearman.pdf"
"ph2","heme_consecutive","PPOX","FECH","PRAD_Tumor",-0.25,"2.4e-08","ok","./gepia_pdfs/gepia_pdfs_ph2/ph2__heme_consecutive__PPOX_vs_FECH__PRAD_Tumor__spearman.pdf"
"ph2","heme_consecutive","PPOX","FECH","READ_Tumor",-0.24,"0.02","ok","./gepia_pdfs/gepia_pdfs_ph2/ph2__heme_consecutive__PPOX_vs_FECH__READ_Tumor__spearman.pdf"
"ph2","heme_consecutive","PPOX","FECH","SARC_Tumor",0.14,"0.024","ok","./gepia_pdfs/gepia_pdfs_ph2/ph2__heme_consecutive__PPOX_vs_FECH__SARC_Tumor__spearman.pdf"
"ph2","heme_consecutive","PPOX","FECH","SKCM_Tumor",0.11,"0.02","ok","./gepia_pdfs/gepia_pdfs_ph2/ph2__heme_consecutive__PPOX_vs_FECH__SKCM_Tumor__spearman.pdf"
"ph2","heme_consecutive","PPOX","FECH","STAD_Tumor",-0.01,"0.84","ok","./gepia_pdfs/gepia_pdfs_ph2/ph2__heme_consecutive__PPOX_vs_FECH__STAD_Tumor__spearman.pdf"
"ph2","heme_consecutive","PPOX","FECH","TGCT_Tumor",-0.095,"0.27","ok","./gepia_pdfs/gepia_pdfs_ph2/ph2__heme_consecutive__PPOX_vs_FECH__TGCT_Tumor__spearman.pdf"
"ph2","heme_consecutive","PPOX","FECH","THCA_Tumor",-0.11,"0.016","ok","./gepia_pdfs/gepia_pdfs_ph2/ph2__heme_consecutive__PPOX_vs_FECH__THCA_Tumor__spearman.pdf"
"ph2","heme_consecutive","PPOX","FECH","THYM_Tumor",-0.46,"1.6e-07","ok","./gepia_pdfs/gepia_pdfs_ph2/ph2__heme_consecutive__PPOX_vs_FECH__THYM_Tumor__spearman.pdf"
"ph2","heme_consecutive","PPOX","FECH","UCEC_Tumor",-0.14,"0.068","ok","./gepia_pdfs/gepia_pdfs_ph2/ph2__heme_consecutive__PPOX_vs_FECH__UCEC_Tumor__spearman.pdf"
"ph2","heme_consecutive","PPOX","FECH","UCS_Tumor",0.048,"0.72","ok","./gepia_pdfs/gepia_pdfs_ph2/ph2__heme_consecutive__PPOX_vs_FECH__UCS_Tumor__spearman.pdf"
"ph2","heme_consecutive","PPOX","FECH","UVM_Tumor",0.39,"0.00033","ok","./gepia_pdfs/gepia_pdfs_ph2/ph2__heme_consecutive__PPOX_vs_FECH__UVM_Tumor__spearman.pdf"
"ph2","heme_consecutive","UROD","CPOX","ACC_Tumor",0.27,"0.019","ok","./gepia_pdfs/gepia_pdfs_ph2/ph2__heme_consecutive__UROD_vs_CPOX__ACC_Tumor__spearman.pdf"
"ph2","heme_consecutive","UROD","CPOX","BLCA_Tumor",0.18,"0.00021","ok","./gepia_pdfs/gepia_pdfs_ph2/ph2__heme_consecutive__UROD_vs_CPOX__BLCA_Tumor__spearman.pdf"
"ph2","heme_consecutive","UROD","CPOX","BRCA_Tumor",0.065,"0.031","ok","./gepia_pdfs/gepia_pdfs_ph2/ph2__heme_consecutive__UROD_vs_CPOX__BRCA_Tumor__spearman.pdf"
"ph2","heme_consecutive","UROD","CPOX","CESC_Tumor",0.08,"0.16","ok","./gepia_pdfs/gepia_pdfs_ph2/ph2__heme_consecutive__UROD_vs_CPOX__CESC_Tumor__spearman.pdf"
"ph2","heme_consecutive","UROD","CPOX","CHOL_Tumor",-0.26,"0.12","ok","./gepia_pdfs/gepia_pdfs_ph2/ph2__heme_consecutive__UROD_vs_CPOX__CHOL_Tumor__spearman.pdf"
"ph2","heme_consecutive","UROD","CPOX","COAD_Tumor",0.034,"0.57","ok","./gepia_pdfs/gepia_pdfs_ph2/ph2__heme_consecutive__UROD_vs_CPOX__COAD_Tumor__spearman.pdf"
"ph2","heme_consecutive","UROD","CPOX","DLBC_Tumor",-0.35,"0.018","ok","./gepia_pdfs/gepia_pdfs_ph2/ph2__heme_consecutive__UROD_vs_CPOX__DLBC_Tumor__spearman.pdf"
"ph2","heme_consecutive","UROD","CPOX","ESCA_Tumor",0.22,"0.0024","ok","./gepia_pdfs/gepia_pdfs_ph2/ph2__heme_consecutive__UROD_vs_CPOX__ESCA_Tumor__spearman.pdf"
"ph2","heme_consecutive","UROD","CPOX","GBM_Tumor",-0.18,"0.019","ok","./gepia_pdfs/gepia_pdfs_ph2/ph2__heme_consecutive__UROD_vs_CPOX__GBM_Tumor__spearman.pdf"
"ph2","heme_consecutive","UROD","CPOX","HNSC_Tumor",0.1,"0.021","ok","./gepia_pdfs/gepia_pdfs_ph2/ph2__heme_consecutive__UROD_vs_CPOX__HNSC_Tumor__spearman.pdf"
"ph2","heme_consecutive","UROD","CPOX","KICH_Tumor",0.55,"1.9e-06","ok","./gepia_pdfs/gepia_pdfs_ph2/ph2__heme_consecutive__UROD_vs_CPOX__KICH_Tumor__spearman.pdf"
"ph2","heme_consecutive","UROD","CPOX","KIRC_Tumor",0.08,"0.067","ok","./gepia_pdfs/gepia_pdfs_ph2/ph2__heme_consecutive__UROD_vs_CPOX__KIRC_Tumor__spearman.pdf"
"ph2","heme_consecutive","UROD","CPOX","KIRP_Tumor",0.11,"0.059","ok","./gepia_pdfs/gepia_pdfs_ph2/ph2__heme_consecutive__UROD_vs_CPOX__KIRP_Tumor__spearman.pdf"
"ph2","heme_consecutive","UROD","CPOX","LAML_Tumor",0.59,"1.5e-17","ok","./gepia_pdfs/gepia_pdfs_ph2/ph2__heme_consecutive__UROD_vs_CPOX__LAML_Tumor__spearman.pdf"
"ph2","heme_consecutive","UROD","CPOX","LGG_Tumor",0.035,"0.42","ok","./gepia_pdfs/gepia_pdfs_ph2/ph2__heme_consecutive__UROD_vs_CPOX__LGG_Tumor__spearman.pdf"
"ph2","heme_consecutive","UROD","CPOX","LIHC_Tumor",0.14,"0.0059","ok","./gepia_pdfs/gepia_pdfs_ph2/ph2__heme_consecutive__UROD_vs_CPOX__LIHC_Tumor__spearman.pdf"
"ph2","heme_consecutive","UROD","CPOX","LUAD_Tumor",0.056,"0.22","ok","./gepia_pdfs/gepia_pdfs_ph2/ph2__heme_consecutive__UROD_vs_CPOX__LUAD_Tumor__spearman.pdf"
"ph2","heme_consecutive","UROD","CPOX","LUSC_Tumor",0.08,"0.079","ok","./gepia_pdfs/gepia_pdfs_ph2/ph2__heme_consecutive__UROD_vs_CPOX__LUSC_Tumor__spearman.pdf"
"ph2","heme_consecutive","UROD","CPOX","MESO_Tumor",0.08,"0.46","ok","./gepia_pdfs/gepia_pdfs_ph2/ph2__heme_consecutive__UROD_vs_CPOX__MESO_Tumor__spearman.pdf"
"ph2","heme_consecutive","UROD","CPOX","OV_Tumor",0.33,"3.4e-12","ok","./gepia_pdfs/gepia_pdfs_ph2/ph2__heme_consecutive__UROD_vs_CPOX__OV_Tumor__spearman.pdf"
"ph2","heme_consecutive","UROD","CPOX","PAAD_Tumor",0.25,"0.00069","ok","./gepia_pdfs/gepia_pdfs_ph2/ph2__heme_consecutive__UROD_vs_CPOX__PAAD_Tumor__spearman.pdf"
"ph2","heme_consecutive","UROD","CPOX","PCPG_Tumor",0.23,"0.0018","ok","./gepia_pdfs/gepia_pdfs_ph2/ph2__heme_consecutive__UROD_vs_CPOX__PCPG_Tumor__spearman.pdf"
"ph2","heme_consecutive","UROD","CPOX","PRAD_Tumor",-0.071,"0.11","ok","./gepia_pdfs/gepia_pdfs_ph2/ph2__heme_consecutive__UROD_vs_CPOX__PRAD_Tumor__spearman.pdf"
"ph2","heme_consecutive","UROD","CPOX","READ_Tumor",0.12,"0.24","ok","./gepia_pdfs/gepia_pdfs_ph2/ph2__heme_consecutive__UROD_vs_CPOX__READ_Tumor__spearman.pdf"
"ph2","heme_consecutive","UROD","CPOX","SARC_Tumor",0.066,"0.29","ok","./gepia_pdfs/gepia_pdfs_ph2/ph2__heme_consecutive__UROD_vs_CPOX__SARC_Tumor__spearman.pdf"
"ph2","heme_consecutive","UROD","CPOX","SKCM_Tumor",0.21,"3.4e-06","ok","./gepia_pdfs/gepia_pdfs_ph2/ph2__heme_consecutive__UROD_vs_CPOX__SKCM_Tumor__spearman.pdf"
"ph2","heme_consecutive","UROD","CPOX","STAD_Tumor",0.1,"0.034","ok","./gepia_pdfs/gepia_pdfs_ph2/ph2__heme_consecutive__UROD_vs_CPOX__STAD_Tumor__spearman.pdf"
"ph2","heme_consecutive","UROD","CPOX","TGCT_Tumor",0.19,"0.025","ok","./gepia_pdfs/gepia_pdfs_ph2/ph2__heme_consecutive__UROD_vs_CPOX__TGCT_Tumor__spearman.pdf"
"ph2","heme_consecutive","UROD","CPOX","THCA_Tumor",0.22,"6.3e-07","ok","./gepia_pdfs/gepia_pdfs_ph2/ph2__heme_consecutive__UROD_vs_CPOX__THCA_Tumor__spearman.pdf"
"ph2","heme_consecutive","UROD","CPOX","THYM_Tumor",0.051,"0.58","ok","./gepia_pdfs/gepia_pdfs_ph2/ph2__heme_consecutive__UROD_vs_CPOX__THYM_Tumor__spearman.pdf"
"ph2","heme_consecutive","UROD","CPOX","UCEC_Tumor",0.12,"0.12","ok","./gepia_pdfs/gepia_pdfs_ph2/ph2__heme_consecutive__UROD_vs_CPOX__UCEC_Tumor__spearman.pdf"
"ph2","heme_consecutive","UROD","CPOX","UCS_Tumor",0.03,"0.82","ok","./gepia_pdfs/gepia_pdfs_ph2/ph2__heme_consecutive__UROD_vs_CPOX__UCS_Tumor__spearman.pdf"
"ph2","heme_consecutive","UROD","CPOX","UVM_Tumor",0.27,"0.018","ok","./gepia_pdfs/gepia_pdfs_ph2/ph2__heme_consecutive__UROD_vs_CPOX__UVM_Tumor__spearman.pdf"
"ph2","heme_consecutive","UROS","UROD","ACC_Tumor",0.0065,"0.96","ok","./gepia_pdfs/gepia_pdfs_ph2/ph2__heme_consecutive__UROS_vs_UROD__ACC_Tumor__spearman.pdf"
"ph2","heme_consecutive","UROS","UROD","BLCA_Tumor",0.41,"1e-17","ok","./gepia_pdfs/gepia_pdfs_ph2/ph2__heme_consecutive__UROS_vs_UROD__BLCA_Tumor__spearman.pdf"
"ph2","heme_consecutive","UROS","UROD","BRCA_Tumor",0.19,"6.7e-10","ok","./gepia_pdfs/gepia_pdfs_ph2/ph2__heme_consecutive__UROS_vs_UROD__BRCA_Tumor__spearman.pdf"
"ph2","heme_consecutive","UROS","UROD","CESC_Tumor",0.2,"0.00053","ok","./gepia_pdfs/gepia_pdfs_ph2/ph2__heme_consecutive__UROS_vs_UROD__CESC_Tumor__spearman.pdf"
"ph2","heme_consecutive","UROS","UROD","CHOL_Tumor",0.14,"0.4","ok","./gepia_pdfs/gepia_pdfs_ph2/ph2__heme_consecutive__UROS_vs_UROD__CHOL_Tumor__spearman.pdf"
"ph2","heme_consecutive","UROS","UROD","COAD_Tumor",0.044,"0.47","ok","./gepia_pdfs/gepia_pdfs_ph2/ph2__heme_consecutive__UROS_vs_UROD__COAD_Tumor__spearman.pdf"
"ph2","heme_consecutive","UROS","UROD","DLBC_Tumor",0.35,"0.015","ok","./gepia_pdfs/gepia_pdfs_ph2/ph2__heme_consecutive__UROS_vs_UROD__DLBC_Tumor__spearman.pdf"
"ph2","heme_consecutive","UROS","UROD","ESCA_Tumor",0.1,"0.17","ok","./gepia_pdfs/gepia_pdfs_ph2/ph2__heme_consecutive__UROS_vs_UROD__ESCA_Tumor__spearman.pdf"
"ph2","heme_consecutive","UROS","UROD","GBM_Tumor",0.072,"0.36","ok","./gepia_pdfs/gepia_pdfs_ph2/ph2__heme_consecutive__UROS_vs_UROD__GBM_Tumor__spearman.pdf"
"ph2","heme_consecutive","UROS","UROD","HNSC_Tumor",0.37,"4.5e-18","ok","./gepia_pdfs/gepia_pdfs_ph2/ph2__heme_consecutive__UROS_vs_UROD__HNSC_Tumor__spearman.pdf"
"ph2","heme_consecutive","UROS","UROD","KICH_Tumor",0.37,"0.0025","ok","./gepia_pdfs/gepia_pdfs_ph2/ph2__heme_consecutive__UROS_vs_UROD__KICH_Tumor__spearman.pdf"
"ph2","heme_consecutive","UROS","UROD","KIRC_Tumor",0.3,"1.5e-12","ok","./gepia_pdfs/gepia_pdfs_ph2/ph2__heme_consecutive__UROS_vs_UROD__KIRC_Tumor__spearman.pdf"
"ph2","heme_consecutive","UROS","UROD","KIRP_Tumor",0.28,"9.8e-07","ok","./gepia_pdfs/gepia_pdfs_ph2/ph2__heme_consecutive__UROS_vs_UROD__KIRP_Tumor__spearman.pdf"
"ph2","heme_consecutive","UROS","UROD","LAML_Tumor",0.66,"1.1e-22","ok","./gepia_pdfs/gepia_pdfs_ph2/ph2__heme_consecutive__UROS_vs_UROD__LAML_Tumor__spearman.pdf"
"ph2","heme_consecutive","UROS","UROD","LGG_Tumor",-0.31,"3.1e-13","ok","./gepia_pdfs/gepia_pdfs_ph2/ph2__heme_consecutive__UROS_vs_UROD__LGG_Tumor__spearman.pdf"
"ph2","heme_consecutive","UROS","UROD","LIHC_Tumor",-5e-04,"0.99","ok","./gepia_pdfs/gepia_pdfs_ph2/ph2__heme_consecutive__UROS_vs_UROD__LIHC_Tumor__spearman.pdf"
"ph2","heme_consecutive","UROS","UROD","LUAD_Tumor",0.16,"0.00051","ok","./gepia_pdfs/gepia_pdfs_ph2/ph2__heme_consecutive__UROS_vs_UROD__LUAD_Tumor__spearman.pdf"
"ph2","heme_consecutive","UROS","UROD","LUSC_Tumor",0.039,"0.39","ok","./gepia_pdfs/gepia_pdfs_ph2/ph2__heme_consecutive__UROS_vs_UROD__LUSC_Tumor__spearman.pdf"
"ph2","heme_consecutive","UROS","UROD","MESO_Tumor",0.17,"0.12","ok","./gepia_pdfs/gepia_pdfs_ph2/ph2__heme_consecutive__UROS_vs_UROD__MESO_Tumor__spearman.pdf"
"ph2","heme_consecutive","UROS","UROD","OV_Tumor",0.21,"1.4e-05","ok","./gepia_pdfs/gepia_pdfs_ph2/ph2__heme_consecutive__UROS_vs_UROD__OV_Tumor__spearman.pdf"
"ph2","heme_consecutive","UROS","UROD","PAAD_Tumor",0.42,"5.4e-09","ok","./gepia_pdfs/gepia_pdfs_ph2/ph2__heme_consecutive__UROS_vs_UROD__PAAD_Tumor__spearman.pdf"
"ph2","heme_consecutive","UROS","UROD","PCPG_Tumor",-0.094,"0.2","ok","./gepia_pdfs/gepia_pdfs_ph2/ph2__heme_consecutive__UROS_vs_UROD__PCPG_Tumor__spearman.pdf"
"ph2","heme_consecutive","UROS","UROD","PRAD_Tumor",0.27,"1.5e-09","ok","./gepia_pdfs/gepia_pdfs_ph2/ph2__heme_consecutive__UROS_vs_UROD__PRAD_Tumor__spearman.pdf"
"ph2","heme_consecutive","UROS","UROD","READ_Tumor",0.23,"0.029","ok","./gepia_pdfs/gepia_pdfs_ph2/ph2__heme_consecutive__UROS_vs_UROD__READ_Tumor__spearman.pdf"
"ph2","heme_consecutive","UROS","UROD","SARC_Tumor",-0.048,"0.44","ok","./gepia_pdfs/gepia_pdfs_ph2/ph2__heme_consecutive__UROS_vs_UROD__SARC_Tumor__spearman.pdf"
"ph2","heme_consecutive","UROS","UROD","SKCM_Tumor",0.23,"3.9e-07","ok","./gepia_pdfs/gepia_pdfs_ph2/ph2__heme_consecutive__UROS_vs_UROD__SKCM_Tumor__spearman.pdf"
"ph2","heme_consecutive","UROS","UROD","STAD_Tumor",0.3,"1.1e-09","ok","./gepia_pdfs/gepia_pdfs_ph2/ph2__heme_consecutive__UROS_vs_UROD__STAD_Tumor__spearman.pdf"
"ph2","heme_consecutive","UROS","UROD","TGCT_Tumor",0.15,"0.088","ok","./gepia_pdfs/gepia_pdfs_ph2/ph2__heme_consecutive__UROS_vs_UROD__TGCT_Tumor__spearman.pdf"
"ph2","heme_consecutive","UROS","UROD","THCA_Tumor",0.64,"3.3e-61","ok","./gepia_pdfs/gepia_pdfs_ph2/ph2__heme_consecutive__UROS_vs_UROD__THCA_Tumor__spearman.pdf"
"ph2","heme_consecutive","UROS","UROD","THYM_Tumor",0.28,"0.0021●","ok","./gepia_pdfs/gepia_pdfs_ph2/ph2__heme_consecutive__UROS_vs_UROD__THYM_Tumor__spearman.pdf"
"ph2","heme_consecutive","UROS","UROD","UCEC_Tumor",0.3,"4.9e-05","ok","./gepia_pdfs/gepia_pdfs_ph2/ph2__heme_consecutive__UROS_vs_UROD__UCEC_Tumor__spearman.pdf"
"ph2","heme_consecutive","UROS","UROD","UCS_Tumor",0.066,"0.62","ok","./gepia_pdfs/gepia_pdfs_ph2/ph2__heme_consecutive__UROS_vs_UROD__UCS_Tumor__spearman.pdf"
"ph2","heme_consecutive","UROS","UROD","UVM_Tumor",0.41,"0.00021","ok","./gepia_pdfs/gepia_pdfs_ph2/ph2__heme_consecutive__UROS_vs_UROD__UVM_Tumor__spearman.pdf"
"ph2","heme_nonconsecutive","ALAS1","FECH","ACC_Tumor",0.4,"0.00032","ok","./gepia_pdfs/gepia_pdfs_ph2/ph2__heme_nonconsecutive__ALAS1_vs_FECH__ACC_Tumor__spearman.pdf"
"ph2","heme_nonconsecutive","ALAS1","FECH","BLCA_Tumor",-0.038,"0.45","ok","./gepia_pdfs/gepia_pdfs_ph2/ph2__heme_nonconsecutive__ALAS1_vs_FECH__BLCA_Tumor__spearman.pdf"
"ph2","heme_nonconsecutive","ALAS1","FECH","BRCA_Tumor",0.21,"6.9e-12","ok","./gepia_pdfs/gepia_pdfs_ph2/ph2__heme_nonconsecutive__ALAS1_vs_FECH__BRCA_Tumor__spearman.pdf"
"ph2","heme_nonconsecutive","ALAS1","FECH","CESC_Tumor",0.14,"0.016","ok","./gepia_pdfs/gepia_pdfs_ph2/ph2__heme_nonconsecutive__ALAS1_vs_FECH__CESC_Tumor__spearman.pdf"
"ph2","heme_nonconsecutive","ALAS1","FECH","CHOL_Tumor",-0.036,"0.84","ok","./gepia_pdfs/gepia_pdfs_ph2/ph2__heme_nonconsecutive__ALAS1_vs_FECH__CHOL_Tumor__spearman.pdf"
"ph2","heme_nonconsecutive","ALAS1","FECH","COAD_Tumor",0.35,"2e-09","ok","./gepia_pdfs/gepia_pdfs_ph2/ph2__heme_nonconsecutive__ALAS1_vs_FECH__COAD_Tumor__spearman.pdf"
"ph2","heme_nonconsecutive","ALAS1","FECH","DLBC_Tumor",0.43,"0.0028","ok","./gepia_pdfs/gepia_pdfs_ph2/ph2__heme_nonconsecutive__ALAS1_vs_FECH__DLBC_Tumor__spearman.pdf"
"ph2","heme_nonconsecutive","ALAS1","FECH","ESCA_Tumor",-0.037,"0.62","ok","./gepia_pdfs/gepia_pdfs_ph2/ph2__heme_nonconsecutive__ALAS1_vs_FECH__ESCA_Tumor__spearman.pdf"
"ph2","heme_nonconsecutive","ALAS1","FECH","GBM_Tumor",0.29,"0.00022","ok","./gepia_pdfs/gepia_pdfs_ph2/ph2__heme_nonconsecutive__ALAS1_vs_FECH__GBM_Tumor__spearman.pdf"
"ph2","heme_nonconsecutive","ALAS1","FECH","HNSC_Tumor",0.35,"1.5e-16","ok","./gepia_pdfs/gepia_pdfs_ph2/ph2__heme_nonconsecutive__ALAS1_vs_FECH__HNSC_Tumor__spearman.pdf"
"ph2","heme_nonconsecutive","ALAS1","FECH","KICH_Tumor",0.56,"1.1e-06","ok","./gepia_pdfs/gepia_pdfs_ph2/ph2__heme_nonconsecutive__ALAS1_vs_FECH__KICH_Tumor__spearman.pdf"
"ph2","heme_nonconsecutive","ALAS1","FECH","KIRC_Tumor",0.43,"3.7e-25","ok","./gepia_pdfs/gepia_pdfs_ph2/ph2__heme_nonconsecutive__ALAS1_vs_FECH__KIRC_Tumor__spearman.pdf"
"ph2","heme_nonconsecutive","ALAS1","FECH","KIRP_Tumor",0.41,"9.2e-13","ok","./gepia_pdfs/gepia_pdfs_ph2/ph2__heme_nonconsecutive__ALAS1_vs_FECH__KIRP_Tumor__spearman.pdf"
"ph2","heme_nonconsecutive","ALAS1","FECH","LAML_Tumor",-0.016,"0.84","ok","./gepia_pdfs/gepia_pdfs_ph2/ph2__heme_nonconsecutive__ALAS1_vs_FECH__LAML_Tumor__spearman.pdf"
"ph2","heme_nonconsecutive","ALAS1","FECH","LGG_Tumor",0.32,"4.4e-14","ok","./gepia_pdfs/gepia_pdfs_ph2/ph2__heme_nonconsecutive__ALAS1_vs_FECH__LGG_Tumor__spearman.pdf"
"ph2","heme_nonconsecutive","ALAS1","FECH","LIHC_Tumor",0.15,"0.0029","ok","./gepia_pdfs/gepia_pdfs_ph2/ph2__heme_nonconsecutive__ALAS1_vs_FECH__LIHC_Tumor__spearman.pdf"
"ph2","heme_nonconsecutive","ALAS1","FECH","LUAD_Tumor",0.14,"0.0018","ok","./gepia_pdfs/gepia_pdfs_ph2/ph2__heme_nonconsecutive__ALAS1_vs_FECH__LUAD_Tumor__spearman.pdf"
"ph2","heme_nonconsecutive","ALAS1","FECH","LUSC_Tumor",0.29,"9.7e-11","ok","./gepia_pdfs/gepia_pdfs_ph2/ph2__heme_nonconsecutive__ALAS1_vs_FECH__LUSC_Tumor__spearman.pdf"
"ph2","heme_nonconsecutive","ALAS1","FECH","MESO_Tumor",0.14,"0.18","ok","./gepia_pdfs/gepia_pdfs_ph2/ph2__heme_nonconsecutive__ALAS1_vs_FECH__MESO_Tumor__spearman.pdf"
"ph2","heme_nonconsecutive","ALAS1","FECH","OV_Tumor",0.23,"2.5e-06","ok","./gepia_pdfs/gepia_pdfs_ph2/ph2__heme_nonconsecutive__ALAS1_vs_FECH__OV_Tumor__spearman.pdf"
"ph2","heme_nonconsecutive","ALAS1","FECH","PAAD_Tumor",0.065,"0.39","ok","./gepia_pdfs/gepia_pdfs_ph2/ph2__heme_nonconsecutive__ALAS1_vs_FECH__PAAD_Tumor__spearman.pdf"
"ph2","heme_nonconsecutive","ALAS1","FECH","PCPG_Tumor",0.32,"8e-06","ok","./gepia_pdfs/gepia_pdfs_ph2/ph2__heme_nonconsecutive__ALAS1_vs_FECH__PCPG_Tumor__spearman.pdf"
"ph2","heme_nonconsecutive","ALAS1","FECH","PRAD_Tumor",0.33,"3.2e-14","ok","./gepia_pdfs/gepia_pdfs_ph2/ph2__heme_nonconsecutive__ALAS1_vs_FECH__PRAD_Tumor__spearman.pdf"
"ph2","heme_nonconsecutive","ALAS1","FECH","READ_Tumor",0.43,"1.8e-05","ok","./gepia_pdfs/gepia_pdfs_ph2/ph2__heme_nonconsecutive__ALAS1_vs_FECH__READ_Tumor__spearman.pdf"
"ph2","heme_nonconsecutive","ALAS1","FECH","SARC_Tumor",0.18,"0.0033","ok","./gepia_pdfs/gepia_pdfs_ph2/ph2__heme_nonconsecutive__ALAS1_vs_FECH__SARC_Tumor__spearman.pdf"
"ph2","heme_nonconsecutive","ALAS1","FECH","SKCM_Tumor",0.32,"1.8e-12","ok","./gepia_pdfs/gepia_pdfs_ph2/ph2__heme_nonconsecutive__ALAS1_vs_FECH__SKCM_Tumor__spearman.pdf"
"ph2","heme_nonconsecutive","ALAS1","FECH","STAD_Tumor",0.22,"8.1e-06","ok","./gepia_pdfs/gepia_pdfs_ph2/ph2__heme_nonconsecutive__ALAS1_vs_FECH__STAD_Tumor__spearman.pdf"
"ph2","heme_nonconsecutive","ALAS1","FECH","TGCT_Tumor",0.43,"1.4e-07","ok","./gepia_pdfs/gepia_pdfs_ph2/ph2__heme_nonconsecutive__ALAS1_vs_FECH__TGCT_Tumor__spearman.pdf"
"ph2","heme_nonconsecutive","ALAS1","FECH","THCA_Tumor",0.34,"1.4e-15","ok","./gepia_pdfs/gepia_pdfs_ph2/ph2__heme_nonconsecutive__ALAS1_vs_FECH__THCA_Tumor__spearman.pdf"
"ph2","heme_nonconsecutive","ALAS1","FECH","THYM_Tumor",0.36,"6.3e-05","ok","./gepia_pdfs/gepia_pdfs_ph2/ph2__heme_nonconsecutive__ALAS1_vs_FECH__THYM_Tumor__spearman.pdf"
"ph2","heme_nonconsecutive","ALAS1","FECH","UCEC_Tumor",0.41,"1.4e-08","ok","./gepia_pdfs/gepia_pdfs_ph2/ph2__heme_nonconsecutive__ALAS1_vs_FECH__UCEC_Tumor__spearman.pdf"
"ph2","heme_nonconsecutive","ALAS1","FECH","UCS_Tumor",0.46,"0.00039","ok","./gepia_pdfs/gepia_pdfs_ph2/ph2__heme_nonconsecutive__ALAS1_vs_FECH__UCS_Tumor__spearman.pdf"
"ph2","heme_nonconsecutive","ALAS1","FECH","UVM_Tumor",0.48,"6e-06","ok","./gepia_pdfs/gepia_pdfs_ph2/ph2__heme_nonconsecutive__ALAS1_vs_FECH__UVM_Tumor__spearman.pdf"
"ph2","heme_nonconsecutive","HMBS","FECH","ACC_Tumor",0.33,"0.0037","ok","./gepia_pdfs/gepia_pdfs_ph2/ph2__heme_nonconsecutive__HMBS_vs_FECH__ACC_Tumor__spearman.pdf"
"ph2","heme_nonconsecutive","HMBS","FECH","BLCA_Tumor",0.25,"5.3e-07","ok","./gepia_pdfs/gepia_pdfs_ph2/ph2__heme_nonconsecutive__HMBS_vs_FECH__BLCA_Tumor__spearman.pdf"
"ph2","heme_nonconsecutive","HMBS","FECH","BRCA_Tumor",0.029,"0.34","ok","./gepia_pdfs/gepia_pdfs_ph2/ph2__heme_nonconsecutive__HMBS_vs_FECH__BRCA_Tumor__spearman.pdf"
"ph2","heme_nonconsecutive","HMBS","FECH","CESC_Tumor",0.058,"0.31","ok","./gepia_pdfs/gepia_pdfs_ph2/ph2__heme_nonconsecutive__HMBS_vs_FECH__CESC_Tumor__spearman.pdf"
"ph2","heme_nonconsecutive","HMBS","FECH","CHOL_Tumor",-0.053,"0.76","ok","./gepia_pdfs/gepia_pdfs_ph2/ph2__heme_nonconsecutive__HMBS_vs_FECH__CHOL_Tumor__spearman.pdf"
"ph2","heme_nonconsecutive","HMBS","FECH","COAD_Tumor",-0.029,"0.63","ok","./gepia_pdfs/gepia_pdfs_ph2/ph2__heme_nonconsecutive__HMBS_vs_FECH__COAD_Tumor__spearman.pdf"
"ph2","heme_nonconsecutive","HMBS","FECH","DLBC_Tumor",-0.014,"0.92","ok","./gepia_pdfs/gepia_pdfs_ph2/ph2__heme_nonconsecutive__HMBS_vs_FECH__DLBC_Tumor__spearman.pdf"
"ph2","heme_nonconsecutive","HMBS","FECH","ESCA_Tumor",0.16,"0.028","ok","./gepia_pdfs/gepia_pdfs_ph2/ph2__heme_nonconsecutive__HMBS_vs_FECH__ESCA_Tumor__spearman.pdf"
"ph2","heme_nonconsecutive","HMBS","FECH","GBM_Tumor",-0.063,"0.42","ok","./gepia_pdfs/gepia_pdfs_ph2/ph2__heme_nonconsecutive__HMBS_vs_FECH__GBM_Tumor__spearman.pdf"
"ph2","heme_nonconsecutive","HMBS","FECH","HNSC_Tumor",0.057,"0.19","ok","./gepia_pdfs/gepia_pdfs_ph2/ph2__heme_nonconsecutive__HMBS_vs_FECH__HNSC_Tumor__spearman.pdf"
"ph2","heme_nonconsecutive","HMBS","FECH","KICH_Tumor",0.2,"0.099","ok","./gepia_pdfs/gepia_pdfs_ph2/ph2__heme_nonconsecutive__HMBS_vs_FECH__KICH_Tumor__spearman.pdf"
"ph2","heme_nonconsecutive","HMBS","FECH","KIRC_Tumor",-0.015,"0.74","ok","./gepia_pdfs/gepia_pdfs_ph2/ph2__heme_nonconsecutive__HMBS_vs_FECH__KIRC_Tumor__spearman.pdf"
"ph2","heme_nonconsecutive","HMBS","FECH","KIRP_Tumor",0.064,"0.28","ok","./gepia_pdfs/gepia_pdfs_ph2/ph2__heme_nonconsecutive__HMBS_vs_FECH__KIRP_Tumor__spearman.pdf"
"ph2","heme_nonconsecutive","HMBS","FECH","LAML_Tumor",0.68,"1.1e-24","ok","./gepia_pdfs/gepia_pdfs_ph2/ph2__heme_nonconsecutive__HMBS_vs_FECH__LAML_Tumor__spearman.pdf"
"ph2","heme_nonconsecutive","HMBS","FECH","LGG_Tumor",0.00015,"1","ok","./gepia_pdfs/gepia_pdfs_ph2/ph2__heme_nonconsecutive__HMBS_vs_FECH__LGG_Tumor__spearman.pdf"
"ph2","heme_nonconsecutive","HMBS","FECH","LIHC_Tumor",0.25,"9.3e-07","ok","./gepia_pdfs/gepia_pdfs_ph2/ph2__heme_nonconsecutive__HMBS_vs_FECH__LIHC_Tumor__spearman.pdf"
"ph2","heme_nonconsecutive","HMBS","FECH","LUAD_Tumor",0.18,"4.7e-05","ok","./gepia_pdfs/gepia_pdfs_ph2/ph2__heme_nonconsecutive__HMBS_vs_FECH__LUAD_Tumor__spearman.pdf"
"ph2","heme_nonconsecutive","HMBS","FECH","LUSC_Tumor",0.3,"2.3e-11","ok","./gepia_pdfs/gepia_pdfs_ph2/ph2__heme_nonconsecutive__HMBS_vs_FECH__LUSC_Tumor__spearman.pdf"
"ph2","heme_nonconsecutive","HMBS","FECH","MESO_Tumor",0.32,"0.0027","ok","./gepia_pdfs/gepia_pdfs_ph2/ph2__heme_nonconsecutive__HMBS_vs_FECH__MESO_Tumor__spearman.pdf"
"ph2","heme_nonconsecutive","HMBS","FECH","OV_Tumor",0.23,"1.1e-06","ok","./gepia_pdfs/gepia_pdfs_ph2/ph2__heme_nonconsecutive__HMBS_vs_FECH__OV_Tumor__spearman.pdf"
"ph2","heme_nonconsecutive","HMBS","FECH","PAAD_Tumor",-0.17,"0.027","ok","./gepia_pdfs/gepia_pdfs_ph2/ph2__heme_nonconsecutive__HMBS_vs_FECH__PAAD_Tumor__spearman.pdf"
"ph2","heme_nonconsecutive","HMBS","FECH","PCPG_Tumor",0.41,"1.4e-08","ok","./gepia_pdfs/gepia_pdfs_ph2/ph2__heme_nonconsecutive__HMBS_vs_FECH__PCPG_Tumor__spearman.pdf"
"ph2","heme_nonconsecutive","HMBS","FECH","PRAD_Tumor",0.15,"0.0012","ok","./gepia_pdfs/gepia_pdfs_ph2/ph2__heme_nonconsecutive__HMBS_vs_FECH__PRAD_Tumor__spearman.pdf"
"ph2","heme_nonconsecutive","HMBS","FECH","READ_Tumor",0.067,"0.53","ok","./gepia_pdfs/gepia_pdfs_ph2/ph2__heme_nonconsecutive__HMBS_vs_FECH__READ_Tumor__spearman.pdf"
"ph2","heme_nonconsecutive","HMBS","FECH","SARC_Tumor",0.038,"0.54","ok","./gepia_pdfs/gepia_pdfs_ph2/ph2__heme_nonconsecutive__HMBS_vs_FECH__SARC_Tumor__spearman.pdf"
"ph2","heme_nonconsecutive","HMBS","FECH","SKCM_Tumor",0.19,"6.1e-05","ok","./gepia_pdfs/gepia_pdfs_ph2/ph2__heme_nonconsecutive__HMBS_vs_FECH__SKCM_Tumor__spearman.pdf"
"ph2","heme_nonconsecutive","HMBS","FECH","STAD_Tumor",0.16,"0.0016","ok","./gepia_pdfs/gepia_pdfs_ph2/ph2__heme_nonconsecutive__HMBS_vs_FECH__STAD_Tumor__spearman.pdf"
"ph2","heme_nonconsecutive","HMBS","FECH","TGCT_Tumor",0.058,"0.5","ok","./gepia_pdfs/gepia_pdfs_ph2/ph2__heme_nonconsecutive__HMBS_vs_FECH__TGCT_Tumor__spearman.pdf"
"ph2","heme_nonconsecutive","HMBS","FECH","THCA_Tumor",0.3,"7.1e-12","ok","./gepia_pdfs/gepia_pdfs_ph2/ph2__heme_nonconsecutive__HMBS_vs_FECH__THCA_Tumor__spearman.pdf"
"ph2","heme_nonconsecutive","HMBS","FECH","THYM_Tumor",-0.17,"0.065","ok","./gepia_pdfs/gepia_pdfs_ph2/ph2__heme_nonconsecutive__HMBS_vs_FECH__THYM_Tumor__spearman.pdf"
"ph2","heme_nonconsecutive","HMBS","FECH","UCEC_Tumor",0.11,"0.15","ok","./gepia_pdfs/gepia_pdfs_ph2/ph2__heme_nonconsecutive__HMBS_vs_FECH__UCEC_Tumor__spearman.pdf"
"ph2","heme_nonconsecutive","HMBS","FECH","UCS_Tumor",0.035,"0.8","ok","./gepia_pdfs/gepia_pdfs_ph2/ph2__heme_nonconsecutive__HMBS_vs_FECH__UCS_Tumor__spearman.pdf"
"ph2","heme_nonconsecutive","HMBS","FECH","UVM_Tumor",0.4,"0.00027","ok","./gepia_pdfs/gepia_pdfs_ph2/ph2__heme_nonconsecutive__HMBS_vs_FECH__UVM_Tumor__spearman.pdf"
"ph2","heme_nonconsecutive","HMBS","PPOX","ACC_Tumor",0.5,"2.9e-06","ok","./gepia_pdfs/gepia_pdfs_ph2/ph2__heme_nonconsecutive__HMBS_vs_PPOX__ACC_Tumor__spearman.pdf"
"ph2","heme_nonconsecutive","HMBS","PPOX","BLCA_Tumor",0.017,"0.73","ok","./gepia_pdfs/gepia_pdfs_ph2/ph2__heme_nonconsecutive__HMBS_vs_PPOX__BLCA_Tumor__spearman.pdf"
"ph2","heme_nonconsecutive","HMBS","PPOX","BRCA_Tumor",0.1,"0.00066","ok","./gepia_pdfs/gepia_pdfs_ph2/ph2__heme_nonconsecutive__HMBS_vs_PPOX__BRCA_Tumor__spearman.pdf"
"ph2","heme_nonconsecutive","HMBS","PPOX","CESC_Tumor",0.0087,"0.88","ok","./gepia_pdfs/gepia_pdfs_ph2/ph2__heme_nonconsecutive__HMBS_vs_PPOX__CESC_Tumor__spearman.pdf"
"ph2","heme_nonconsecutive","HMBS","PPOX","CHOL_Tumor",-0.12,"0.47","ok","./gepia_pdfs/gepia_pdfs_ph2/ph2__heme_nonconsecutive__HMBS_vs_PPOX__CHOL_Tumor__spearman.pdf"
"ph2","heme_nonconsecutive","HMBS","PPOX","COAD_Tumor",-0.012,"0.85","ok","./gepia_pdfs/gepia_pdfs_ph2/ph2__heme_nonconsecutive__HMBS_vs_PPOX__COAD_Tumor__spearman.pdf"
"ph2","heme_nonconsecutive","HMBS","PPOX","DLBC_Tumor",0.056,"0.71","ok","./gepia_pdfs/gepia_pdfs_ph2/ph2__heme_nonconsecutive__HMBS_vs_PPOX__DLBC_Tumor__spearman.pdf"
"ph2","heme_nonconsecutive","HMBS","PPOX","ESCA_Tumor",0.091,"0.22","ok","./gepia_pdfs/gepia_pdfs_ph2/ph2__heme_nonconsecutive__HMBS_vs_PPOX__ESCA_Tumor__spearman.pdf"
"ph2","heme_nonconsecutive","HMBS","PPOX","GBM_Tumor",0.41,"5.1e-08","ok","./gepia_pdfs/gepia_pdfs_ph2/ph2__heme_nonconsecutive__HMBS_vs_PPOX__GBM_Tumor__spearman.pdf"
"ph2","heme_nonconsecutive","HMBS","PPOX","HNSC_Tumor",0.076,"0.085","ok","./gepia_pdfs/gepia_pdfs_ph2/ph2__heme_nonconsecutive__HMBS_vs_PPOX__HNSC_Tumor__spearman.pdf"
"ph2","heme_nonconsecutive","HMBS","PPOX","KICH_Tumor",0.28,"0.021","ok","./gepia_pdfs/gepia_pdfs_ph2/ph2__heme_nonconsecutive__HMBS_vs_PPOX__KICH_Tumor__spearman.pdf"
"ph2","heme_nonconsecutive","HMBS","PPOX","KIRC_Tumor",0.1,"0.016","ok","./gepia_pdfs/gepia_pdfs_ph2/ph2__heme_nonconsecutive__HMBS_vs_PPOX__KIRC_Tumor__spearman.pdf"
"ph2","heme_nonconsecutive","HMBS","PPOX","KIRP_Tumor",0.36,"4.5e-10","ok","./gepia_pdfs/gepia_pdfs_ph2/ph2__heme_nonconsecutive__HMBS_vs_PPOX__KIRP_Tumor__spearman.pdf"
"ph2","heme_nonconsecutive","HMBS","PPOX","LAML_Tumor",0.61,"2.4e-19","ok","./gepia_pdfs/gepia_pdfs_ph2/ph2__heme_nonconsecutive__HMBS_vs_PPOX__LAML_Tumor__spearman.pdf"
"ph2","heme_nonconsecutive","HMBS","PPOX","LGG_Tumor",0.41,"5.1e-22","ok","./gepia_pdfs/gepia_pdfs_ph2/ph2__heme_nonconsecutive__HMBS_vs_PPOX__LGG_Tumor__spearman.pdf"
"ph2","heme_nonconsecutive","HMBS","PPOX","LIHC_Tumor",0.25,"1.5e-06","ok","./gepia_pdfs/gepia_pdfs_ph2/ph2__heme_nonconsecutive__HMBS_vs_PPOX__LIHC_Tumor__spearman.pdf"
"ph2","heme_nonconsecutive","HMBS","PPOX","LUAD_Tumor",0.13,"0.0038","ok","./gepia_pdfs/gepia_pdfs_ph2/ph2__heme_nonconsecutive__HMBS_vs_PPOX__LUAD_Tumor__spearman.pdf"
"ph2","heme_nonconsecutive","HMBS","PPOX","LUSC_Tumor",7e-04,"0.99","ok","./gepia_pdfs/gepia_pdfs_ph2/ph2__heme_nonconsecutive__HMBS_vs_PPOX__LUSC_Tumor__spearman.pdf"
"ph2","heme_nonconsecutive","HMBS","PPOX","MESO_Tumor",0.024,"0.83","ok","./gepia_pdfs/gepia_pdfs_ph2/ph2__heme_nonconsecutive__HMBS_vs_PPOX__MESO_Tumor__spearman.pdf"
"ph2","heme_nonconsecutive","HMBS","PPOX","OV_Tumor",0.22,"6.7e-06","ok","./gepia_pdfs/gepia_pdfs_ph2/ph2__heme_nonconsecutive__HMBS_vs_PPOX__OV_Tumor__spearman.pdf"
"ph2","heme_nonconsecutive","HMBS","PPOX","PAAD_Tumor",0.15,"0.051","ok","./gepia_pdfs/gepia_pdfs_ph2/ph2__heme_nonconsecutive__HMBS_vs_PPOX__PAAD_Tumor__spearman.pdf"
"ph2","heme_nonconsecutive","HMBS","PPOX","PCPG_Tumor",0.13,"0.07","ok","./gepia_pdfs/gepia_pdfs_ph2/ph2__heme_nonconsecutive__HMBS_vs_PPOX__PCPG_Tumor__spearman.pdf"
"ph2","heme_nonconsecutive","HMBS","PPOX","PRAD_Tumor",0.21,"3.4e-06","ok","./gepia_pdfs/gepia_pdfs_ph2/ph2__heme_nonconsecutive__HMBS_vs_PPOX__PRAD_Tumor__spearman.pdf"
"ph2","heme_nonconsecutive","HMBS","PPOX","READ_Tumor",0.064,"0.55","ok","./gepia_pdfs/gepia_pdfs_ph2/ph2__heme_nonconsecutive__HMBS_vs_PPOX__READ_Tumor__spearman.pdf"
"ph2","heme_nonconsecutive","HMBS","PPOX","SARC_Tumor",-0.019,"0.76","ok","./gepia_pdfs/gepia_pdfs_ph2/ph2__heme_nonconsecutive__HMBS_vs_PPOX__SARC_Tumor__spearman.pdf"
"ph2","heme_nonconsecutive","HMBS","PPOX","SKCM_Tumor",0.15,"0.001","ok","./gepia_pdfs/gepia_pdfs_ph2/ph2__heme_nonconsecutive__HMBS_vs_PPOX__SKCM_Tumor__spearman.pdf"
"ph2","heme_nonconsecutive","HMBS","PPOX","STAD_Tumor",0.081,"0.1","ok","./gepia_pdfs/gepia_pdfs_ph2/ph2__heme_nonconsecutive__HMBS_vs_PPOX__STAD_Tumor__spearman.pdf"
"ph2","heme_nonconsecutive","HMBS","PPOX","TGCT_Tumor",-0.014,"0.87","ok","./gepia_pdfs/gepia_pdfs_ph2/ph2__heme_nonconsecutive__HMBS_vs_PPOX__TGCT_Tumor__spearman.pdf"
"ph2","heme_nonconsecutive","HMBS","PPOX","THCA_Tumor",0.31,"8.3e-13","ok","./gepia_pdfs/gepia_pdfs_ph2/ph2__heme_nonconsecutive__HMBS_vs_PPOX__THCA_Tumor__spearman.pdf"
"ph2","heme_nonconsecutive","HMBS","PPOX","THYM_Tumor",0.29,"0.0014","ok","./gepia_pdfs/gepia_pdfs_ph2/ph2__heme_nonconsecutive__HMBS_vs_PPOX__THYM_Tumor__spearman.pdf"
"ph2","heme_nonconsecutive","HMBS","PPOX","UCEC_Tumor",-0.047,"0.54","ok","./gepia_pdfs/gepia_pdfs_ph2/ph2__heme_nonconsecutive__HMBS_vs_PPOX__UCEC_Tumor__spearman.pdf"
"ph2","heme_nonconsecutive","HMBS","PPOX","UCS_Tumor",0.12,"0.37","ok","./gepia_pdfs/gepia_pdfs_ph2/ph2__heme_nonconsecutive__HMBS_vs_PPOX__UCS_Tumor__spearman.pdf"
"ph2","heme_nonconsecutive","HMBS","PPOX","UVM_Tumor",0.16,"0.16","ok","./gepia_pdfs/gepia_pdfs_ph2/ph2__heme_nonconsecutive__HMBS_vs_PPOX__UVM_Tumor__spearman.pdf"
"ph2","positive_control","CDK2","CCNE1","ACC_Tumor",0.58,"6.8e-08","ok","./gepia_pdfs/gepia_pdfs_ph2/ph2__positive_control__CDK2_vs_CCNE1__ACC_Tumor__spearman.pdf"
"ph2","positive_control","CDK2","CCNE1","BLCA_Tumor",0.53,"3.3e-31","ok","./gepia_pdfs/gepia_pdfs_ph2/ph2__positive_control__CDK2_vs_CCNE1__BLCA_Tumor__spearman.pdf"
"ph2","positive_control","CDK2","CCNE1","BRCA_Tumor",0.36,"9.9e-35","ok","./gepia_pdfs/gepia_pdfs_ph2/ph2__positive_control__CDK2_vs_CCNE1__BRCA_Tumor__spearman.pdf"
"ph2","positive_control","CDK2","CCNE1","CESC_Tumor",0.25,"1.2e-05","ok","./gepia_pdfs/gepia_pdfs_ph2/ph2__positive_control__CDK2_vs_CCNE1__CESC_Tumor__spearman.pdf"
"ph2","positive_control","CDK2","CCNE1","CHOL_Tumor",0.37,"0.027","ok","./gepia_pdfs/gepia_pdfs_ph2/ph2__positive_control__CDK2_vs_CCNE1__CHOL_Tumor__spearman.pdf"
"ph2","positive_control","CDK2","CCNE1","COAD_Tumor",0.46,"5.5e-16","ok","./gepia_pdfs/gepia_pdfs_ph2/ph2__positive_control__CDK2_vs_CCNE1__COAD_Tumor__spearman.pdf"
"ph2","positive_control","CDK2","CCNE1","DLBC_Tumor",0.57,"4.8e-05","ok","./gepia_pdfs/gepia_pdfs_ph2/ph2__positive_control__CDK2_vs_CCNE1__DLBC_Tumor__spearman.pdf"
"ph2","positive_control","CDK2","CCNE1","ESCA_Tumor",0.35,"1.3e-06","ok","./gepia_pdfs/gepia_pdfs_ph2/ph2__positive_control__CDK2_vs_CCNE1__ESCA_Tumor__spearman.pdf"
"ph2","positive_control","CDK2","CCNE1","GBM_Tumor",0.62,"1.6e-18","ok","./gepia_pdfs/gepia_pdfs_ph2/ph2__positive_control__CDK2_vs_CCNE1__GBM_Tumor__spearman.pdf"
"ph2","positive_control","CDK2","CCNE1","HNSC_Tumor",0.18,"3.1e-05","ok","./gepia_pdfs/gepia_pdfs_ph2/ph2__positive_control__CDK2_vs_CCNE1__HNSC_Tumor__spearman.pdf"
"ph2","positive_control","CDK2","CCNE1","KICH_Tumor",0.44,"0.00025","ok","./gepia_pdfs/gepia_pdfs_ph2/ph2__positive_control__CDK2_vs_CCNE1__KICH_Tumor__spearman.pdf"
"ph2","positive_control","CDK2","CCNE1","KIRC_Tumor",0.28,"1.3e-10","ok","./gepia_pdfs/gepia_pdfs_ph2/ph2__positive_control__CDK2_vs_CCNE1__KIRC_Tumor__spearman.pdf"
"ph2","positive_control","CDK2","CCNE1","KIRP_Tumor",0.27,"5.4e-06","ok","./gepia_pdfs/gepia_pdfs_ph2/ph2__positive_control__CDK2_vs_CCNE1__KIRP_Tumor__spearman.pdf"
"ph2","positive_control","CDK2","CCNE1","LAML_Tumor",0.29,"8.4e-05","ok","./gepia_pdfs/gepia_pdfs_ph2/ph2__positive_control__CDK2_vs_CCNE1__LAML_Tumor__spearman.pdf"
"ph2","positive_control","CDK2","CCNE1","LGG_Tumor",0.35,"4.4e-16","ok","./gepia_pdfs/gepia_pdfs_ph2/ph2__positive_control__CDK2_vs_CCNE1__LGG_Tumor__spearman.pdf"
"ph2","positive_control","CDK2","CCNE1","LIHC_Tumor",0.55,"2e-30","ok","./gepia_pdfs/gepia_pdfs_ph2/ph2__positive_control__CDK2_vs_CCNE1__LIHC_Tumor__spearman.pdf"
"ph2","positive_control","CDK2","CCNE1","LUAD_Tumor",0.6,"1.4e-47","ok","./gepia_pdfs/gepia_pdfs_ph2/ph2__positive_control__CDK2_vs_CCNE1__LUAD_Tumor__spearman.pdf"
"ph2","positive_control","CDK2","CCNE1","LUSC_Tumor",0.33,"1.2e-13","ok","./gepia_pdfs/gepia_pdfs_ph2/ph2__positive_control__CDK2_vs_CCNE1__LUSC_Tumor__spearman.pdf"
"ph2","positive_control","CDK2","CCNE1","MESO_Tumor",0.27,"0.011","ok","./gepia_pdfs/gepia_pdfs_ph2/ph2__positive_control__CDK2_vs_CCNE1__MESO_Tumor__spearman.pdf"
"ph2","positive_control","CDK2","CCNE1","OV_Tumor",0.3,"4.1e-10","ok","./gepia_pdfs/gepia_pdfs_ph2/ph2__positive_control__CDK2_vs_CCNE1__OV_Tumor__spearman.pdf"
"ph2","positive_control","CDK2","CCNE1","PAAD_Tumor",0.33,"8.5e-06","ok","./gepia_pdfs/gepia_pdfs_ph2/ph2__positive_control__CDK2_vs_CCNE1__PAAD_Tumor__spearman.pdf"
"ph2","positive_control","CDK2","CCNE1","PCPG_Tumor",0.16,"0.028","ok","./gepia_pdfs/gepia_pdfs_ph2/ph2__positive_control__CDK2_vs_CCNE1__PCPG_Tumor__spearman.pdf"
"ph2","positive_control","CDK2","CCNE1","PRAD_Tumor",0.18,"4.6e-05","ok","./gepia_pdfs/gepia_pdfs_ph2/ph2__positive_control__CDK2_vs_CCNE1__PRAD_Tumor__spearman.pdf"
"ph2","positive_control","CDK2","CCNE1","READ_Tumor",0.52,"1.4e-07","ok","./gepia_pdfs/gepia_pdfs_ph2/ph2__positive_control__CDK2_vs_CCNE1__READ_Tumor__spearman.pdf"
"ph2","positive_control","CDK2","CCNE1","SARC_Tumor",0.54,"3e-21","ok","./gepia_pdfs/gepia_pdfs_ph2/ph2__positive_control__CDK2_vs_CCNE1__SARC_Tumor__spearman.pdf"
"ph2","positive_control","CDK2","CCNE1","SKCM_Tumor",0.18,"0.00015","ok","./gepia_pdfs/gepia_pdfs_ph2/ph2__positive_control__CDK2_vs_CCNE1__SKCM_Tumor__spearman.pdf"
"ph2","positive_control","CDK2","CCNE1","STAD_Tumor",0.55,"1.4e-33","ok","./gepia_pdfs/gepia_pdfs_ph2/ph2__positive_control__CDK2_vs_CCNE1__STAD_Tumor__spearman.pdf"
"ph2","positive_control","CDK2","CCNE1","TGCT_Tumor",-0.064,"0.45","ok","./gepia_pdfs/gepia_pdfs_ph2/ph2__positive_control__CDK2_vs_CCNE1__TGCT_Tumor__spearman.pdf"
"ph2","positive_control","CDK2","CCNE1","THCA_Tumor",0.38,"1.2e-18","ok","./gepia_pdfs/gepia_pdfs_ph2/ph2__positive_control__CDK2_vs_CCNE1__THCA_Tumor__spearman.pdf"
"ph2","positive_control","CDK2","CCNE1","THYM_Tumor",0.46,"1.6e-07","ok","./gepia_pdfs/gepia_pdfs_ph2/ph2__positive_control__CDK2_vs_CCNE1__THYM_Tumor__spearman.pdf"
"ph2","positive_control","CDK2","CCNE1","UCEC_Tumor",0.27,"0.00033","ok","./gepia_pdfs/gepia_pdfs_ph2/ph2__positive_control__CDK2_vs_CCNE1__UCEC_Tumor__spearman.pdf"
"ph2","positive_control","CDK2","CCNE1","UCS_Tumor",0.039,"0.77","ok","./gepia_pdfs/gepia_pdfs_ph2/ph2__positive_control__CDK2_vs_CCNE1__UCS_Tumor__spearman.pdf"
"ph2","positive_control","CDK2","CCNE1","UVM_Tumor",0.05,"0.66","ok","./gepia_pdfs/gepia_pdfs_ph2/ph2__positive_control__CDK2_vs_CCNE1__UVM_Tumor__spearman.pdf"
"ph2","positive_control","E2F1","CCNE1","ACC_Tumor",0.55,"2.5e-07","ok","./gepia_pdfs/gepia_pdfs_ph2/ph2__positive_control__E2F1_vs_CCNE1__ACC_Tumor__spearman.pdf"
"ph2","positive_control","E2F1","CCNE1","BLCA_Tumor",0.63,"6e-47","ok","./gepia_pdfs/gepia_pdfs_ph2/ph2__positive_control__E2F1_vs_CCNE1__BLCA_Tumor__spearman.pdf"
"ph2","positive_control","E2F1","CCNE1","BRCA_Tumor",0.67,"1.9e-143","ok","./gepia_pdfs/gepia_pdfs_ph2/ph2__positive_control__E2F1_vs_CCNE1__BRCA_Tumor__spearman.pdf"
"ph2","positive_control","E2F1","CCNE1","CESC_Tumor",0.28,"7.4e-07","ok","./gepia_pdfs/gepia_pdfs_ph2/ph2__positive_control__E2F1_vs_CCNE1__CESC_Tumor__spearman.pdf"
"ph2","positive_control","E2F1","CCNE1","CHOL_Tumor",0.69,"3.4e-06","ok","./gepia_pdfs/gepia_pdfs_ph2/ph2__positive_control__E2F1_vs_CCNE1__CHOL_Tumor__spearman.pdf"
"ph2","positive_control","E2F1","CCNE1","COAD_Tumor",0.58,"1e-25","ok","./gepia_pdfs/gepia_pdfs_ph2/ph2__positive_control__E2F1_vs_CCNE1__COAD_Tumor__spearman.pdf"
"ph2","positive_control","E2F1","CCNE1","DLBC_Tumor",0.51,"0.00035","ok","./gepia_pdfs/gepia_pdfs_ph2/ph2__positive_control__E2F1_vs_CCNE1__DLBC_Tumor__spearman.pdf"
"ph2","positive_control","E2F1","CCNE1","ESCA_Tumor",0.38,"1.2e-07","ok","./gepia_pdfs/gepia_pdfs_ph2/ph2__positive_control__E2F1_vs_CCNE1__ESCA_Tumor__spearman.pdf"
"ph2","positive_control","E2F1","CCNE1","GBM_Tumor",0.74,"1.2e-29","ok","./gepia_pdfs/gepia_pdfs_ph2/ph2__positive_control__E2F1_vs_CCNE1__GBM_Tumor__spearman.pdf"
"ph2","positive_control","E2F1","CCNE1","HNSC_Tumor",0.34,"3.9e-15","ok","./gepia_pdfs/gepia_pdfs_ph2/ph2__positive_control__E2F1_vs_CCNE1__HNSC_Tumor__spearman.pdf"
"ph2","positive_control","E2F1","CCNE1","KICH_Tumor",0.54,"2.4e-06","ok","./gepia_pdfs/gepia_pdfs_ph2/ph2__positive_control__E2F1_vs_CCNE1__KICH_Tumor__spearman.pdf"
"ph2","positive_control","E2F1","CCNE1","KIRC_Tumor",0.58,"5.7e-48","ok","./gepia_pdfs/gepia_pdfs_ph2/ph2__positive_control__E2F1_vs_CCNE1__KIRC_Tumor__spearman.pdf"
"ph2","positive_control","E2F1","CCNE1","KIRP_Tumor",0.61,"1.3e-30","ok","./gepia_pdfs/gepia_pdfs_ph2/ph2__positive_control__E2F1_vs_CCNE1__KIRP_Tumor__spearman.pdf"
"ph2","positive_control","E2F1","CCNE1","LAML_Tumor",0.45,"7.4e-10","ok","./gepia_pdfs/gepia_pdfs_ph2/ph2__positive_control__E2F1_vs_CCNE1__LAML_Tumor__spearman.pdf"
"ph2","positive_control","E2F1","CCNE1","LGG_Tumor",0.51,"1.7e-35","ok","./gepia_pdfs/gepia_pdfs_ph2/ph2__positive_control__E2F1_vs_CCNE1__LGG_Tumor__spearman.pdf"
"ph2","positive_control","E2F1","CCNE1","LIHC_Tumor",0.74,"4.4e-65","ok","./gepia_pdfs/gepia_pdfs_ph2/ph2__positive_control__E2F1_vs_CCNE1__LIHC_Tumor__spearman.pdf"
"ph2","positive_control","E2F1","CCNE1","LUAD_Tumor",0.7,"5.4e-71","ok","./gepia_pdfs/gepia_pdfs_ph2/ph2__positive_control__E2F1_vs_CCNE1__LUAD_Tumor__spearman.pdf"
"ph2","positive_control","E2F1","CCNE1","LUSC_Tumor",0.55,"7.4e-40","ok","./gepia_pdfs/gepia_pdfs_ph2/ph2__positive_control__E2F1_vs_CCNE1__LUSC_Tumor__spearman.pdf"
"ph2","positive_control","E2F1","CCNE1","MESO_Tumor",0.69,"2.1e-13","ok","./gepia_pdfs/gepia_pdfs_ph2/ph2__positive_control__E2F1_vs_CCNE1__MESO_Tumor__spearman.pdf"
"ph2","positive_control","E2F1","CCNE1","OV_Tumor",0.52,"3.5e-31","ok","./gepia_pdfs/gepia_pdfs_ph2/ph2__positive_control__E2F1_vs_CCNE1__OV_Tumor__spearman.pdf"
"ph2","positive_control","E2F1","CCNE1","PAAD_Tumor",0.65,"5.5e-23","ok","./gepia_pdfs/gepia_pdfs_ph2/ph2__positive_control__E2F1_vs_CCNE1__PAAD_Tumor__spearman.pdf"
"ph2","positive_control","E2F1","CCNE1","PCPG_Tumor",0.38,"1.3e-07","ok","./gepia_pdfs/gepia_pdfs_ph2/ph2__positive_control__E2F1_vs_CCNE1__PCPG_Tumor__spearman.pdf"
"ph2","positive_control","E2F1","CCNE1","PRAD_Tumor",0.52,"4.9e-36","ok","./gepia_pdfs/gepia_pdfs_ph2/ph2__positive_control__E2F1_vs_CCNE1__PRAD_Tumor__spearman.pdf"
"ph2","positive_control","E2F1","CCNE1","READ_Tumor",0.63,"2.3e-11","ok","./gepia_pdfs/gepia_pdfs_ph2/ph2__positive_control__E2F1_vs_CCNE1__READ_Tumor__spearman.pdf"
"ph2","positive_control","E2F1","CCNE1","SARC_Tumor",0.65,"2.1e-32","ok","./gepia_pdfs/gepia_pdfs_ph2/ph2__positive_control__E2F1_vs_CCNE1__SARC_Tumor__spearman.pdf"
"ph2","positive_control","E2F1","CCNE1","SKCM_Tumor",0.4,"1.1e-18","ok","./gepia_pdfs/gepia_pdfs_ph2/ph2__positive_control__E2F1_vs_CCNE1__SKCM_Tumor__spearman.pdf"
"ph2","positive_control","E2F1","CCNE1","STAD_Tumor",0.57,"1.3e-36","ok","./gepia_pdfs/gepia_pdfs_ph2/ph2__positive_control__E2F1_vs_CCNE1__STAD_Tumor__spearman.pdf"
"ph2","positive_control","E2F1","CCNE1","TGCT_Tumor",0.15,"0.078","ok","./gepia_pdfs/gepia_pdfs_ph2/ph2__positive_control__E2F1_vs_CCNE1__TGCT_Tumor__spearman.pdf"
"ph2","positive_control","E2F1","CCNE1","THCA_Tumor",0.46,"5.2e-28","ok","./gepia_pdfs/gepia_pdfs_ph2/ph2__positive_control__E2F1_vs_CCNE1__THCA_Tumor__spearman.pdf"
"ph2","positive_control","E2F1","CCNE1","THYM_Tumor",0.49,"2.2e-08","ok","./gepia_pdfs/gepia_pdfs_ph2/ph2__positive_control__E2F1_vs_CCNE1__THYM_Tumor__spearman.pdf"
"ph2","positive_control","E2F1","CCNE1","UCEC_Tumor",0.63,"1.7e-20","ok","./gepia_pdfs/gepia_pdfs_ph2/ph2__positive_control__E2F1_vs_CCNE1__UCEC_Tumor__spearman.pdf"
"ph2","positive_control","E2F1","CCNE1","UCS_Tumor",0.15,"0.27","ok","./gepia_pdfs/gepia_pdfs_ph2/ph2__positive_control__E2F1_vs_CCNE1__UCS_Tumor__spearman.pdf"
"ph2","positive_control","E2F1","CCNE1","UVM_Tumor",0.26,"0.02","ok","./gepia_pdfs/gepia_pdfs_ph2/ph2__positive_control__E2F1_vs_CCNE1__UVM_Tumor__spearman.pdf"
